Workbook

Sheet 選手
B1: チーム | C1: No. | D1: 氏名 | E1: 性別
B2: 春日井A | C2: 1 | D2: 峯 徹 | E2: 男
B3: 春日井A | C3: =C2+1 -> 2 | D3: 伊藤 恭浩 | E3: 男
B4: 春日井A | C4: =C3+1 -> 3 | D4: 大嶋 啓嗣 | E4: 男
B5: 春日井A | C5: =C4+1 -> 4 | D5: 田井 泰 | E5: 男
B6: 春日井B | C6: =C5+1 -> 5 | D6: 佃 弘美 | E6: 女
B7: 春日井B | C7: =C6+1 -> 6 | D7: 渡會 あすか | E7: 女
B8: 春日井B | C8: =C7+1 -> 7 | D8: 片桐 志保 | E8: 女
B9: 春日井B | C9: =C8+1 -> 8 | D9: 伊藤 洋子 | E9: 女
B10: 豊明A | C10: =C9+1 -> 9 | D10: 近藤 雄介 | E10: 男
B11: 豊明A | C11: =C10+1 -> 10 | D11: 近藤 治 | E11: 男
B12: 豊明A | C12: =C11+1 -> 11 | D12: 外山 康彦 | E12: 男
B13: 豊明A | C13: =C12+1 -> 12 | D13: 榊原 隆一 | E13: 男
B14: 豊明B | C14: =C13+1 -> 13 | D14: 堀井 恵美子 | E14: 女
... B61: 瀬戸B | C61: =C60+1 -> 60 | D61: 原 由美子 | E61: 女
B62: ダミーA | C62: =C61+1 -> 61
C63: =C62+1 -> 62
C64: =C63+1 -> 63
C65: =C64+1 -> 64

Sheet 記録
B2: =選手!B22 -> 日進B | F2: =選手!B18 -> 日進A | J2: =選手!B14 -> 豊明B | N2: =選手!B10 -> 豊明A | R2: =選手!B6 -> 春日井B | V2: =選手!B2 -> 春日井A | Z2: チーム
B3: =SUM(B5:E5) -> 17 | F3: =SUM(F5:I5) -> 15 | J3: =SUM(J5:M5) -> 14 | N3: =SUM(N5:Q5) -> 12 | R3: =SUM(R5:U5) -> 15 | V3: =SUM(V5:Y5) -> 21 | Z3: チーム合計
B4: =B5+0.1+(IF(B15="〇",1,0)*0.01)+(IF(B14="〇",1,0)*0.001)+(IF(B13="〇",1,0)*0.0001)+(IF(B12="〇",1,0)*0.00001)+(IF(B10="〇",1,0)*0.000001)+(IF(B9="〇",1,0)*0.0000001)+(IF(B8="〇",1,0)*0.00000001)+(IF(B7="〇",1,0)*0.000000001) -> 6.101111 | C4: =C5+0.1+(IF(C15="〇",1,0)*0.01)+(IF(C14="〇",1,0)*0.001)+(IF(C13="〇",1,0)*0.0001)+(IF(C12="〇",1,0)*0.00001)+(IF(C10="〇",1,0)*0.000001)+(IF(C9="〇",1,0)*0.0000001)+(IF(C8="〇",1,0)*0.00000001)+(IF(C7="〇",1,0)*0.000000001) -> 3.101 | D4: =D5+0.1+(IF(D15="〇",1,0)*0.01)+(IF(D14="〇",1,0)*0.001)+(IF(D13="〇",1,0)*0.0001)+(IF(D12="〇",1,0)*0.00001)+(IF(D10="〇",1,0)*0.000001)+(IF(D9="〇",1,0)*0.0000001)+(IF(D8="〇",1,0)*0.00000001)+(IF(D7="〇",1,0)*0.000000001) -> 4.1101011 | E4: =E5+0.1+(IF(E15="〇",1,0)*0.01)+(IF(E14="〇",1,0)*0.001)+(IF(E13="〇",1,0)*0.0001)+(IF(E12="〇",1,0)*0.00001)+(IF(E10="〇",1,0)*0.000001)+(IF(E9="〇",1,0)*0.0000001)+(IF(E8="〇",1,0)*0.00000001)+(IF(E7="〇",1,0)*0.000000001) -> 4.1100101 | F4: =F5+0.1+(IF(F15="〇",1,0)*0.01)+(IF(F14="〇",1,0)*0.001)+(IF(F13="〇",1,0)*0.0001)+(IF(F12="〇",1,0)*0.00001)+(IF(F10="〇",1,0)*0.000001)+(IF(F9="〇",1,0)*0.0000001)+(IF(F8="〇",1,0)*0.00000001)+(IF(F7="〇",1,0)*0.000000001) -> 5.1101011 | G4: =G5+0.1+(IF(G15="〇",1,0)*0.01)+(IF(G14="〇",1,0)*0.001)+(IF(G13="〇",1,0)*0.0001)+(IF(G12="〇",1,0)*0.00001)+(IF(G10="〇",1,0)*0.000001)+(IF(G9="〇",1,0)*0.0000001)+(IF(G8="〇",1,0)*0.00000001)+(IF(G7="〇",1,0)*0.000000001) -> 3.11001 | H4: =H5+0.1+(IF(H15="〇",1,0)*0.01)+(IF(H14="〇",1,0)*0.001)+(IF(H13="〇",1,0)*0.0001)+(IF(H12="〇",1,0)*0.00001)+(IF(H10="〇",1,0)*0.000001)+(IF(H9="〇",1,0)*0.0000001)+(IF(H8="〇",1,0)*0.00000001)+(IF(H7="〇",1,0)*0.000000001) -> 3.100101 | I4: =I5+0.1+(IF(I15="〇",1,0)*0.01)+(IF(I14="〇",1,0)*0.001)+(IF(I13="〇",1,0)*0.0001)+(IF(I12="〇",1,0)*0.00001)+(IF(I10="〇",1,0)*0.000001)+(IF(I9="〇",1,0)*0.0000001)+(IF(I8="〇",1,0)*0.00000001)+(IF(I7="〇",1,0)*0.000000001) -> 4.1001011 | ... Y4: =Y5+0.1+(IF(Y15="〇",1,0)*0.01)+(IF(Y14="〇",1,0)*0.001)+(IF(Y13="〇",1,0)*0.0001)+(IF(Y12="〇",1,0)*0.00001)+(IF(Y10="〇",1,0)*0.000001)+(IF(Y9="〇",1,0)*0.0000001)+(IF(Y8="〇",1,0)*0.00000001)+(IF(Y7="〇",1,0)*0.000000001) -> 5.101101 | Z4: 個人順位用
B5: =B6+B11 -> 6 | C5: =C6+C11 -> 3 | D5: =D6+D11 -> 4 | E5: =E6+E11 -> 4 | F5: =F6+F11 -> 5 | G5: =G6+G11 -> 3 | H5: =H6+H11 -> 3 | I5: =I6+I11 -> 4 | ... Y5: =Y6+Y11 -> 5 | Z5: 個人合計
B6: =COUNTIF(B7:B10,"〇") -> 3 | C6: =COUNTIF(C7:C10,"〇") -> 2 | D6: =COUNTIF(D7:D10,"〇") -> 2 | E6: =COUNTIF(E7:E10,"〇") -> 2 | F6: =COUNTIF(F7:F10,"〇") -> 3 | G6: =COUNTIF(G7:G10,"〇") -> 1 | H6: =COUNTIF(H7:H10,"〇") -> 2 | I6: =COUNTIF(I7:I10,"〇") -> 3 | ... Y6: =COUNTIF(Y7:Y10,"〇") -> 3 | Z6: 2立目 合計
B7: 〇 | C7: 〇 | G7: 〇 | I7: 〇 | K7: 〇 | M7: 〇 | N7: 〇 | O7: 〇 | Q7: 〇 | R7: 〇 | S7: 〇 | V7: 〇 | X7: 〇 | Y7: 〇 | Z7: 4射
B8: 〇 | C8: 〇 | E8: 〇 | F8: 〇 | H8: 〇 | J8: 〇 | L8: 〇 | R8: 〇 | S8: 〇 | U8: 〇 | V8: 〇 | W8: 〇 | X8: 〇 | Y8: 〇 | Z8: 3射
D9: 〇 | E9: 〇 | F9: 〇 | I9: 〇 | K9: 〇 | M9: 〇 | P9: 〇 | S9: 〇 | T9: 〇 | U9: 〇 | V9: 〇 | X9: 〇 | Y9: × | Z9: 2射
B10: 〇 | D10: 〇 | F10: 〇 | H10: 〇 | I10: 〇 | K10: 〇 | N10: 〇 | O10: 〇 | V10: 〇 | Y10: 〇 | Z10: 1射
B11: =COUNTIF(B12:B15,"〇") -> 3 | C11: =COUNTIF(C12:C15,"〇") -> 1 | D11: =COUNTIF(D12:D15,"〇") -> 2 | E11: =COUNTIF(E12:E15,"〇") -> 2 | F11: =COUNTIF(F12:F15,"〇") -> 2 | G11: =COUNTIF(G12:G15,"〇") -> 2 | H11: =COUNTIF(H12:H15,"〇") -> 1 | I11: =COUNTIF(I12:I15,"〇") -> 1 | ... Y11: =COUNTIF(Y12:Y15,"〇") -> 2 | Z11: 1立目 合計
B12: 〇 | E12: 〇 | G12: 〇 | L12: 〇 | M12: 〇 | P12: 〇 | S12: 〇 | U12: 〇 | W12: 〇 | X12: 〇 | Z12: 4射
B13: 〇 | D13: 〇 | F13: 〇 | H13: 〇 | I13: 〇 | J13: 〇 | K13: 〇 | N13: 〇 | R13: 〇 | T13: 〇 | V13: 〇 | X13: 〇 | Y13: 〇 | Z13: 3射
B14: 〇 | C14: 〇 | K14: 〇 | L14: 〇 | P14: 〇 | Q14: 〇 | U14: 〇 | V14: 〇 | W14: 〇 | X14: 〇 | Y14: 〇 | Z14: 2射
D15: 〇 | E15: 〇 | F15: 〇 | G15: 〇 | M15: 〇 | O15: 〇 | Q15: 〇 | R15: 〇 | S15: 〇 | V15: 〇 | Z15: 1射
B16: =IF(選手!C25<>"",選手!C25,"") -> 24 | C16: =IF(選手!C24<>"",選手!C24,"") -> 23 | D16: =IF(選手!C23<>"",選手!C23,"") -> 22 | E16: =IF(選手!C22<>"",選手!C22,"") -> 21 | F16: =IF(選手!C21<>"",選手!C21,"") -> 20 | G16: =IF(選手!C20<>"",選手!C20,"") -> 19 | H16: =IF(選手!C19<>"",選手!C19,"") -> 18 | I16: =IF(選手!C18<>"",選手!C18,"") -> 17 | J16: =IF(選手!C17<>"",選手!C17,"") -> 16 | K16: =IF(選手!C16<>"",選手!C16,"") -> 15 | L16: =IF(選手!C15<>"",選手!C15,"") -> 14 | M16: =IF(選手!C14<>"",選手!C14,"") -> 13 | N16: =IF(選手!C13<>"",選手!C13,"") -> 12 | O16: =IF(選手!C12<>"",選手!C12,"") -> 11 | P16: =IF(選手!C11<>"",選手!C11,"") -> 10 | Q16: =IF(選手!C10<>"",選手!C10,"") -> 9 | R16: =IF(選手!C9<>"",選手!C9,"") -> 8 | S16: =IF(選手!C8<>"",選手!C8,"") -> 7 | T16: =IF(選手!C7<>"",選手!C7,"") -> 6 | U16: =IF(選手!C6<>"",選手!C6,"") -> 5 | V16: =IF(選手!C5<>"",選手!C5,"") -> 4 | W16: =IF(選手!C4<>"",選手!C4,"") -> 3 | X16: =IF(選手!C3<>"",選手!C3,"") -> 2 | Y16: =IF(選手!C2<>"",選手!C2,"") -> 1 | Z16: No.
B17: =IF(選手!E25<>"",選手!E25,"") -> 女 | C17: =IF(選手!E24<>"",選手!E24,"") -> 女 | D17: =IF(選手!E23<>"",選手!E23,"") -> 女 | E17: =IF(選手!E22<>"",選手!E22,"") -> 女 | F17: =IF(選手!E21<>"",選手!E21,"") -> 男 | G17: =IF(選手!E20<>"",選手!E20,"") -> 男 | H17: =IF(選手!E19<>"",選手!E19,"") -> 男 | I17: =IF(選手!E18<>"",選手!E18,"") -> 男 | J17: =IF(選手!E17<>"",選手!E17,"") -> 女 | K17: =IF(選手!E16<>"",選手!E16,"") -> 女 | L17: =IF(選手!E15<>"",選手!E15,"") -> 女 | M17: =IF(選手!E14<>"",選手!E14,"") -> 女 | N17: =IF(選手!E13<>"",選手!E13,"") -> 男 | O17: =IF(選手!E12<>"",選手!E12,"") -> 男 | P17: =IF(選手!E11<>"",選手!E11,"") -> 男 | Q17: =IF(選手!E10<>"",選手!E10,"") -> 男 | R17: =IF(選手!E9<>"",選手!E9,"") -> 女 | S17: =IF(選手!E8<>"",選手!E8,"") -> 女 | T17: =IF(選手!E7<>"",選手!E7,"") -> 女 | U17: =IF(選手!E6<>"",選手!E6,"") -> 女 | V17: =IF(選手!E5<>"",選手!E5,"") -> 男 | W17: =IF(選手!E4<>"",選手!E4,"") -> 男 | X17: =IF(選手!E3<>"",選手!E3,"") -> 男 | Y17: =IF(選手!E2<>"",選手!E2,"") -> 男 | Z17: 性別
B18: =IF(選手!D25<>"",選手!D25,"") -> 谷口 洋子 | C18: =IF(選手!D24<>"",選手!D24,"") -> 入江 美讃 | D18: =IF(選手!D23<>"",選手!D23,"") -> 越後 奈緒美 | E18: =IF(選手!D22<>"",選手!D22,"") -> 後藤 徳子 | F18: =IF(選手!D21<>"",選手!D21,"") -> 志手 俊二 | G18: =IF(選手!D20<>"",選手!D20,"") -> 谷田 直樹 | H18: =IF(選手!D19<>"",選手!D19,"") -> 笠井 大督 | I18: =IF(選手!D18<>"",選手!D18,"") -> 新美 友治 | J18: =IF(選手!D17<>"",選手!D17,"") -> 谷口 祥子 | K18: =IF(選手!D16<>"",選手!D16,"") -> 樋田 良子 | L18: =IF(選手!D15<>"",選手!D15,"") -> 深見 裕子 | M18: =IF(選手!D14<>"",選手!D14,"") -> 堀井 恵美子 | N18: =IF(選手!D13<>"",選手!D13,"") -> 榊原 隆一 | O18: =IF(選手!D12<>"",選手!D12,"") -> 外山 康彦 | P18: =IF(選手!D11<>"",選手!D11,"") -> 近藤 治 | Q18: =IF(選手!D10<>"",選手!D10,"") -> 近藤 雄介 | R18: =IF(選手!D9<>"",選手!D9,"") -> 伊藤 洋子 | S18: =IF(選手!D8<>"",選手!D8,"") -> 片桐 志保 | T18: =IF(選手!D7<>"",選手!D7,"") -> 渡會 あすか | U18: =IF(選手!D6<>"",選手!D6,"") -> 佃 弘美 | V18: =IF(選手!D5<>"",選手!D5,"") -> 田井 泰 | W18: =IF(選手!D4<>"",選手!D4,"") -> 大嶋 啓嗣 | X18: =IF(選手!D3<>"",選手!D3,"") -> 伊藤 恭浩 | Y18: =IF(選手!D2<>"",選手!D2,"") -> 峯 徹 | Z18: 氏 名
J20: =選手!B38 -> 尾張旭B | N20: =選手!B34 -> 尾張旭A | R20: =選手!B30 -> 長久手B | V20: =選手!B26 -> 長久手A | Z20: チーム
J21: =SUM(J23:M23) -> 10 | N21: =SUM(N23:Q23) -> 17 | R21: =SUM(R23:U23) -> 16 | V21: =SUM(V23:Y23) -> 20 | Z21: チーム合計
J22: =J23+0.1+(IF(J33="〇",1,0)*0.01)+(IF(J32="〇",1,0)*0.001)+(IF(J31="〇",1,0)*0.0001)+(IF(J30="〇",1,0)*0.00001)+(IF(J28="〇",1,0)*0.000001)+(IF(J27="〇",1,0)*0.0000001)+(IF(J26="〇",1,0)*0.00000001)+(IF(J25="〇",1,0)*0.000000001) -> 2.11001 | K22: =K23+0.1+(IF(K33="〇",1,0)*0.01)+(IF(K32="〇",1,0)*0.001)+(IF(K31="〇",1,0)*0.0001)+(IF(K30="〇",1,0)*0.00001)+(IF(K28="〇",1,0)*0.000001)+(IF(K27="〇",1,0)*0.0000001)+(IF(K26="〇",1,0)*0.00000001)+(IF(K25="〇",1,0)*0.000000001) -> 3.1010101 | L22: =L23+0.1+(IF(L33="〇",1,0)*0.01)+(IF(L32="〇",1,0)*0.001)+(IF(L31="〇",1,0)*0.0001)+(IF(L30="〇",1,0)*0.00001)+(IF(L28="〇",1,0)*0.000001)+(IF(L27="〇",1,0)*0.0000001)+(IF(L26="〇",1,0)*0.00000001)+(IF(L25="〇",1,0)*0.000000001) -> 3.1101 | M22: =M23+0.1+(IF(M33="〇",1,0)*0.01)+(IF(M32="〇",1,0)*0.001)+(IF(M31="〇",1,0)*0.0001)+(IF(M30="〇",1,0)*0.00001)+(IF(M28="〇",1,0)*0.000001)+(IF(M27="〇",1,0)*0.0000001)+(IF(M26="〇",1,0)*0.00000001)+(IF(M25="〇",1,0)*0.000000001) -> 2.1011 | N22: =N23+0.1+(IF(N33="〇",1,0)*0.01)+(IF(N32="〇",1,0)*0.001)+(IF(N31="〇",1,0)*0.0001)+(IF(N30="〇",1,0)*0.00001)+(IF(N28="〇",1,0)*0.000001)+(IF(N27="〇",1,0)*0.0000001)+(IF(N26="〇",1,0)*0.00000001)+(IF(N25="〇",1,0)*0.000000001) -> 4.1011001 | O22: =O23+0.1+(IF(O33="〇",1,0)*0.01)+(IF(O32="〇",1,0)*0.001)+(IF(O31="〇",1,0)*0.0001)+(IF(O30="〇",1,0)*0.00001)+(IF(O28="〇",1,0)*0.000001)+(IF(O27="〇",1,0)*0.0000001)+(IF(O26="〇",1,0)*0.00000001)+(IF(O25="〇",1,0)*0.000000001) -> 4.1100101 | P22: =P23+0.1+(IF(P33="〇",1,0)*0.01)+(IF(P32="〇",1,0)*0.001)+(IF(P31="〇",1,0)*0.0001)+(IF(P30="〇",1,0)*0.00001)+(IF(P28="〇",1,0)*0.000001)+(IF(P27="〇",1,0)*0.0000001)+(IF(P26="〇",1,0)*0.00000001)+(IF(P25="〇",1,0)*0.000000001) -> 4.101101 | Q22: =Q23+0.1+(IF(Q33="〇",1,0)*0.01)+(IF(Q32="〇",1,0)*0.001)+(IF(Q31="〇",1,0)*0.0001)+(IF(Q30="〇",1,0)*0.00001)+(IF(Q28="〇",1,0)*0.000001)+(IF(Q27="〇",1,0)*0.0000001)+(IF(Q26="〇",1,0)*0.00000001)+(IF(Q25="〇",1,0)*0.000000001) -> 5.101111 | ... Y22: =Y23+0.1+(IF(Y33="〇",1,0)*0.01)+(IF(Y32="〇",1,0)*0.001)+(IF(Y31="〇",1,0)*0.0001)+(IF(Y30="〇",1,0)*0.00001)+(IF(Y28="〇",1,0)*0.000001)+(IF(Y27="〇",1,0)*0.0000001)+(IF(Y26="〇",1,0)*0.00000001)+(IF(Y25="〇",1,0)*0.000000001) -> 5.11011 | Z22: 個人順位用
J23: =J24+J29 -> 2 | K23: =K24+K29 -> 3 | L23: =L24+L29 -> 3 | M23: =M24+M29 -> 2 | N23: =N24+N29 -> 4 | O23: =O24+O29 -> 4 | P23: =P24+P29 -> 4 | Q23: =Q24+Q29 -> 5 | ... Y23: =Y24+Y29 -> 5 | Z23: 個人合計
K24: =COUNTIF(K25:K28,"〇") -> 1 | L24: =COUNTIF(L25:L28,"〇") -> 1 | M24: =COUNTIF(M25:M28,"〇") -> 0 | N24: =COUNTIF(N25:N28,"〇") -> 2 | O24: =COUNTIF(O25:O28,"〇") -> 2 | P24: =COUNTIF(P25:P28,"〇") -> 2 | Q24: =COUNTIF(Q25:Q28,"〇") -> 2 | R24: =COUNTIF(R25:R28,"〇") -> 4 | ... Y24: =COUNTIF(Y25:Y28,"〇") -> 2 | Z24: 2立目 合計
N25: 〇 | Q25: 〇 | R25: 〇 | T25: 〇 | W25: 〇 | Y25: 〇 | Z25: 4射
J26: 〇 | L26: 〇 | O26: 〇 | P26: 〇 | R26: 〇 | U26: 〇 | V26: 〇 | W26: 〇 | X26: 〇 | Y26: 〇 | Z26: 3射
K27: 〇 | N27: 〇 | O27: 〇 | R27: 〇 | T27: 〇 | V27: 〇 | W27: 〇 | Z27: 2射
P28: 〇 | Q28: 〇 | R28: 〇 | S28: 〇 | W28: 〇 | X28: 〇 | Z28: 1射
J29: =COUNTIF(J30:J33,"〇") -> 2 | K29: =COUNTIF(K30:K33,"〇") -> 2 | L29: =COUNTIF(L30:L33,"〇") -> 2 | M29: =COUNTIF(M30:M33,"〇") -> 2 | N29: =COUNTIF(N30:N33,"〇") -> 2 | O29: =COUNTIF(O30:O33,"〇") -> 2 | P29: =COUNTIF(P30:P33,"〇") -> 2 | Q29: =COUNTIF(Q30:Q33,"〇") -> 3 | ... Y29: =COUNTIF(Y30:Y33,"〇") -> 3 | Z29: 1立目 合計
J30: 〇 | K30: 〇 | O30: 〇 | Q30: 〇 | R30: 〇 | T30: 〇 | U30: 〇 | W30: 〇 | X30: 〇 | Y30: 〇 | Z30: 4射
L31: 〇 | M31: 〇 | N31: 〇 | P31: 〇 | Q31: 〇 | R31: 〇 | S31: 〇 | V31: 〇 | W31: 〇 | Y31: 〇 | Z31: 3射
K32: 〇 | M32: 〇 | N32: 〇 | P32: 〇 | Q32: 〇 | R32: 〇 | U32: 〇 | V32: 〇 | X32: 〇 | Z32: 2射
J33: 〇 | L33: 〇 | O33: 〇 | T33: 〇 | W33: 〇 | Y33: 〇 | Z33: 1射
J34: =IF(選手!C41<>"",選手!C41,"") -> 40 | K34: =IF(選手!C40<>"",選手!C40,"") -> 39 | L34: =IF(選手!C39<>"",選手!C39,"") -> 38 | M34: =IF(選手!C38<>"",選手!C38,"") -> 37 | N34: =IF(選手!C37<>"",選手!C37,"") -> 36 | O34: =IF(選手!C36<>"",選手!C36,"") -> 35 | P34: =IF(選手!C35<>"",選手!C35,"") -> 34 | Q34: =IF(選手!C34<>"",選手!C34,"") -> 33 | R34: =IF(選手!C33<>"",選手!C33,"") -> 32 | S34: =IF(選手!C32<>"",選手!C32,"") -> 31 | T34: =IF(選手!C31<>"",選手!C31,"") -> 30 | U34: =IF(選手!C30<>"",選手!C30,"") -> 29 | V34: =IF(選手!C29<>"",選手!C29,"") -> 28 | W34: =IF(選手!C28<>"",選手!C28,"") -> 27 | X34: =IF(選手!C27<>"",選手!C27,"") -> 26 | Y34: =IF(選手!C26<>"",選手!C26,"") -> 25 | Z34: No.
J35: =IF(選手!E41<>"",選手!E41,"") -> 女 | K35: =IF(選手!E40<>"",選手!E40,"") -> 女 | L35: =IF(選手!E39<>"",選手!E39,"") -> 女 | M35: =IF(選手!E38<>"",選手!E38,"") -> 女 | N35: =IF(選手!E37<>"",選手!E37,"") -> 男 | O35: =IF(選手!E36<>"",選手!E36,"") -> 男 | P35: =IF(選手!E35<>"",選手!E35,"") -> 男 | Q35: =IF(選手!E34<>"",選手!E34,"") -> 男 | R35: =IF(選手!E33<>"",選手!E33,"") -> 女 | S35: =IF(選手!E32<>"",選手!E32,"") -> 女 | T35: =IF(選手!E31<>"",選手!E31,"") -> 女 | U35: =IF(選手!E30<>"",選手!E30,"") -> 女 | V35: =IF(選手!E29<>"",選手!E29,"") -> 男 | W35: =IF(選手!E28<>"",選手!E28,"") -> 男 | X35: =IF(選手!E27<>"",選手!E27,"") -> 男 | Y35: =IF(選手!E26<>"",選手!E26,"") -> 男 | Z35: 性別
J36: =IF(選手!D41<>"",選手!D41,"") -> 加藤 康子 | K36: =IF(選手!D40<>"",選手!D40,"") -> 安達 初枝 | L36: =IF(選手!D39<>"",選手!D39,"") -> 北川 裕希子 | M36: =IF(選手!D38<>"",選手!D38,"") -> 田中 沙紀子 | N36: =IF(選手!D37<>"",選手!D37,"") -> 山田 英治 | O36: =IF(選手!D36<>"",選手!D36,"") -> 大竹 誠 | P36: =IF(選手!D35<>"",選手!D35,"") -> 角谷 昌紀 | Q36: =IF(選手!D34<>"",選手!D34,"") -> 西尾 雅司 | R36: =IF(選手!D33<>"",選手!D33,"") -> 野々垣 奈緒子 | S36: =IF(選手!D32<>"",選手!D32,"") -> 水野 三穂 | T36: =IF(選手!D31<>"",選手!D31,"") -> 上平 佳織 | U36: =IF(選手!D30<>"",選手!D30,"") -> 澤田 圭子 | V36: =IF(選手!D27<>"",選手!D27,"") -> 松永 安太郎 | W36: =IF(選手!D29<>"",選手!D29,"") -> 芝田 典久 | X36: =IF(選手!D28<>"",選手!D28,"") -> 山本 三郎 | Y36: =IF(選手!D26<>"",選手!D26,"") -> 葛西 裕文 | Z36: 氏 名
F38: =選手!B58 -> 瀬戸B | J38: =選手!B54 -> 瀬戸A | N38: =選手!B50 -> 愛知A | R38: =選手!B46 -> 西春日井B | V38: =選手!B42 -> 西春日井A | Z38: チーム
F39: =SUM(F41:I41) -> 15 | J39: =SUM(J41:M41) -> 14 | N39: =SUM(N41:Q41) -> 19 | R39: =SUM(R41:U41) -> 13 | V39: =SUM(V41:Y41) -> 7 | Z39: チーム合計
F40: =F41+0.1+(IF(F51="〇",1,0)*0.01)+(IF(F50="〇",1,0)*0.001)+(IF(F49="〇",1,0)*0.0001)+(IF(F48="〇",1,0)*0.00001)+(IF(F46="〇",1,0)*0.000001)+(IF(F45="〇",1,0)*0.0000001)+(IF(F44="〇",1,0)*0.00000001)+(IF(F43="〇",1,0)*0.000000001) -> 3.100101 | G40: =G41+0.1+(IF(G51="〇",1,0)*0.01)+(IF(G50="〇",1,0)*0.001)+(IF(G49="〇",1,0)*0.0001)+(IF(G48="〇",1,0)*0.00001)+(IF(G46="〇",1,0)*0.000001)+(IF(G45="〇",1,0)*0.0000001)+(IF(G44="〇",1,0)*0.00000001)+(IF(G43="〇",1,0)*0.000000001) -> 5.1110101 | H40: =H41+0.1+(IF(H51="〇",1,0)*0.01)+(IF(H50="〇",1,0)*0.001)+(IF(H49="〇",1,0)*0.0001)+(IF(H48="〇",1,0)*0.00001)+(IF(H46="〇",1,0)*0.000001)+(IF(H45="〇",1,0)*0.0000001)+(IF(H44="〇",1,0)*0.00000001)+(IF(H43="〇",1,0)*0.000000001) -> 4.1011001 | I40: =I41+0.1+(IF(I51="〇",1,0)*0.01)+(IF(I50="〇",1,0)*0.001)+(IF(I49="〇",1,0)*0.0001)+(IF(I48="〇",1,0)*0.00001)+(IF(I46="〇",1,0)*0.000001)+(IF(I45="〇",1,0)*0.0000001)+(IF(I44="〇",1,0)*0.00000001)+(IF(I43="〇",1,0)*0.000000001) -> 3.110001 | J40: =J41+0.1+(IF(J51="〇",1,0)*0.01)+(IF(J50="〇",1,0)*0.001)+(IF(J49="〇",1,0)*0.0001)+(IF(J48="〇",1,0)*0.00001)+(IF(J46="〇",1,0)*0.000001)+(IF(J45="〇",1,0)*0.0000001)+(IF(J44="〇",1,0)*0.00000001)+(IF(J43="〇",1,0)*0.000000001) -> 3.1001001 | K40: =K41+0.1+(IF(K51="〇",1,0)*0.01)+(IF(K50="〇",1,0)*0.001)+(IF(K49="〇",1,0)*0.0001)+(IF(K48="〇",1,0)*0.00001)+(IF(K46="〇",1,0)*0.000001)+(IF(K45="〇",1,0)*0.0000001)+(IF(K44="〇",1,0)*0.00000001)+(IF(K43="〇",1,0)*0.000000001) -> 3.10101 | L40: =L41+0.1+(IF(L51="〇",1,0)*0.01)+(IF(L50="〇",1,0)*0.001)+(IF(L49="〇",1,0)*0.0001)+(IF(L48="〇",1,0)*0.00001)+(IF(L46="〇",1,0)*0.000001)+(IF(L45="〇",1,0)*0.0000001)+(IF(L44="〇",1,0)*0.00000001)+(IF(L43="〇",1,0)*0.000000001) -> 6.1111011 | M40: =M41+0.1+(IF(M51="〇",1,0)*0.01)+(IF(M50="〇",1,0)*0.001)+(IF(M49="〇",1,0)*0.0001)+(IF(M48="〇",1,0)*0.00001)+(IF(M46="〇",1,0)*0.000001)+(IF(M45="〇",1,0)*0.0000001)+(IF(M44="〇",1,0)*0.00000001)+(IF(M43="〇",1,0)*0.000000001) -> 2.11 | ... Y40: =Y41+0.1+(IF(Y51="〇",1,0)*0.01)+(IF(Y50="〇",1,0)*0.001)+(IF(Y49="〇",1,0)*0.0001)+(IF(Y48="〇",1,0)*0.00001)+(IF(Y46="〇",1,0)*0.000001)+(IF(Y45="〇",1,0)*0.0000001)+(IF(Y44="〇",1,0)*0.00000001)+(IF(Y43="〇",1,0)*0.000000001) -> 2.1001 | Z40: 個人順位用
F41: =F42+F47 -> 3 | G41: =G42+G47 -> 5 | H41: =H42+H47 -> 4 | I41: =I42+I47 -> 3 | J41: =J42+J47 -> 3 | K41: =K42+K47 -> 3 | L41: =L42+L47 -> 6 | M41: =M42+M47 -> 2 | ... Y41: =Y42+Y47 -> 2 | Z41: 個人合計
F42: =COUNTIF(F43:F46,"〇") -> 2 | G42: =COUNTIF(G43:G46,"〇") -> 2 | H42: =COUNTIF(H43:H46,"〇") -> 2 | I42: =COUNTIF(I43:I46,"〇") -> 2 | J42: =COUNTIF(J43:J46,"〇") -> 2 | K42: =COUNTIF(K43:K46,"〇") -> 1 | L42: =COUNTIF(L43:L46,"〇") -> 3 | M42: =COUNTIF(M43:M46,"〇") -> 1 | ... Y42: =COUNTIF(Y43:Y46,"〇") -> 1 | Z42: 2立目 合計
F43: 〇 | I43: 〇 | J43: 〇 | M43: 〇 | N43: 〇 | O43: 〇 | S43: 〇 | U43: 〇 | Y43: 〇 | Z43: 4射
G44: 〇 | H44: 〇 | K44: 〇 | L44: 〇 | N44: 〇 | P44: 〇 | R44: 〇 | T44: 〇 | U44: 〇 | V44: 〇 | Z44: 3射
G45: 〇 | H45: 〇 | J45: 〇 | L45: 〇 | O45: 〇 | Q45: 〇 | S45: 〇 | U45: 〇 | W45: 〇 | X45: 〇 | Z45: 2射
F46: 〇 | I46: 〇 | L46: 〇 | N46: 〇 | P46: 〇 | Q46: 〇 | Z46: 1射
F47: =COUNTIF(F48:F51,"〇") -> 1 | G47: =COUNTIF(G48:G51,"〇") -> 3 | H47: =COUNTIF(H48:H51,"〇") -> 2 | I47: =COUNTIF(I48:I51,"〇") -> 1 | J47: =COUNTIF(J48:J51,"〇") -> 1 | K47: =COUNTIF(K48:K51,"〇") -> 2 | L47: =COUNTIF(L48:L51,"〇") -> 3 | M47: =COUNTIF(M48:M51,"〇") -> 1 | ... Y47: =COUNTIF(Y48:Y51,"〇") -> 1 | Z47: 1立目 合計
G48: 〇 | K48: 〇 | O48: 〇 | Q48: 〇 | U48: 〇 | Z48: 4射
F49: 〇 | H49: 〇 | J49: 〇 | L49: 〇 | N49: 〇 | O49: 〇 | P49: 〇 | S49: 〇 | T49: 〇 | U49: 〇 | W49: 〇 | Y49: 〇 | Z49: 3射
G50: 〇 | H50: 〇 | K50: 〇 | L50: 〇 | N50: 〇 | O50: 〇 | Q50: 〇 | T50: 〇 | X50: 〇 | Z50: 2射
G51: 〇 | I51: 〇 | L51: 〇 | M51: 〇 | N51: 〇 | P51: 〇 | S51: 〇 | Z51: 1射
F52: =IF(選手!C61<>"",選手!C61,"") -> 60 | G52: =IF(選手!C60<>"",選手!C60,"") -> 59 | H52: =IF(選手!C59<>"",選手!C59,"") -> 58 | I52: =IF(選手!C58<>"",選手!C58,"") -> 57 | J52: =IF(選手!C57<>"",選手!C57,"") -> 56 | K52: =IF(選手!C56<>"",選手!C56,"") -> 55 | L52: =IF(選手!C55<>"",選手!C55,"") -> 54 | M52: =IF(選手!C54<>"",選手!C54,"") -> 53 | N52: =IF(選手!C53<>"",選手!C53,"") -> 52 | O52: =IF(選手!C52<>"",選手!C52,"") -> 51 | P52: =IF(選手!C51<>"",選手!C51,"") -> 50 | Q52: =IF(選手!C50<>"",選手!C50,"") -> 49 | R52: =IF(選手!C49<>"",選手!C49,"") -> 48 | S52: =IF(選手!C48<>"",選手!C48,"") -> 47 | T52: =IF(選手!C47<>"",選手!C47,"") -> 46 | U52: =IF(選手!C46<>"",選手!C46,"") -> 45 | V52: =IF(選手!C45<>"",選手!C45,"") -> 44 | W52: =IF(選手!C44<>"",選手!C44,"") -> 43 | X52: =IF(選手!C43<>"",選手!C43,"") -> 42 | Y52: =IF(選手!C42<>"",選手!C42,"") -> 41 | Z52: No.
F53: =IF(選手!E61<>"",選手!E61,"") -> 女 | G53: =IF(選手!E60<>"",選手!E60,"") -> 女 | H53: =IF(選手!E59<>"",選手!E59,"") -> 女 | I53: =IF(選手!E58<>"",選手!E58,"") -> 女 | J53: =IF(選手!E57<>"",選手!E57,"") -> 男 | K53: =IF(選手!E56<>"",選手!E56,"") -> 男 | L53: =IF(選手!E55<>"",選手!E55,"") -> 男 | M53: =IF(選手!E54<>"",選手!E54,"") -> 男 | N53: =IF(選手!E53<>"",選手!E53,"") -> 男 | O53: =IF(選手!E52<>"",選手!E52,"") -> 男 | P53: =IF(選手!E51<>"",選手!E51,"") -> 男 | Q53: =IF(選手!E50<>"",選手!E50,"") -> 男 | R53: =IF(選手!E49<>"",選手!E49,"") -> 女 | S53: =IF(選手!E48<>"",選手!E48,"") -> 女 | T53: =IF(選手!E47<>"",選手!E47,"") -> 女 | U53: =IF(選手!E46<>"",選手!E46,"") -> 女 | V53: =IF(選手!E45<>"",選手!E45,"") -> 男 | W53: =IF(選手!E44<>"",選手!E44,"") -> 男 | X53: =IF(選手!E43<>"",選手!E43,"") -> 男 | Y53: =IF(選手!E42<>"",選手!E42,"") -> 男 | Z53: 性別
F54: =IF(選手!D61<>"",選手!D61,"") -> 原 由美子 | G54: =IF(選手!D60<>"",選手!D60,"") -> 瀬山 博子 | H54: =IF(選手!D59<>"",選手!D59,"") -> 加藤 節子 | I54: =IF(選手!D58<>"",選手!D58,"") -> 谷口 弥生 | J54: =IF(選手!D57<>"",選手!D57,"") -> 長江 辰彦 | K54: =IF(選手!D56<>"",選手!D56,"") -> 加藤 広史 | L54: =IF(選手!D55<>"",選手!D55,"") -> 野村 清美 | M54: =IF(選手!D54<>"",選手!D54,"") -> 矢島 悟朗 | N54: =IF(選手!D53<>"",選手!D53,"") -> 木村 憲司 | O54: =IF(選手!D52<>"",選手!D52,"") -> 小沢 浩寿 | P54: =IF(選手!D51<>"",選手!D51,"") -> 平野 良則 | Q54: =IF(選手!D50<>"",選手!D50,"") -> 門矢 誠 | R54: =IF(選手!D49<>"",選手!D49,"") -> 白井 千鶴子 | S54: =IF(選手!D48<>"",選手!D48,"") -> 荒川 花子 | T54: =IF(選手!D47<>"",選手!D47,"") -> 中神 佐知子 | U54: =IF(選手!D46<>"",選手!D46,"") -> 村瀬 沙織 | V54: =IF(選手!D45<>"",選手!D45,"") -> 加藤 忠人 | W54: =IF(選手!D44<>"",選手!D44,"") -> 大槻 成実 | X54: =IF(選手!D43<>"",選手!D43,"") -> 杉原 伸哉 | Y54: =IF(選手!D42<>"",選手!D42,"") -> 丹羽 泰生 | Z54: 氏 名
B56: =選手!B62 -> ダミーA
B57: =SUM(B59:E59) -> 0
B58: =B59+0.1+(IF(B69="〇",1,0)*0.01)+(IF(B68="〇",1,0)*0.001)+(IF(B67="〇",1,0)*0.0001)+(IF(B66="〇",1,0)*0.00001)+(IF(B64="〇",1,0)*0.000001)+(IF(B63="〇",1,0)*0.0000001)+(IF(B62="〇",1,0)*0.00000001)+(IF(B61="〇",1,0)*0.000000001) -> 0.1 | C58: =C59+0.1+(IF(C69="〇",1,0)*0.01)+(IF(C68="〇",1,0)*0.001)+(IF(C67="〇",1,0)*0.0001)+(IF(C66="〇",1,0)*0.00001)+(IF(C64="〇",1,0)*0.000001)+(IF(C63="〇",1,0)*0.0000001)+(IF(C62="〇",1,0)*0.00000001)+(IF(C61="〇",1,0)*0.000000001) -> 0.1 | D58: =D59+0.1+(IF(D69="〇",1,0)*0.01)+(IF(D68="〇",1,0)*0.001)+(IF(D67="〇",1,0)*0.0001)+(IF(D66="〇",1,0)*0.00001)+(IF(D64="〇",1,0)*0.000001)+(IF(D63="〇",1,0)*0.0000001)+(IF(D62="〇",1,0)*0.00000001)+(IF(D61="〇",1,0)*0.000000001) -> 0.1 | E58: =E59+0.1+(IF(E69="〇",1,0)*0.01)+(IF(E68="〇",1,0)*0.001)+(IF(E67="〇",1,0)*0.0001)+(IF(E66="〇",1,0)*0.00001)+(IF(E64="〇",1,0)*0.000001)+(IF(E63="〇",1,0)*0.0000001)+(IF(E62="〇",1,0)*0.00000001)+(IF(E61="〇",1,0)*0.000000001) -> 0.1
B59: =B60+B65 -> 0 | C59: =C60+C65 -> 0 | D59: =D60+D65 -> 0 | E59: =E60+E65 -> 0
B60: =COUNTIF(B61:B64,"〇") -> 0 | C60: =COUNTIF(C61:C64,"〇") -> 0 | D60: =COUNTIF(D61:D64,"〇") -> 0 | E60: =COUNTIF(E61:E64,"〇") -> 0
B65: =COUNTIF(B66:B69,"〇") -> 0 | C65: =COUNTIF(C66:C69,"〇") -> 0 | D65: =COUNTIF(D66:D69,"〇") -> 0 | E65: =COUNTIF(E66:E69,"〇") -> 0
B70: =IF(選手!C65<>"",選手!C65,"") -> 64 | C70: =IF(選手!C64<>"",選手!C64,"") -> 63 | D70: =IF(選手!C63<>"",選手!C63,"") -> 62 | E70: =IF(選手!C62<>"",選手!C62,"") -> 61
B71: =IF(選手!E65<>"",選手!E65,"") | C71: =IF(選手!E64<>"",選手!E64,"") | D71: =IF(選手!E63<>"",選手!E63,"") | E71: =IF(選手!E62<>"",選手!E62,"")
B72: =IF(選手!D65<>"",選手!D65,"") | C72: =IF(選手!D64<>"",選手!D64,"") | D72: =IF(選手!D63<>"",選手!D63,"") | E72: =IF(選手!D62<>"",選手!D62,"")

Sheet 成績　団体
C2: チーム順位表：総合 | J2: チーム順位表：男子 | O2: チーム順位表：女子 | T2: チーム成績
C3: 順位 | D3: チーム名 | E3: 総本数 | F3: 男女 | G3: 列2 | H3: 列3 | J3: 順位 | K3: チーム名 | L3: 総本数 | M3: 列1 | O3: 順位 | P3: チーム名 | Q3: 総本数 | R3: 列1 | T3: チーム名 | U3: 男女区別 | V3: 並び順位 | W3: 表示順位 | X3: 総本数 | Y3: 大前 | Z3: ２的 | AA3: ３的 | AB3: 落ち | AC3: 順位計算
B4: =SMALL(V4:V19, 1) -> 1 | C4: =SMALL(W4:W19, 1) -> 1 | D4: =INDEX(T:T,MATCH(B4,V:V,0)) -> 春日井A | E4: =IF(D4="","",INDEX(X:X,MATCH(D4,T:T,0))) -> 21 | F4: =IF(D4="","",INDEX(U:U,MATCH(D4,T:T,0))) -> 男 | G4: =IF($F4="男",ROW(),"") -> 4 | H4: =IF($F4="女",ROW(),"") | J4: =IF(K4="","",_xlfn.RANK.EQ(M4,M4:M19)) -> 1 | K4: =IF(COUNT(G:G)<ROW(A1),"",INDEX(D:D,SMALL(G:G,ROW(A1)))) -> 春日井A | L4: =IF(K4="","",INDEX(E:E,MATCH(K4,D:D,0))) -> 21 | M4: =IF(K4="","",INDEX(AC:AC,MATCH(K4,T:T,0))) -> 21.5637 | O4: =IF(P4="","",_xlfn.RANK.EQ(R4,R4:R19)) -> 1 | P4: =IF(COUNT(H:H)<ROW(A1),"",INDEX(D:D,SMALL(H:H,ROW(A1)))) -> 日進B | Q4: =IF(P4="","",INDEX(E:E,MATCH(P4,D:D,0))) -> 17 | R4: =IF(P4="","",INDEX(AC:AC,MATCH(P4,T:T,0))) -> 17.4436 | T4: =IF(選手!B2="","",選手!B2) -> 春日井A | U4: =IF(COUNTIF(選手!E2:E5,"男")>0,"男","女") -> 男 | V4: =W4 -> 1 | W4: =_xlfn.RANK.EQ(AC4,AC4:AC19) -> 1 | X4: =SUM(Y4:AB4) -> 21 | Y4: =記録!Y5 -> 5 | Z4: =記録!X5 -> 6 | AA4: =記録!W5 -> 3 | AB4: =記録!V5 -> 7 | AC4: =X4+Y4*0.1+Z4*0.01+AA4*0.001+AB4*0.0001 -> 21.5637
B5: =SMALL(V4:V19, 2) -> 2 | C5: =SMALL(W4:W19, 2) -> 2 | D5: =INDEX(T:T,MATCH(B5,V:V,0)) -> 長久手A | E5: =IF(D5="","",INDEX(X:X,MATCH(D5,T:T,0))) -> 20 | F5: =IF(D5="","",INDEX(U:U,MATCH(D5,T:T,0))) -> 男 | G5: =IF($F5="男",ROW(),"") -> 5 | H5: =IF($F5="女",ROW(),"") | J5: =IF(K5="","",_xlfn.RANK.EQ(M5,M4:M19)) -> 2 | K5: =IF(COUNT(G:G)<ROW(A2),"",INDEX(D:D,SMALL(G:G,ROW(A2)))) -> 長久手A | L5: =IF(K5="","",INDEX(E:E,MATCH(K5,D:D,0))) -> 20 | M5: =IF(K5="","",INDEX(AC:AC,MATCH(K5,T:T,0))) -> 20.5474 | O5: =IF(P5="","",_xlfn.RANK.EQ(R5,R4:R19)) -> 2 | P5: =IF(COUNT(H:H)<ROW(A2),"",INDEX(D:D,SMALL(H:H,ROW(A2)))) -> 長久手B | Q5: =IF(P5="","",INDEX(E:E,MATCH(P5,D:D,0))) -> 16 | R5: =IF(P5="","",INDEX(AC:AC,MATCH(P5,T:T,0))) -> 16.3427 | T5: =IF(選手!B6="","",選手!B6) -> 春日井B | U5: =IF(COUNTIF(選手!E6:E9,"男")>0,"男","女") -> 女 | V5: =W5+COUNTIF(W4:W5,W5)-1 -> 8 | W5: =_xlfn.RANK.EQ(AC5,AC4:AC19) -> 8 | X5: =SUM(Y5:AB5) -> 15 | Y5: =記録!U5 -> 4 | Z5: =記録!T5 -> 2 | AA5: =記録!S5 -> 5 | AB5: =記録!R5 -> 4 | AC5: =X5+Y5*0.1+Z5*0.01+AA5*0.001+AB5*0.0001 -> 15.4254
B6: =SMALL(V4:V19, 3) -> 3 | C6: =SMALL(W4:W19, 3) -> 3 | D6: =INDEX(T:T,MATCH(B6,V:V,0)) -> 愛知A | E6: =IF(D6="","",INDEX(X:X,MATCH(D6,T:T,0))) -> 19 | F6: =IF(D6="","",INDEX(U:U,MATCH(D6,T:T,0))) -> 男 | G6: =IF($F6="男",ROW(),"") -> 6 | H6: =IF($F6="女",ROW(),"") | J6: =IF(K6="","",_xlfn.RANK.EQ(M6,M4:M19)) -> 3 | K6: =IF(COUNT(G:G)<ROW(A3),"",INDEX(D:D,SMALL(G:G,ROW(A3)))) -> 愛知A | L6: =IF(K6="","",INDEX(E:E,MATCH(K6,D:D,0))) -> 19 | M6: =IF(K6="","",INDEX(AC:AC,MATCH(K6,T:T,0))) -> 19.4456 | O6: =IF(P6="","",_xlfn.RANK.EQ(R6,R4:R19)) -> 3 | P6: =IF(COUNT(H:H)<ROW(A3),"",INDEX(D:D,SMALL(H:H,ROW(A3)))) -> 春日井B | Q6: =IF(P6="","",INDEX(E:E,MATCH(P6,D:D,0))) -> 15 | R6: =IF(P6="","",INDEX(AC:AC,MATCH(P6,T:T,0))) -> 15.4254 | T6: =IF(選手!B10="","",選手!B10) -> 豊明A | U6: =IF(COUNTIF(選手!E10:E13,"男")>0,"男","女") -> 男 | V6: =W6+COUNTIF(W4:W6,W6)-1 -> 13 | W6: =_xlfn.RANK.EQ(AC6,AC4:AC19) -> 13 | X6: =SUM(Y6:AB6) -> 12 | Y6: =記録!Q5 -> 3 | Z6: =記録!P5 -> 3 | AA6: =記録!O5 -> 3 | AB6: =記録!N5 -> 3 | AC6: =X6+Y6*0.1+Z6*0.01+AA6*0.001+AB6*0.0001 -> 12.3333
B7: =SMALL(V4:V19, 4) -> 4 | C7: =SMALL(W4:W19, 4) -> 4 | D7: =INDEX(T:T,MATCH(B7,V:V,0)) -> 尾張旭A | E7: =IF(D7="","",INDEX(X:X,MATCH(D7,T:T,0))) -> 17 | F7: =IF(D7="","",INDEX(U:U,MATCH(D7,T:T,0))) -> 男 | G7: =IF($F7="男",ROW(),"") -> 7 | H7: =IF($F7="女",ROW(),"") | J7: =IF(K7="","",_xlfn.RANK.EQ(M7,M4:M19)) -> 4 | K7: =IF(COUNT(G:G)<ROW(A4),"",INDEX(D:D,SMALL(G:G,ROW(A4)))) -> 尾張旭A | L7: =IF(K7="","",INDEX(E:E,MATCH(K7,D:D,0))) -> 17 | M7: =IF(K7="","",INDEX(AC:AC,MATCH(K7,T:T,0))) -> 17.5444 | O7: =IF(P7="","",_xlfn.RANK.EQ(R7,R4:R19)) -> 4 | P7: =IF(COUNT(H:H)<ROW(A4),"",INDEX(D:D,SMALL(H:H,ROW(A4)))) -> 瀬戸B | Q7: =IF(P7="","",INDEX(E:E,MATCH(P7,D:D,0))) -> 15 | R7: =IF(P7="","",INDEX(AC:AC,MATCH(P7,T:T,0))) -> 15.3453 | T7: =IF(選手!B14="","",選手!B14) -> 豊明B | U7: =IF(COUNTIF(選手!E14:E17,"男")>0,"男","女") -> 女 | V7: =W7+COUNTIF(W4:W7,W7)-1 -> 10 | W7: =_xlfn.RANK.EQ(AC7,AC4:AC19) -> 10 | X7: =SUM(Y7:AB7) -> 14 | Y7: =記録!M5 -> 4 | Z7: =記録!L5 -> 3 | AA7: =記録!K5 -> 5 | AB7: =記録!J5 -> 2 | AC7: =X7+Y7*0.1+Z7*0.01+AA7*0.001+AB7*0.0001 -> 14.4352
B8: =SMALL(V4:V19, 5) -> 5 | C8: =SMALL(W4:W19, 5) -> 5 | D8: =INDEX(T:T,MATCH(B8,V:V,0)) -> 日進B | E8: =IF(D8="","",INDEX(X:X,MATCH(D8,T:T,0))) -> 17 | F8: =IF(D8="","",INDEX(U:U,MATCH(D8,T:T,0))) -> 女 | G8: =IF($F8="男",ROW(),"") | H8: =IF($F8="女",ROW(),"") -> 8 | J8: =IF(K8="","",_xlfn.RANK.EQ(M8,M4:M19)) -> 5 | K8: =IF(COUNT(G:G)<ROW(A5),"",INDEX(D:D,SMALL(G:G,ROW(A5)))) -> 日進A | L8: =IF(K8="","",INDEX(E:E,MATCH(K8,D:D,0))) -> 15 | M8: =IF(K8="","",INDEX(AC:AC,MATCH(K8,T:T,0))) -> 15.4335 | O8: =IF(P8="","",_xlfn.RANK.EQ(R8,R4:R19)) -> 5 | P8: =IF(COUNT(H:H)<ROW(A5),"",INDEX(D:D,SMALL(H:H,ROW(A5)))) -> 豊明B | Q8: =IF(P8="","",INDEX(E:E,MATCH(P8,D:D,0))) -> 14 | R8: =IF(P8="","",INDEX(AC:AC,MATCH(P8,T:T,0))) -> 14.4352 | T8: =IF(選手!B1="","",選手!B18) -> 日進A | U8: =IF(COUNTIF(選手!E18:E21,"男")>0,"男","女") -> 男 | V8: =W8+COUNTIF(W4:W8,W8)-1 -> 7 | W8: =_xlfn.RANK.EQ(AC8,AC4:AC19) -> 7 | X8: =SUM(Y8:AB8) -> 15 | Y8: =記録!I5 -> 4 | Z8: =記録!H5 -> 3 | AA8: =記録!G5 -> 3 | AB8: =記録!F5 -> 5 | AC8: =X8+Y8*0.1+Z8*0.01+AA8*0.001+AB8*0.0001 -> 15.4335
B9: =SMALL(V4:V19, 6) -> 6 | C9: =SMALL(W4:W19, 6) -> 6 | D9: =INDEX(T:T,MATCH(B9,V:V,0)) -> 長久手B | E9: =IF(D9="","",INDEX(X:X,MATCH(D9,T:T,0))) -> 16 | F9: =IF(D9="","",INDEX(U:U,MATCH(D9,T:T,0))) -> 女 | G9: =IF($F9="男",ROW(),"") | H9: =IF($F9="女",ROW(),"") -> 9 | J9: =IF(K9="","",_xlfn.RANK.EQ(M9,M4:M19)) -> 6 | K9: =IF(COUNT(G:G)<ROW(A6),"",INDEX(D:D,SMALL(G:G,ROW(A6)))) -> 瀬戸A | L9: =IF(K9="","",INDEX(E:E,MATCH(K9,D:D,0))) -> 14 | M9: =IF(K9="","",INDEX(AC:AC,MATCH(K9,T:T,0))) -> 14.2633 | O9: =IF(P9="","",_xlfn.RANK.EQ(R9,R4:R19)) -> 6 | P9: =IF(COUNT(H:H)<ROW(A6),"",INDEX(D:D,SMALL(H:H,ROW(A6)))) -> 西春日井B | Q9: =IF(P9="","",INDEX(E:E,MATCH(P9,D:D,0))) -> 13 | R9: =IF(P9="","",INDEX(AC:AC,MATCH(P9,T:T,0))) -> 13.5341 | T9: =IF(選手!B22="","",選手!B22) -> 日進B | U9: =IF(COUNTIF(選手!E22:E25,"男")>0,"男","女") -> 女 | V9: =W9+COUNTIF(W4:W9,W9)-1 -> 5 | W9: =_xlfn.RANK.EQ(AC9,AC4:AC19) -> 5 | X9: =SUM(Y9:AB9) -> 17 | Y9: =記録!E5 -> 4 | Z9: =記録!D5 -> 4 | AA9: =記録!C5 -> 3 | AB9: =記録!B5 -> 6 | AC9: =X9+Y9*0.1+Z9*0.01+AA9*0.001+AB9*0.0001 -> 17.4436
B10: =SMALL(V4:V19, 7) -> 7 | C10: =SMALL(W4:W19, 7) -> 7 | D10: =INDEX(T:T,MATCH(B10,V:V,0)) -> 日進A | E10: =IF(D10="","",INDEX(X:X,MATCH(D10,T:T,0))) -> 15 | F10: =IF(D10="","",INDEX(U:U,MATCH(D10,T:T,0))) -> 男 | G10: =IF($F10="男",ROW(),"") -> 10 | H10: =IF($F10="女",ROW(),"") | J10: =IF(K10="","",_xlfn.RANK.EQ(M10,M4:M19)) -> 7 | K10: =IF(COUNT(G:G)<ROW(A7),"",INDEX(D:D,SMALL(G:G,ROW(A7)))) -> 豊明A | L10: =IF(K10="","",INDEX(E:E,MATCH(K10,D:D,0))) -> 12 | M10: =IF(K10="","",INDEX(AC:AC,MATCH(K10,T:T,0))) -> 12.3333 | O10: =IF(P10="","",_xlfn.RANK.EQ(R10,R4:R19)) -> 7 | P10: =IF(COUNT(H:H)<ROW(A7),"",INDEX(D:D,SMALL(H:H,ROW(A7)))) -> 尾張旭B | Q10: =IF(P10="","",INDEX(E:E,MATCH(P10,D:D,0))) -> 10 | R10: =IF(P10="","",INDEX(AC:AC,MATCH(P10,T:T,0))) -> 10.2332 | T10: =IF(選手!B26="","",選手!B26) -> 長久手A | U10: =IF(COUNTIF(選手!E26:E29,"男")>0,"男","女") -> 男 | V10: =W10+COUNTIF(W4:W10,W10)-1 -> 2 | W10: =_xlfn.RANK.EQ(AC10,AC4:AC19) -> 2 | X10: =SUM(Y10:AB10) -> 20 | Y10: =記録!Y23 -> 5 | Z10: =記録!X23 -> 4 | AA10: =記録!W23 -> 7 | AB10: =記録!V23 -> 4 | AC10: =X10+Y10*0.1+Z10*0.01+AA10*0.001+AB10*0.0001 -> 20.5474
B11: =SMALL(V4:V19, 8) -> 8 | C11: =SMALL(W4:W19, 8) -> 8 | D11: =INDEX(T:T,MATCH(B11,V:V,0)) -> 春日井B | E11: =IF(D11="","",INDEX(X:X,MATCH(D11,T:T,0))) -> 15 | F11: =IF(D11="","",INDEX(U:U,MATCH(D11,T:T,0))) -> 女 | G11: =IF($F11="男",ROW(),"") | H11: =IF($F11="女",ROW(),"") -> 11 | J11: =IF(K11="","",_xlfn.RANK.EQ(M11,M4:M19)) -> 8 | K11: =IF(COUNT(G:G)<ROW(A8),"",INDEX(D:D,SMALL(G:G,ROW(A8)))) -> 西春日井A | L11: =IF(K11="","",INDEX(E:E,MATCH(K11,D:D,0))) -> 7 | M11: =IF(K11="","",INDEX(AC:AC,MATCH(K11,T:T,0))) -> 7.2221 | O11: =IF(P11="","",_xlfn.RANK.EQ(R11,R4:R19)) | P11: =IF(COUNT(H:H)<ROW(A8),"",INDEX(D:D,SMALL(H:H,ROW(A8)))) | Q11: =IF(P11="","",INDEX(E:E,MATCH(P11,D:D,0))) | R11: =IF(P11="","",INDEX(AC:AC,MATCH(P11,T:T,0))) | T11: =IF(選手!B30="","",選手!B30) -> 長久手B | U11: =IF(COUNTIF(選手!E30:E33,"男")>0,"男","女") -> 女 | V11: =W11+COUNTIF(W4:W11,W11)-1 -> 6 | W11: =_xlfn.RANK.EQ(AC11,AC4:AC19) -> 6 | X11: =SUM(Y11:AB11) -> 16 | Y11: =記録!U23 -> 3 | Z11: =記録!T23 -> 4 | AA11: =記録!S23 -> 2 | AB11: =記録!R23 -> 7 | AC11: =X11+Y11*0.1+Z11*0.01+AA11*0.001+AB11*0.0001 -> 16.3427
B12: =SMALL(V4:V19, 9) -> 9 | C12: =SMALL(W4:W19, 9) -> 9 | D12: =INDEX(T:T,MATCH(B12,V:V,0)) -> 瀬戸B | E12: =IF(D12="","",INDEX(X:X,MATCH(D12,T:T,0))) -> 15 | F12: =IF(D12="","",INDEX(U:U,MATCH(D12,T:T,0))) -> 女 | G12: =IF($F12="男",ROW(),"") | H12: =IF($F12="女",ROW(),"") -> 12 | J12: =IF(K12="","",_xlfn.RANK.EQ(M12,M4:M19)) | K12: =IF(COUNT(G:G)<ROW(A9),"",INDEX(D:D,SMALL(G:G,ROW(A9)))) | L12: =IF(K12="","",INDEX(E:E,MATCH(K12,D:D,0))) | M12: =IF(K12="","",INDEX(AC:AC,MATCH(K12,T:T,0))) | O12: =IF(P12="","",_xlfn.RANK.EQ(R12,R4:R19)) | P12: =IF(COUNT(H:H)<ROW(A9),"",INDEX(D:D,SMALL(H:H,ROW(A9)))) | Q12: =IF(P12="","",INDEX(E:E,MATCH(P12,D:D,0))) | R12: =IF(P12="","",INDEX(AC:AC,MATCH(P12,T:T,0))) | T12: =IF(選手!B34="","",選手!B34) -> 尾張旭A | U12: =IF(COUNTIF(選手!E34:E37,"男")>0,"男","女") -> 男 | V12: =W12+COUNTIF(W4:W12,W12)-1 -> 4 | W12: =_xlfn.RANK.EQ(AC12,AC4:AC19) -> 4 | X12: =SUM(Y12:AB12) -> 17 | Y12: =記録!Q23 -> 5 | Z12: =記録!P23 -> 4 | AA12: =記録!O23 -> 4 | AB12: =記録!N23 -> 4 | AC12: =X12+Y12*0.1+Z12*0.01+AA12*0.001+AB12*0.0001 -> 17.5444
B13: =SMALL(V4:V19, 10) -> 10 | C13: =SMALL(W4:W19, 10) -> 10 | D13: =INDEX(T:T,MATCH(B13,V:V,0)) -> 豊明B | E13: =IF(D13="","",INDEX(X:X,MATCH(D13,T:T,0))) -> 14 | F13: =IF(D13="","",INDEX(U:U,MATCH(D13,T:T,0))) -> 女 | G13: =IF($F13="男",ROW(),"") | H13: =IF($F13="女",ROW(),"") -> 13 | J13: =IF(K13="","",_xlfn.RANK.EQ(M13,M4:M19)) | K13: =IF(COUNT(G:G)<ROW(A10),"",INDEX(D:D,SMALL(G:G,ROW(A10)))) | L13: =IF(K13="","",INDEX(E:E,MATCH(K13,D:D,0))) | M13: =IF(K13="","",INDEX(AC:AC,MATCH(K13,T:T,0))) | O13: =IF(P13="","",_xlfn.RANK.EQ(R13,R4:R19)) | P13: =IF(COUNT(H:H)<ROW(A10),"",INDEX(D:D,SMALL(H:H,ROW(A10)))) | Q13: =IF(P13="","",INDEX(E:E,MATCH(P13,D:D,0))) | R13: =IF(P13="","",INDEX(AC:AC,MATCH(P13,T:T,0))) | T13: =IF(選手!B38="","",選手!B38) -> 尾張旭B | U13: =IF(COUNTIF(選手!E38:E41,"男")>0,"男","女") -> 女 | V13: =W13+COUNTIF(W4:W13,W13)-1 -> 14 | W13: =_xlfn.RANK.EQ(AC13,AC4:AC19) -> 14 | X13: =SUM(Y13:AB13) -> 10 | Y13: =記録!M23 -> 2 | Z13: =記録!L23 -> 3 | AA13: =記録!K23 -> 3 | AB13: =記録!J23 -> 2 | AC13: =X13+Y13*0.1+Z13*0.01+AA13*0.001+AB13*0.0001 -> 10.2332
B14: =SMALL(V4:V19, 11) -> 11 | C14: =SMALL(W4:W19, 11) -> 11 | D14: =INDEX(T:T,MATCH(B14,V:V,0)) -> 瀬戸A | E14: =IF(D14="","",INDEX(X:X,MATCH(D14,T:T,0))) -> 14 | F14: =IF(D14="","",INDEX(U:U,MATCH(D14,T:T,0))) -> 男 | G14: =IF($F14="男",ROW(),"") -> 14 | H14: =IF($F14="女",ROW(),"") | J14: =IF(K14="","",_xlfn.RANK.EQ(M14,M4:M19)) | K14: =IF(COUNT(G:G)<ROW(A11),"",INDEX(D:D,SMALL(G:G,ROW(A11)))) | L14: =IF(K14="","",INDEX(E:E,MATCH(K14,D:D,0))) | M14: =IF(K14="","",INDEX(AC:AC,MATCH(K14,T:T,0))) | O14: =IF(P14="","",_xlfn.RANK.EQ(R14,R4:R19)) | P14: =IF(COUNT(H:H)<ROW(A11),"",INDEX(D:D,SMALL(H:H,ROW(A11)))) | Q14: =IF(P14="","",INDEX(E:E,MATCH(P14,D:D,0))) | R14: =IF(P14="","",INDEX(AC:AC,MATCH(P14,T:T,0))) | T14: =IF(選手!B42="","",選手!B42) -> 西春日井A | U14: =IF(COUNTIF(選手!E42:E45,"男")>0,"男","女") -> 男 | V14: =W14+COUNTIF(W4:W14,W14)-1 -> 15 | W14: =_xlfn.RANK.EQ(AC14,AC4:AC19) -> 15 | X14: =SUM(Y14:AB14) -> 7 | Y14: =記録!Y41 -> 2 | Z14: =記録!X41 -> 2 | AA14: =記録!W41 -> 2 | AB14: =記録!V41 -> 1 | AC14: =X14+Y14*0.1+Z14*0.01+AA14*0.001+AB14*0.0001 -> 7.2221
B15: =SMALL(V4:V19, 12) -> 12 | C15: =SMALL(W4:W19, 12) -> 12 | D15: =INDEX(T:T,MATCH(B15,V:V,0)) -> 西春日井B | E15: =IF(D15="","",INDEX(X:X,MATCH(D15,T:T,0))) -> 13 | F15: =IF(D15="","",INDEX(U:U,MATCH(D15,T:T,0))) -> 女 | G15: =IF($F15="男",ROW(),"") | H15: =IF($F15="女",ROW(),"") -> 15 | J15: =IF(K15="","",_xlfn.RANK.EQ(M15,M4:M19)) | K15: =IF(COUNT(G:G)<ROW(A12),"",INDEX(D:D,SMALL(G:G,ROW(A12)))) | L15: =IF(K15="","",INDEX(E:E,MATCH(K15,D:D,0))) | M15: =IF(K15="","",INDEX(AC:AC,MATCH(K15,T:T,0))) | O15: =IF(P15="","",_xlfn.RANK.EQ(R15,R4:R19)) | P15: =IF(COUNT(H:H)<ROW(A12),"",INDEX(D:D,SMALL(H:H,ROW(A12)))) | Q15: =IF(P15="","",INDEX(E:E,MATCH(P15,D:D,0))) | R15: =IF(P15="","",INDEX(AC:AC,MATCH(P15,T:T,0))) | T15: =IF(選手!B46="","",選手!B46) -> 西春日井B | U15: =IF(COUNTIF(選手!E46:E49,"男")>0,"男","女") -> 女 | V15: =W15+COUNTIF(W4:W15,W15)-1 -> 12 | W15: =_xlfn.RANK.EQ(AC15,AC4:AC19) -> 12 | X15: =SUM(Y15:AB15) -> 13 | Y15: =記録!U41 -> 5 | Z15: =記録!T41 -> 3 | AA15: =記録!S41 -> 4 | AB15: =記録!R41 -> 1 | AC15: =X15+Y15*0.1+Z15*0.01+AA15*0.001+AB15*0.0001 -> 13.5341
B16: =SMALL(V4:V19, 13) -> 13 | C16: =SMALL(W4:W19, 13) -> 13 | D16: =INDEX(T:T,MATCH(B16,V:V,0)) -> 豊明A | E16: =IF(D16="","",INDEX(X:X,MATCH(D16,T:T,0))) -> 12 | F16: =IF(D16="","",INDEX(U:U,MATCH(D16,T:T,0))) -> 男 | G16: =IF($F16="男",ROW(),"") -> 16 | H16: =IF($F16="女",ROW(),"") | J16: =IF(K16="","",_xlfn.RANK.EQ(M16,M4:M19)) | K16: =IF(COUNT(G:G)<ROW(A13),"",INDEX(D:D,SMALL(G:G,ROW(A13)))) | L16: =IF(K16="","",INDEX(E:E,MATCH(K16,D:D,0))) | M16: =IF(K16="","",INDEX(AC:AC,MATCH(K16,T:T,0))) | O16: =IF(P16="","",_xlfn.RANK.EQ(R16,R4:R19)) | P16: =IF(COUNT(H:H)<ROW(A13),"",INDEX(D:D,SMALL(H:H,ROW(A13)))) | Q16: =IF(P16="","",INDEX(E:E,MATCH(P16,D:D,0))) | R16: =IF(P16="","",INDEX(AC:AC,MATCH(P16,T:T,0))) | T16: =IF(選手!B50="","",選手!B50) -> 愛知A | U16: =IF(COUNTIF(選手!E50:E53,"男")>0,"男","女") -> 男 | V16: =W16+COUNTIF(W4:W16,W16)-1 -> 3 | W16: =_xlfn.RANK.EQ(AC16,AC4:AC19) -> 3 | X16: =SUM(Y16:AB16) -> 19 | Y16: =記録!Q41 -> 4 | Z16: =記録!P41 -> 4 | AA16: =記録!O41 -> 5 | AB16: =記録!N41 -> 6 | AC16: =X16+Y16*0.1+Z16*0.01+AA16*0.001+AB16*0.0001 -> 19.4456
B17: =SMALL(V4:V19, 14) -> 14 | C17: =SMALL(W4:W19, 14) -> 14 | D17: =INDEX(T:T,MATCH(B17,V:V,0)) -> 尾張旭B | E17: =IF(D17="","",INDEX(X:X,MATCH(D17,T:T,0))) -> 10 | F17: =IF(D17="","",INDEX(U:U,MATCH(D17,T:T,0))) -> 女 | G17: =IF($F17="男",ROW(),"") | H17: =IF($F17="女",ROW(),"") -> 17 | J17: =IF(K17="","",_xlfn.RANK.EQ(M17,M4:M19)) | K17: =IF(COUNT(G:G)<ROW(A14),"",INDEX(D:D,SMALL(G:G,ROW(A14)))) | L17: =IF(K17="","",INDEX(E:E,MATCH(K17,D:D,0))) | M17: =IF(K17="","",INDEX(AC:AC,MATCH(K17,T:T,0))) | O17: =IF(P17="","",_xlfn.RANK.EQ(R17,R4:R19)) | P17: =IF(COUNT(H:H)<ROW(A14),"",INDEX(D:D,SMALL(H:H,ROW(A14)))) | Q17: =IF(P17="","",INDEX(E:E,MATCH(P17,D:D,0))) | R17: =IF(P17="","",INDEX(AC:AC,MATCH(P17,T:T,0))) | T17: =IF(選手!B54="","",選手!B54) -> 瀬戸A | U17: =IF(COUNTIF(選手!E54:E57,"男")>0,"男","女") -> 男 | V17: =W17+COUNTIF(W4:W17,W17)-1 -> 11 | W17: =_xlfn.RANK.EQ(AC17,AC4:AC19) -> 11 | X17: =SUM(Y17:AB17) -> 14 | Y17: =記録!M41 -> 2 | Z17: =記録!L41 -> 6 | AA17: =記録!K41 -> 3 | AB17: =記録!J41 -> 3 | AC17: =X17+Y17*0.1+Z17*0.01+AA17*0.001+AB17*0.0001 -> 14.2633
B18: =SMALL(V4:V19, 15) -> 15 | C18: =SMALL(W4:W19, 15) -> 15 | D18: =INDEX(T:T,MATCH(B18,V:V,0)) -> 西春日井A | E18: =IF(D18="","",INDEX(X:X,MATCH(D18,T:T,0))) -> 7 | F18: =IF(D18="","",INDEX(U:U,MATCH(D18,T:T,0))) -> 男 | G18: =IF($F18="男",ROW(),"") -> 18 | H18: =IF($F18="女",ROW(),"") | J18: =IF(K18="","",_xlfn.RANK.EQ(M18,M4:M19)) | K18: =IF(COUNT(G:G)<ROW(A15),"",INDEX(D:D,SMALL(G:G,ROW(A15)))) | L18: =IF(K18="","",INDEX(E:E,MATCH(K18,D:D,0))) | M18: =IF(K18="","",INDEX(AC:AC,MATCH(K18,T:T,0))) | O18: =IF(P18="","",_xlfn.RANK.EQ(R18,R4:R19)) | P18: =IF(COUNT(H:H)<ROW(A15),"",INDEX(D:D,SMALL(H:H,ROW(A15)))) | Q18: =IF(P18="","",INDEX(E:E,MATCH(P18,D:D,0))) | R18: =IF(P18="","",INDEX(AC:AC,MATCH(P18,T:T,0))) | T18: =IF(選手!B58="","",選手!B58) -> 瀬戸B | U18: =IF(COUNTIF(選手!E58:E61,"男")>0,"男","女") -> 女 | V18: =W18+COUNTIF(W4:W18,W18)-1 -> 9 | W18: =_xlfn.RANK.EQ(AC18,AC4:AC19) -> 9 | X18: =SUM(Y18:AB18) -> 15 | Y18: =記録!I41 -> 3 | Z18: =記録!H41 -> 4 | AA18: =記録!G41 -> 5 | AB18: =記録!F41 -> 3 | AC18: =X18+Y18*0.1+Z18*0.01+AA18*0.001+AB18*0.0001 -> 15.3453
B19: =SMALL(V4:V19, 16) -> 16 | C19: =SMALL(W4:W19, 16) -> 16 | D19: =INDEX(T:T,MATCH(B19,V:V,0)) -> ダミーA | E19: =IF(D19="","",INDEX(X:X,MATCH(D19,T:T,0))) -> 0 | F19: =IF(D19="","",INDEX(U:U,MATCH(D19,T:T,0))) -> 0 | G19: =IF($F19="男",ROW(),"") | H19: =IF($F19="女",ROW(),"") | J19: =IF(K19="","",_xlfn.RANK.EQ(M19,M4:M19)) | K19: =IF(COUNT(G:G)<ROW(A16),"",INDEX(D:D,SMALL(G:G,ROW(A16)))) | L19: =IF(K19="","",INDEX(E:E,MATCH(K19,D:D,0))) | M19: =IF(K19="","",INDEX(AC:AC,MATCH(K19,T:T,0))) | O19: =IF(P19="","",_xlfn.RANK.EQ(R19,R4:R19)) | P19: =IF(COUNT(H:H)<ROW(A16),"",INDEX(D:D,SMALL(H:H,ROW(A16)))) | Q19: =IF(P19="","",INDEX(E:E,MATCH(P19,D:D,0))) | R19: =IF(P19="","",INDEX(AC:AC,MATCH(P19,T:T,0))) | T19: =IF(選手!B62="","",選手!B62) -> ダミーA | V19: =W19+COUNTIF(W4:W19,W19)-1 -> 16 | W19: =_xlfn.RANK.EQ(AC19,AC4:AC19) -> 16 | X19: =SUM(Y19:AB19) -> 0 | Y19: =記録!E59 -> 0 | Z19: =記録!D59 -> 0 | AA19: =記録!C59 -> 0 | AB19: =記録!B59 -> 0 | AC19: =X19+Y19*0.1+Z19*0.01+AA19*0.001+AB19*0.0001 -> 0

Sheet 成績　個人
C1: 個人順位表：男女混合 | L1: 個人順位表：男性 | S1: 個人順位表：女性
C2: 順位 | D2: チーム | E2: No. | F2: 氏名 | G2: 性別 | H2: 総本数 | L2: 順位 | M2: チーム | N2: No. | O2: 氏名 | P2: 総本数 | S2: 順位 | T2: チーム | U2: No. | V2: 氏名 | W2: 総本数 | Z2: チーム | AA2: No. | AB2: 氏名 | AC2: 性別 | AD2: 総本数 | AE2: 計算数 | AF2: 並び順位 | AG2: 表示順位
B3: 1 | C3: =SMALL(AG:AG, B3) -> 1 | D3: =INDEX(Z:Z,MATCH(B3,AF:AF,0)) -> 春日井A | E3: =INDEX(AA:AA,MATCH(B3,AF:AF,0)) -> 4 | F3: =INDEX(AB:AB,MATCH(B3,AF:AF,0)) -> 田井 泰 | G3: =INDEX(AC:AC,MATCH(B3,AF:AF,0)) -> 男 | H3: =IF(INDEX(AD:AD,MATCH(F3,AB:AB,0))=8,"皆中",INDEX(AD:AD,MATCH(F3,AB:AB,0))) -> 7 | I3: =IF($G3="男",ROW(),"") -> 3 | J3: =IF($G3="女",ROW(),"") | L3: =IF(O3="","",_xlfn.RANK.EQ(Q3,Q:Q)) -> 1 | M3: =IF(O3="","",INDEX(D:D,MATCH(O3,F:F,0))) -> 春日井A | N3: =IF(O3="","",INDEX(E:E,MATCH(O3,F:F,0))) -> 4 | O3: =IF(COUNT(I:I)<ROW(B1),"",INDEX(F:F,SMALL(I:I,ROW(B1)))) -> 田井 泰 | P3: =IF(O3="","",INDEX(H:H,MATCH(O3,F:F,0))) -> 7 | Q3: =IF(O3="","",INDEX(AE:AE,MATCH(O3,AB:AB,0))) -> 7.1111011 | S3: =IF(V3="","",_xlfn.RANK.EQ(X3,X:X)) -> 1 | T3: =IF(V3="","",INDEX(D:D,MATCH(V3,F:F,0))) -> 長久手B | U3: =IF(V3="","",INDEX(E:E,MATCH(V3,F:F,0))) -> 32 | V3: =IF(COUNT(J:J)<ROW(B1),"",INDEX(F:F,SMALL(J:J,ROW(B1)))) -> 野々垣 奈緒子 | W3: =IF(V3="","",INDEX(H:H,MATCH(V3,F:F,0))) -> 7 | X3: =IF(V3="","",INDEX(AE:AE,MATCH(V3,AB:AB,0))) -> 7.1011111 | Z3: =IF(選手!B2="","",選手!B2) -> 春日井A | AA3: =IF(選手!C2="","",選手!C2) -> 1 | AB3: =IF(選手!D2="","",選手!D2) -> 峯 徹 | AC3: =IF(選手!E2="","",選手!E2) -> 男 | AD3: =IF(記録!Y5=8,"皆中",記録!Y5) -> 5 | AE3: =記録!Y4 -> 5.101101 | AF3: =AG3 -> 15 | AG3: =_xlfn.RANK.EQ(AE3,AE:AE) -> 15
B4: 2 | C4: =SMALL(AG:AG, B4) -> 2 | D4: =INDEX(Z:Z,MATCH(B4,AF:AF,0)) -> 長久手A | E4: =INDEX(AA:AA,MATCH(B4,AF:AF,0)) -> 27 | F4: =INDEX(AB:AB,MATCH(B4,AF:AF,0)) -> 山本 三郎 | G4: =INDEX(AC:AC,MATCH(B4,AF:AF,0)) -> 男 | H4: =IF(INDEX(AD:AD,MATCH(F4,AB:AB,0))=8,"皆中",INDEX(AD:AD,MATCH(F4,AB:AB,0))) -> 7 | I4: =IF($G4="男",ROW(),"") -> 4 | J4: =IF($G4="女",ROW(),"") | L4: =IF(O4="","",_xlfn.RANK.EQ(Q4,Q:Q)) -> 2 | M4: =IF(O4="","",INDEX(D:D,MATCH(O4,F:F,0))) -> 長久手A | N4: =IF(O4="","",INDEX(E:E,MATCH(O4,F:F,0))) -> 27 | O4: =IF(COUNT(I:I)<ROW(B2),"",INDEX(F:F,SMALL(I:I,ROW(B2)))) -> 山本 三郎 | P4: =IF(O4="","",INDEX(H:H,MATCH(O4,F:F,0))) -> 7 | Q4: =IF(O4="","",INDEX(AE:AE,MATCH(O4,AB:AB,0))) -> 7.1101111 | S4: =IF(V4="","",_xlfn.RANK.EQ(X4,X:X)) -> 2 | T4: =IF(V4="","",INDEX(D:D,MATCH(V4,F:F,0))) -> 日進B | U4: =IF(V4="","",INDEX(E:E,MATCH(V4,F:F,0))) -> 24 | V4: =IF(COUNT(J:J)<ROW(B2),"",INDEX(F:F,SMALL(J:J,ROW(B2)))) -> 谷口 洋子 | W4: =IF(V4="","",INDEX(H:H,MATCH(V4,F:F,0))) -> 6 | X4: =IF(V4="","",INDEX(AE:AE,MATCH(V4,AB:AB,0))) -> 6.101111 | Z4: =IF(選手!B3="","",選手!B3) -> 春日井A | AA4: =IF(選手!C3="","",選手!C3) -> 2 | AB4: =IF(選手!D3="","",選手!D3) -> 伊藤 恭浩 | AC4: =IF(選手!E3="","",選手!E3) -> 男 | AD4: =記録!X5 -> 6 | AE4: =記録!X4 -> 6.1011101 | AF4: =AG4+COUNTIF(AG3:AG4,AG4)-1 -> 7 | AG4: =_xlfn.RANK.EQ(AE4,AE:AE) -> 7
B5: 3 | C5: =SMALL(AG:AG, B5) -> 3 | D5: =INDEX(Z:Z,MATCH(B5,AF:AF,0)) -> 長久手B | E5: =INDEX(AA:AA,MATCH(B5,AF:AF,0)) -> 32 | F5: =INDEX(AB:AB,MATCH(B5,AF:AF,0)) -> 野々垣 奈緒子 | G5: =INDEX(AC:AC,MATCH(B5,AF:AF,0)) -> 女 | H5: =IF(INDEX(AD:AD,MATCH(F5,AB:AB,0))=8,"皆中",INDEX(AD:AD,MATCH(F5,AB:AB,0))) -> 7 | I5: =IF($G5="男",ROW(),"") | J5: =IF($G5="女",ROW(),"") -> 5 | L5: =IF(O5="","",_xlfn.RANK.EQ(Q5,Q:Q)) -> 3 | M5: =IF(O5="","",INDEX(D:D,MATCH(O5,F:F,0))) -> 瀬戸A | N5: =IF(O5="","",INDEX(E:E,MATCH(O5,F:F,0))) -> 54 | O5: =IF(COUNT(I:I)<ROW(B3),"",INDEX(F:F,SMALL(I:I,ROW(B3)))) -> 野村 清美 | P5: =IF(O5="","",INDEX(H:H,MATCH(O5,F:F,0))) -> 6 | Q5: =IF(O5="","",INDEX(AE:AE,MATCH(O5,AB:AB,0))) -> 6.1111011 | S5: =IF(V5="","",_xlfn.RANK.EQ(X5,X:X)) -> 3 | T5: =IF(V5="","",INDEX(D:D,MATCH(V5,F:F,0))) -> 瀬戸B | U5: =IF(V5="","",INDEX(E:E,MATCH(V5,F:F,0))) -> 59 | V5: =IF(COUNT(J:J)<ROW(B3),"",INDEX(F:F,SMALL(J:J,ROW(B3)))) -> 瀬山 博子 | W5: =IF(V5="","",INDEX(H:H,MATCH(V5,F:F,0))) -> 5 | X5: =IF(V5="","",INDEX(AE:AE,MATCH(V5,AB:AB,0))) -> 5.1110101 | Z5: =IF(選手!B4="","",選手!B4) -> 春日井A | AA5: =IF(選手!C4="","",選手!C4) -> 3 | AB5: =IF(選手!D4="","",選手!D4) -> 大嶋 啓嗣 | AC5: =IF(選手!E4="","",選手!E4) -> 男 | AD5: =記録!W5 -> 3 | AE5: =記録!W4 -> 3.10101 | AF5: =AG5+COUNTIF(AG3:AG5,AG5)-1 -> 41 | AG5: =_xlfn.RANK.EQ(AE5,AE:AE) -> 41
B6: 4 | C6: =SMALL(AG:AG, B6) -> 4 | D6: =INDEX(Z:Z,MATCH(B6,AF:AF,0)) -> 瀬戸A | E6: =INDEX(AA:AA,MATCH(B6,AF:AF,0)) -> 54 | F6: =INDEX(AB:AB,MATCH(B6,AF:AF,0)) -> 野村 清美 | G6: =INDEX(AC:AC,MATCH(B6,AF:AF,0)) -> 男 | H6: =IF(INDEX(AD:AD,MATCH(F6,AB:AB,0))=8,"皆中",INDEX(AD:AD,MATCH(F6,AB:AB,0))) -> 6 | I6: =IF($G6="男",ROW(),"") -> 6 | J6: =IF($G6="女",ROW(),"") | L6: =IF(O6="","",_xlfn.RANK.EQ(Q6,Q:Q)) -> 4 | M6: =IF(O6="","",INDEX(D:D,MATCH(O6,F:F,0))) -> 愛知A | N6: =IF(O6="","",INDEX(E:E,MATCH(O6,F:F,0))) -> 52 | O6: =IF(COUNT(I:I)<ROW(B4),"",INDEX(F:F,SMALL(I:I,ROW(B4)))) -> 木村 憲司 | P6: =IF(O6="","",INDEX(H:H,MATCH(O6,F:F,0))) -> 6 | Q6: =IF(O6="","",INDEX(AE:AE,MATCH(O6,AB:AB,0))) -> 6.111101 | S6: =IF(V6="","",_xlfn.RANK.EQ(X6,X:X)) -> 4 | T6: =IF(V6="","",INDEX(D:D,MATCH(V6,F:F,0))) -> 春日井B | U6: =IF(V6="","",INDEX(E:E,MATCH(V6,F:F,0))) -> 7 | V6: =IF(COUNT(J:J)<ROW(B4),"",INDEX(F:F,SMALL(J:J,ROW(B4)))) -> 片桐 志保 | W6: =IF(V6="","",INDEX(H:H,MATCH(V6,F:F,0))) -> 5 | X6: =IF(V6="","",INDEX(AE:AE,MATCH(V6,AB:AB,0))) -> 5.1100101 | Z6: =IF(選手!B5="","",選手!B5) -> 春日井A | AA6: =IF(選手!C5="","",選手!C5) -> 4 | AB6: =IF(選手!D5="","",選手!D5) -> 田井 泰 | AC6: =IF(選手!E5="","",選手!E5) -> 男 | AD6: =記録!V5 -> 7 | AE6: =記録!V4 -> 7.1111011 | AF6: =AG6+COUNTIF(AG3:AG6,AG6)-1 -> 1 | AG6: =_xlfn.RANK.EQ(AE6,AE:AE) -> 1
B7: 5 | C7: =SMALL(AG:AG, B7) -> 5 | D7: =INDEX(Z:Z,MATCH(B7,AF:AF,0)) -> 愛知A | E7: =INDEX(AA:AA,MATCH(B7,AF:AF,0)) -> 52 | F7: =INDEX(AB:AB,MATCH(B7,AF:AF,0)) -> 木村 憲司 | G7: =INDEX(AC:AC,MATCH(B7,AF:AF,0)) -> 男 | H7: =IF(INDEX(AD:AD,MATCH(F7,AB:AB,0))=8,"皆中",INDEX(AD:AD,MATCH(F7,AB:AB,0))) -> 6 | I7: =IF($G7="男",ROW(),"") -> 7 | J7: =IF($G7="女",ROW(),"") | L7: =IF(O7="","",_xlfn.RANK.EQ(Q7,Q:Q)) -> 5 | M7: =IF(O7="","",INDEX(D:D,MATCH(O7,F:F,0))) -> 春日井A | N7: =IF(O7="","",INDEX(E:E,MATCH(O7,F:F,0))) -> 2 | O7: =IF(COUNT(I:I)<ROW(B5),"",INDEX(F:F,SMALL(I:I,ROW(B5)))) -> 伊藤 恭浩 | P7: =IF(O7="","",INDEX(H:H,MATCH(O7,F:F,0))) -> 6 | Q7: =IF(O7="","",INDEX(AE:AE,MATCH(O7,AB:AB,0))) -> 6.1011101 | S7: =IF(V7="","",_xlfn.RANK.EQ(X7,X:X)) -> 5 | T7: =IF(V7="","",INDEX(D:D,MATCH(V7,F:F,0))) -> 豊明B | U7: =IF(V7="","",INDEX(E:E,MATCH(V7,F:F,0))) -> 15 | V7: =IF(COUNT(J:J)<ROW(B5),"",INDEX(F:F,SMALL(J:J,ROW(B5)))) -> 樋田 良子 | W7: =IF(V7="","",INDEX(H:H,MATCH(V7,F:F,0))) -> 5 | X7: =IF(V7="","",INDEX(AE:AE,MATCH(V7,AB:AB,0))) -> 5.1011011 | Z7: =IF(選手!B6="","",選手!B6) -> 春日井B | AA7: =IF(選手!C6="","",選手!C6) -> 5 | AB7: =IF(選手!D6="","",選手!D6) -> 佃 弘美 | AC7: =IF(選手!E6="","",選手!E6) -> 女 | AD7: =記録!U5 -> 4 | AE7: =記録!U4 -> 4.1010101 | AF7: =AG7+COUNTIF(AG3:AG7,AG7)-1 -> 31 | AG7: =_xlfn.RANK.EQ(AE7,AE:AE) -> 31
B8: 6 | C8: =SMALL(AG:AG, B8) -> 6 | D8: =INDEX(Z:Z,MATCH(B8,AF:AF,0)) -> 日進B | E8: =INDEX(AA:AA,MATCH(B8,AF:AF,0)) -> 24 | F8: =INDEX(AB:AB,MATCH(B8,AF:AF,0)) -> 谷口 洋子 | G8: =INDEX(AC:AC,MATCH(B8,AF:AF,0)) -> 女 | H8: =IF(INDEX(AD:AD,MATCH(F8,AB:AB,0))=8,"皆中",INDEX(AD:AD,MATCH(F8,AB:AB,0))) -> 6 | I8: =IF($G8="男",ROW(),"") | J8: =IF($G8="女",ROW(),"") -> 8 | L8: =IF(O8="","",_xlfn.RANK.EQ(Q8,Q:Q)) -> 6 | M8: =IF(O8="","",INDEX(D:D,MATCH(O8,F:F,0))) -> 長久手A | N8: =IF(O8="","",INDEX(E:E,MATCH(O8,F:F,0))) -> 25 | O8: =IF(COUNT(I:I)<ROW(B6),"",INDEX(F:F,SMALL(I:I,ROW(B6)))) -> 葛西 裕文 | P8: =IF(O8="","",INDEX(H:H,MATCH(O8,F:F,0))) -> 5 | Q8: =IF(O8="","",INDEX(AE:AE,MATCH(O8,AB:AB,0))) -> 5.11011 | S8: =IF(V8="","",_xlfn.RANK.EQ(X8,X:X)) -> 6 | T8: =IF(V8="","",INDEX(D:D,MATCH(V8,F:F,0))) -> 西春日井B | U8: =IF(V8="","",INDEX(E:E,MATCH(V8,F:F,0))) -> 45 | V8: =IF(COUNT(J:J)<ROW(B6),"",INDEX(F:F,SMALL(J:J,ROW(B6)))) -> 村瀬 沙織 | W8: =IF(V8="","",INDEX(H:H,MATCH(V8,F:F,0))) -> 5 | X8: =IF(V8="","",INDEX(AE:AE,MATCH(V8,AB:AB,0))) -> 5.1001101 | Z8: =IF(選手!B7="","",選手!B7) -> 春日井B | AA8: =IF(選手!C7="","",選手!C7) -> 6 | AB8: =IF(選手!D7="","",選手!D7) -> 渡會 あすか | AC8: =IF(選手!E7="","",選手!E7) -> 女 | AD8: =記録!T5 -> 2 | AE8: =記録!T4 -> 2.1001001 | AF8: =AG8+COUNTIF(AG3:AG8,AG8)-1 -> 55 | AG8: =_xlfn.RANK.EQ(AE8,AE:AE) -> 55
B9: 7 | C9: =SMALL(AG:AG, B9) -> 7 | D9: =INDEX(Z:Z,MATCH(B9,AF:AF,0)) -> 春日井A | E9: =INDEX(AA:AA,MATCH(B9,AF:AF,0)) -> 2 | F9: =INDEX(AB:AB,MATCH(B9,AF:AF,0)) -> 伊藤 恭浩 | G9: =INDEX(AC:AC,MATCH(B9,AF:AF,0)) -> 男 | H9: =IF(INDEX(AD:AD,MATCH(F9,AB:AB,0))=8,"皆中",INDEX(AD:AD,MATCH(F9,AB:AB,0))) -> 6 | I9: =IF($G9="男",ROW(),"") -> 9 | J9: =IF($G9="女",ROW(),"") | L9: =IF(O9="","",_xlfn.RANK.EQ(Q9,Q:Q)) -> 7 | M9: =IF(O9="","",INDEX(D:D,MATCH(O9,F:F,0))) -> 日進A | N9: =IF(O9="","",INDEX(E:E,MATCH(O9,F:F,0))) -> 20 | O9: =IF(COUNT(I:I)<ROW(B7),"",INDEX(F:F,SMALL(I:I,ROW(B7)))) -> 志手 俊二 | P9: =IF(O9="","",INDEX(H:H,MATCH(O9,F:F,0))) -> 5 | Q9: =IF(O9="","",INDEX(AE:AE,MATCH(O9,AB:AB,0))) -> 5.1101011 | S9: =IF(V9="","",_xlfn.RANK.EQ(X9,X:X)) -> 7 | T9: =IF(V9="","",INDEX(D:D,MATCH(V9,F:F,0))) -> 日進B | U9: =IF(V9="","",INDEX(E:E,MATCH(V9,F:F,0))) -> 22 | V9: =IF(COUNT(J:J)<ROW(B7),"",INDEX(F:F,SMALL(J:J,ROW(B7)))) -> 越後 奈緒美 | W9: =IF(V9="","",INDEX(H:H,MATCH(V9,F:F,0))) -> 4 | X9: =IF(V9="","",INDEX(AE:AE,MATCH(V9,AB:AB,0))) -> 4.1101011 | Z9: =IF(選手!B8="","",選手!B8) -> 春日井B | AA9: =IF(選手!C8="","",選手!C8) -> 7 | AB9: =IF(選手!D8="","",選手!D8) -> 片桐 志保 | AC9: =IF(選手!E8="","",選手!E8) -> 女 | AD9: =記録!S5 -> 5 | AE9: =記録!S4 -> 5.1100101 | AF9: =AG9+COUNTIF(AG3:AG9,AG9)-1 -> 11 | AG9: =_xlfn.RANK.EQ(AE9,AE:AE) -> 11
B10: 8 | C10: =SMALL(AG:AG, B10) -> 8 | D10: =INDEX(Z:Z,MATCH(B10,AF:AF,0)) -> 瀬戸B | E10: =INDEX(AA:AA,MATCH(B10,AF:AF,0)) -> 59 | F10: =INDEX(AB:AB,MATCH(B10,AF:AF,0)) -> 瀬山 博子 | G10: =INDEX(AC:AC,MATCH(B10,AF:AF,0)) -> 女 | H10: =IF(INDEX(AD:AD,MATCH(F10,AB:AB,0))=8,"皆中",INDEX(AD:AD,MATCH(F10,AB:AB,0))) -> 5 | I10: =IF($G10="男",ROW(),"") | J10: =IF($G10="女",ROW(),"") -> 10 | L10: =IF(O10="","",_xlfn.RANK.EQ(Q10,Q:Q)) -> 8 | M10: =IF(O10="","",INDEX(D:D,MATCH(O10,F:F,0))) -> 尾張旭A | N10: =IF(O10="","",INDEX(E:E,MATCH(O10,F:F,0))) -> 33 | O10: =IF(COUNT(I:I)<ROW(B8),"",INDEX(F:F,SMALL(I:I,ROW(B8)))) -> 西尾 雅司 | P10: =IF(O10="","",INDEX(H:H,MATCH(O10,F:F,0))) -> 5 | Q10: =IF(O10="","",INDEX(AE:AE,MATCH(O10,AB:AB,0))) -> 5.101111 | S10: =IF(V10="","",_xlfn.RANK.EQ(X10,X:X)) -> 8 | T10: =IF(V10="","",INDEX(D:D,MATCH(V10,F:F,0))) -> 西春日井B | U10: =IF(V10="","",INDEX(E:E,MATCH(V10,F:F,0))) -> 47 | V10: =IF(COUNT(J:J)<ROW(B8),"",INDEX(F:F,SMALL(J:J,ROW(B8)))) -> 荒川 花子 | W10: =IF(V10="","",INDEX(H:H,MATCH(V10,F:F,0))) -> 4 | X10: =IF(V10="","",INDEX(AE:AE,MATCH(V10,AB:AB,0))) -> 4.1101001 | Z10: =IF(選手!B9="","",選手!B9) -> 春日井B | AA10: =IF(選手!C9="","",選手!C9) -> 8 | AB10: =IF(選手!D9="","",選手!D9) -> 伊藤 洋子 | AC10: =IF(選手!E9="","",選手!E9) -> 女 | AD10: =記録!R5 -> 4 | AE10: =記録!R4 -> 4.1101 | AF10: =AG10+COUNTIF(AG3:AG10,AG10)-1 -> 20 | AG10: =_xlfn.RANK.EQ(AE10,AE:AE) -> 20
B11: 9 | C11: =SMALL(AG:AG, B11) -> 9 | D11: =INDEX(Z:Z,MATCH(B11,AF:AF,0)) -> 長久手A | E11: =INDEX(AA:AA,MATCH(B11,AF:AF,0)) -> 25 | F11: =INDEX(AB:AB,MATCH(B11,AF:AF,0)) -> 葛西 裕文 | G11: =INDEX(AC:AC,MATCH(B11,AF:AF,0)) -> 男 | H11: =IF(INDEX(AD:AD,MATCH(F11,AB:AB,0))=8,"皆中",INDEX(AD:AD,MATCH(F11,AB:AB,0))) -> 5 | I11: =IF($G11="男",ROW(),"") -> 11 | J11: =IF($G11="女",ROW(),"") | L11: =IF(O11="","",_xlfn.RANK.EQ(Q11,Q:Q)) -> 9 | M11: =IF(O11="","",INDEX(D:D,MATCH(O11,F:F,0))) -> 愛知A | N11: =IF(O11="","",INDEX(E:E,MATCH(O11,F:F,0))) -> 51 | O11: =IF(COUNT(I:I)<ROW(B9),"",INDEX(F:F,SMALL(I:I,ROW(B9)))) -> 小沢 浩寿 | P11: =IF(O11="","",INDEX(H:H,MATCH(O11,F:F,0))) -> 5 | Q11: =IF(O11="","",INDEX(AE:AE,MATCH(O11,AB:AB,0))) -> 5.1011101 | S11: =IF(V11="","",_xlfn.RANK.EQ(X11,X:X)) -> 9 | T11: =IF(V11="","",INDEX(D:D,MATCH(V11,F:F,0))) -> 春日井B | U11: =IF(V11="","",INDEX(E:E,MATCH(V11,F:F,0))) -> 8 | V11: =IF(COUNT(J:J)<ROW(B9),"",INDEX(F:F,SMALL(J:J,ROW(B9)))) -> 伊藤 洋子 | W11: =IF(V11="","",INDEX(H:H,MATCH(V11,F:F,0))) -> 4 | X11: =IF(V11="","",INDEX(AE:AE,MATCH(V11,AB:AB,0))) -> 4.1101 | Z11: =IF(選手!B10="","",選手!B10) -> 豊明A | AA11: =IF(選手!C10="","",選手!C10) -> 9 | AB11: =IF(選手!D10="","",選手!D10) -> 近藤 雄介 | AC11: =IF(選手!E10="","",選手!E10) -> 男 | AD11: =記録!Q5 -> 3 | AE11: =記録!Q4 -> 3.111 | AF11: =AG11+COUNTIF(AG3:AG11,AG11)-1 -> 33 | AG11: =_xlfn.RANK.EQ(AE11,AE:AE) -> 33
B12: 10 | C12: =SMALL(AG:AG, B12) -> 10 | D12: =INDEX(Z:Z,MATCH(B12,AF:AF,0)) -> 日進A | E12: =INDEX(AA:AA,MATCH(B12,AF:AF,0)) -> 20 | F12: =INDEX(AB:AB,MATCH(B12,AF:AF,0)) -> 志手 俊二 | G12: =INDEX(AC:AC,MATCH(B12,AF:AF,0)) -> 男 | H12: =IF(INDEX(AD:AD,MATCH(F12,AB:AB,0))=8,"皆中",INDEX(AD:AD,MATCH(F12,AB:AB,0))) -> 5 | I12: =IF($G12="男",ROW(),"") -> 12 | J12: =IF($G12="女",ROW(),"") | L12: =IF(O12="","",_xlfn.RANK.EQ(Q12,Q:Q)) -> 10 | M12: =IF(O12="","",INDEX(D:D,MATCH(O12,F:F,0))) -> 春日井A | N12: =IF(O12="","",INDEX(E:E,MATCH(O12,F:F,0))) -> 1 | O12: =IF(COUNT(I:I)<ROW(B10),"",INDEX(F:F,SMALL(I:I,ROW(B10)))) -> 峯 徹 | P12: =IF(O12="","",INDEX(H:H,MATCH(O12,F:F,0))) -> 5 | Q12: =IF(O12="","",INDEX(AE:AE,MATCH(O12,AB:AB,0))) -> 5.101101 | S12: =IF(V12="","",_xlfn.RANK.EQ(X12,X:X)) -> 10 | T12: =IF(V12="","",INDEX(D:D,MATCH(V12,F:F,0))) -> 日進B | U12: =IF(V12="","",INDEX(E:E,MATCH(V12,F:F,0))) -> 21 | V12: =IF(COUNT(J:J)<ROW(B10),"",INDEX(F:F,SMALL(J:J,ROW(B10)))) -> 後藤 徳子 | W12: =IF(V12="","",INDEX(H:H,MATCH(V12,F:F,0))) -> 4 | X12: =IF(V12="","",INDEX(AE:AE,MATCH(V12,AB:AB,0))) -> 4.1100101 | Z12: =IF(選手!B11="","",選手!B11) -> 豊明A | AA12: =IF(選手!C11="","",選手!C11) -> 10 | AB12: =IF(選手!D11="","",選手!D11) -> 近藤 治 | AC12: =IF(選手!E11="","",選手!E11) -> 男 | AD12: =記録!P5 -> 3 | AE12: =記録!P4 -> 3.1010101 | AF12: =AG12+COUNTIF(AG3:AG12,AG12)-1 -> 39 | AG12: =_xlfn.RANK.EQ(AE12,AE:AE) -> 39
B13: 11 | C13: =SMALL(AG:AG, B13) -> 11 | D13: =INDEX(Z:Z,MATCH(B13,AF:AF,0)) -> 春日井B | E13: =INDEX(AA:AA,MATCH(B13,AF:AF,0)) -> 7 | F13: =INDEX(AB:AB,MATCH(B13,AF:AF,0)) -> 片桐 志保 | G13: =INDEX(AC:AC,MATCH(B13,AF:AF,0)) -> 女 | H13: =IF(INDEX(AD:AD,MATCH(F13,AB:AB,0))=8,"皆中",INDEX(AD:AD,MATCH(F13,AB:AB,0))) -> 5 | I13: =IF($G13="男",ROW(),"") | J13: =IF($G13="女",ROW(),"") -> 13 | L13: =IF(O13="","",_xlfn.RANK.EQ(Q13,Q:Q)) -> 11 | M13: =IF(O13="","",INDEX(D:D,MATCH(O13,F:F,0))) -> 愛知A | N13: =IF(O13="","",INDEX(E:E,MATCH(O13,F:F,0))) -> 50 | O13: =IF(COUNT(I:I)<ROW(B11),"",INDEX(F:F,SMALL(I:I,ROW(B11)))) -> 平野 良則 | P13: =IF(O13="","",INDEX(H:H,MATCH(O13,F:F,0))) -> 4 | Q13: =IF(O13="","",INDEX(AE:AE,MATCH(O13,AB:AB,0))) -> 4.110101 | S13: =IF(V13="","",_xlfn.RANK.EQ(X13,X:X)) -> 11 | T13: =IF(V13="","",INDEX(D:D,MATCH(V13,F:F,0))) -> 豊明B | U13: =IF(V13="","",INDEX(E:E,MATCH(V13,F:F,0))) -> 13 | V13: =IF(COUNT(J:J)<ROW(B11),"",INDEX(F:F,SMALL(J:J,ROW(B11)))) -> 堀井 恵美子 | W13: =IF(V13="","",INDEX(H:H,MATCH(V13,F:F,0))) -> 4 | X13: =IF(V13="","",INDEX(AE:AE,MATCH(V13,AB:AB,0))) -> 4.1100101 | Z13: =IF(選手!B12="","",選手!B12) -> 豊明A | AA13: =IF(選手!C12="","",選手!C12) -> 11 | AB13: =IF(選手!D12="","",選手!D12) -> 外山 康彦 | AC13: =IF(選手!E12="","",選手!E12) -> 男 | AD13: =記録!O5 -> 3 | AE13: =記録!O4 -> 3.110001 | AF13: =AG13+COUNTIF(AG3:AG13,AG13)-1 -> 36 | AG13: =_xlfn.RANK.EQ(AE13,AE:AE) -> 36
B14: 12 | C14: =SMALL(AG:AG, B14) -> 12 | D14: =INDEX(Z:Z,MATCH(B14,AF:AF,0)) -> 尾張旭A | E14: =INDEX(AA:AA,MATCH(B14,AF:AF,0)) -> 33 | F14: =INDEX(AB:AB,MATCH(B14,AF:AF,0)) -> 西尾 雅司 | G14: =INDEX(AC:AC,MATCH(B14,AF:AF,0)) -> 男 | H14: =IF(INDEX(AD:AD,MATCH(F14,AB:AB,0))=8,"皆中",INDEX(AD:AD,MATCH(F14,AB:AB,0))) -> 5 | I14: =IF($G14="男",ROW(),"") -> 14 | J14: =IF($G14="女",ROW(),"") | L14: =IF(O14="","",_xlfn.RANK.EQ(Q14,Q:Q)) -> 12 | M14: =IF(O14="","",INDEX(D:D,MATCH(O14,F:F,0))) -> 尾張旭A | N14: =IF(O14="","",INDEX(E:E,MATCH(O14,F:F,0))) -> 35 | O14: =IF(COUNT(I:I)<ROW(B12),"",INDEX(F:F,SMALL(I:I,ROW(B12)))) -> 大竹 誠 | P14: =IF(O14="","",INDEX(H:H,MATCH(O14,F:F,0))) -> 4 | Q14: =IF(O14="","",INDEX(AE:AE,MATCH(O14,AB:AB,0))) -> 4.1100101 | S14: =IF(V14="","",_xlfn.RANK.EQ(X14,X:X)) -> 11 | T14: =IF(V14="","",INDEX(D:D,MATCH(V14,F:F,0))) -> 長久手B | U14: =IF(V14="","",INDEX(E:E,MATCH(V14,F:F,0))) -> 30 | V14: =IF(COUNT(J:J)<ROW(B12),"",INDEX(F:F,SMALL(J:J,ROW(B12)))) -> 上平 佳織 | W14: =IF(V14="","",INDEX(H:H,MATCH(V14,F:F,0))) -> 4 | X14: =IF(V14="","",INDEX(AE:AE,MATCH(V14,AB:AB,0))) -> 4.1100101 | Z14: =IF(選手!B13="","",選手!B13) -> 豊明A | AA14: =IF(選手!C13="","",選手!C13) -> 12 | AB14: =IF(選手!D13="","",選手!D13) -> 榊原 隆一 | AC14: =IF(選手!E13="","",選手!E13) -> 男 | AD14: =記録!N5 -> 3 | AE14: =記録!N4 -> 3.100101 | AF14: =AG14+COUNTIF(AG3:AG14,AG14)-1 -> 47 | AG14: =_xlfn.RANK.EQ(AE14,AE:AE) -> 47
B15: 13 | C15: =SMALL(AG:AG, B15) -> 13 | D15: =INDEX(Z:Z,MATCH(B15,AF:AF,0)) -> 愛知A | E15: =INDEX(AA:AA,MATCH(B15,AF:AF,0)) -> 51 | F15: =INDEX(AB:AB,MATCH(B15,AF:AF,0)) -> 小沢 浩寿 | G15: =INDEX(AC:AC,MATCH(B15,AF:AF,0)) -> 男 | H15: =IF(INDEX(AD:AD,MATCH(F15,AB:AB,0))=8,"皆中",INDEX(AD:AD,MATCH(F15,AB:AB,0))) -> 5 | I15: =IF($G15="男",ROW(),"") -> 15 | J15: =IF($G15="女",ROW(),"") | L15: =IF(O15="","",_xlfn.RANK.EQ(Q15,Q:Q)) -> 13 | M15: =IF(O15="","",INDEX(D:D,MATCH(O15,F:F,0))) -> 尾張旭A | N15: =IF(O15="","",INDEX(E:E,MATCH(O15,F:F,0))) -> 34 | O15: =IF(COUNT(I:I)<ROW(B13),"",INDEX(F:F,SMALL(I:I,ROW(B13)))) -> 角谷 昌紀 | P15: =IF(O15="","",INDEX(H:H,MATCH(O15,F:F,0))) -> 4 | Q15: =IF(O15="","",INDEX(AE:AE,MATCH(O15,AB:AB,0))) -> 4.101101 | S15: =IF(V15="","",_xlfn.RANK.EQ(X15,X:X)) -> 13 | T15: =IF(V15="","",INDEX(D:D,MATCH(V15,F:F,0))) -> 瀬戸B | U15: =IF(V15="","",INDEX(E:E,MATCH(V15,F:F,0))) -> 58 | V15: =IF(COUNT(J:J)<ROW(B13),"",INDEX(F:F,SMALL(J:J,ROW(B13)))) -> 加藤 節子 | W15: =IF(V15="","",INDEX(H:H,MATCH(V15,F:F,0))) -> 4 | X15: =IF(V15="","",INDEX(AE:AE,MATCH(V15,AB:AB,0))) -> 4.1011001 | Z15: =IF(選手!B14="","",選手!B14) -> 豊明B | AA15: =IF(選手!C14="","",選手!C14) -> 13 | AB15: =IF(選手!D14="","",選手!D14) -> 堀井 恵美子 | AC15: =IF(選手!E14="","",選手!E14) -> 女 | AD15: =記録!M5 -> 4 | AE15: =記録!M4 -> 4.1100101 | AF15: =AG15+COUNTIF(AG3:AG15,AG15)-1 -> 23 | AG15: =_xlfn.RANK.EQ(AE15,AE:AE) -> 23
B16: 14 | C16: =SMALL(AG:AG, B16) -> 14 | D16: =INDEX(Z:Z,MATCH(B16,AF:AF,0)) -> 豊明B | E16: =INDEX(AA:AA,MATCH(B16,AF:AF,0)) -> 15 | F16: =INDEX(AB:AB,MATCH(B16,AF:AF,0)) -> 樋田 良子 | G16: =INDEX(AC:AC,MATCH(B16,AF:AF,0)) -> 女 | H16: =IF(INDEX(AD:AD,MATCH(F16,AB:AB,0))=8,"皆中",INDEX(AD:AD,MATCH(F16,AB:AB,0))) -> 5 | I16: =IF($G16="男",ROW(),"") | J16: =IF($G16="女",ROW(),"") -> 16 | L16: =IF(O16="","",_xlfn.RANK.EQ(Q16,Q:Q)) -> 14 | M16: =IF(O16="","",INDEX(D:D,MATCH(O16,F:F,0))) -> 長久手A | N16: =IF(O16="","",INDEX(E:E,MATCH(O16,F:F,0))) -> 28 | O16: =IF(COUNT(I:I)<ROW(B14),"",INDEX(F:F,SMALL(I:I,ROW(B14)))) -> 芝田 典久 | P16: =IF(O16="","",INDEX(H:H,MATCH(O16,F:F,0))) -> 4 | Q16: =IF(O16="","",INDEX(AE:AE,MATCH(O16,AB:AB,0))) -> 4.1011001 | S16: =IF(V16="","",_xlfn.RANK.EQ(X16,X:X)) -> 14 | T16: =IF(V16="","",INDEX(D:D,MATCH(V16,F:F,0))) -> 春日井B | U16: =IF(V16="","",INDEX(E:E,MATCH(V16,F:F,0))) -> 5 | V16: =IF(COUNT(J:J)<ROW(B14),"",INDEX(F:F,SMALL(J:J,ROW(B14)))) -> 佃 弘美 | W16: =IF(V16="","",INDEX(H:H,MATCH(V16,F:F,0))) -> 4 | X16: =IF(V16="","",INDEX(AE:AE,MATCH(V16,AB:AB,0))) -> 4.1010101 | Z16: =IF(選手!B15="","",選手!B15) -> 豊明B | AA16: =IF(選手!C15="","",選手!C15) -> 14 | AB16: =IF(選手!D15="","",選手!D15) -> 深見 裕子 | AC16: =IF(選手!E15="","",選手!E15) -> 女 | AD16: =記録!L5 -> 3 | AE16: =記録!L4 -> 3.10101 | AF16: =AG16+COUNTIF(AG3:AG16,AG16)-1 -> 42 | AG16: =_xlfn.RANK.EQ(AE16,AE:AE) -> 41
B17: 15 | C17: =SMALL(AG:AG, B17) -> 15 | D17: =INDEX(Z:Z,MATCH(B17,AF:AF,0)) -> 春日井A | E17: =INDEX(AA:AA,MATCH(B17,AF:AF,0)) -> 1 | F17: =INDEX(AB:AB,MATCH(B17,AF:AF,0)) -> 峯 徹 | G17: =INDEX(AC:AC,MATCH(B17,AF:AF,0)) -> 男 | H17: =IF(INDEX(AD:AD,MATCH(F17,AB:AB,0))=8,"皆中",INDEX(AD:AD,MATCH(F17,AB:AB,0))) -> 5 | I17: =IF($G17="男",ROW(),"") -> 17 | J17: =IF($G17="女",ROW(),"") | L17: =IF(O17="","",_xlfn.RANK.EQ(Q17,Q:Q)) -> 15 | M17: =IF(O17="","",INDEX(D:D,MATCH(O17,F:F,0))) -> 尾張旭A | N17: =IF(O17="","",INDEX(E:E,MATCH(O17,F:F,0))) -> 36 | O17: =IF(COUNT(I:I)<ROW(B15),"",INDEX(F:F,SMALL(I:I,ROW(B15)))) -> 山田 英治 | P17: =IF(O17="","",INDEX(H:H,MATCH(O17,F:F,0))) -> 4 | Q17: =IF(O17="","",INDEX(AE:AE,MATCH(O17,AB:AB,0))) -> 4.1011001 | S17: =IF(V17="","",_xlfn.RANK.EQ(X17,X:X)) -> 15 | T17: =IF(V17="","",INDEX(D:D,MATCH(V17,F:F,0))) -> 尾張旭B | U17: =IF(V17="","",INDEX(E:E,MATCH(V17,F:F,0))) -> 38 | V17: =IF(COUNT(J:J)<ROW(B15),"",INDEX(F:F,SMALL(J:J,ROW(B15)))) -> 北川 裕希子 | W17: =IF(V17="","",INDEX(H:H,MATCH(V17,F:F,0))) -> 3 | X17: =IF(V17="","",INDEX(AE:AE,MATCH(V17,AB:AB,0))) -> 3.1101 | Z17: =IF(選手!B16="","",選手!B16) -> 豊明B | AA17: =IF(選手!C16="","",選手!C16) -> 15 | AB17: =IF(選手!D16="","",選手!D16) -> 樋田 良子 | AC17: =IF(選手!E16="","",選手!E16) -> 女 | AD17: =記録!K5 -> 5 | AE17: =記録!K4 -> 5.1011011 | AF17: =AG17+COUNTIF(AG3:AG17,AG17)-1 -> 14 | AG17: =_xlfn.RANK.EQ(AE17,AE:AE) -> 14
B18: 16 | C18: =SMALL(AG:AG, B18) -> 16 | D18: =INDEX(Z:Z,MATCH(B18,AF:AF,0)) -> 西春日井B | E18: =INDEX(AA:AA,MATCH(B18,AF:AF,0)) -> 45 | F18: =INDEX(AB:AB,MATCH(B18,AF:AF,0)) -> 村瀬 沙織 | G18: =INDEX(AC:AC,MATCH(B18,AF:AF,0)) -> 女 | H18: =IF(INDEX(AD:AD,MATCH(F18,AB:AB,0))=8,"皆中",INDEX(AD:AD,MATCH(F18,AB:AB,0))) -> 5 | I18: =IF($G18="男",ROW(),"") | J18: =IF($G18="女",ROW(),"") -> 18 | L18: =IF(O18="","",_xlfn.RANK.EQ(Q18,Q:Q)) -> 16 | M18: =IF(O18="","",INDEX(D:D,MATCH(O18,F:F,0))) -> 愛知A | N18: =IF(O18="","",INDEX(E:E,MATCH(O18,F:F,0))) -> 49 | O18: =IF(COUNT(I:I)<ROW(B16),"",INDEX(F:F,SMALL(I:I,ROW(B16)))) -> 門矢 誠 | P18: =IF(O18="","",INDEX(H:H,MATCH(O18,F:F,0))) -> 4 | Q18: =IF(O18="","",INDEX(AE:AE,MATCH(O18,AB:AB,0))) -> 4.1010111 | S18: =IF(V18="","",_xlfn.RANK.EQ(X18,X:X)) -> 16 | T18: =IF(V18="","",INDEX(D:D,MATCH(V18,F:F,0))) -> 瀬戸B | U18: =IF(V18="","",INDEX(E:E,MATCH(V18,F:F,0))) -> 57 | V18: =IF(COUNT(J:J)<ROW(B16),"",INDEX(F:F,SMALL(J:J,ROW(B16)))) -> 谷口 弥生 | W18: =IF(V18="","",INDEX(H:H,MATCH(V18,F:F,0))) -> 3 | X18: =IF(V18="","",INDEX(AE:AE,MATCH(V18,AB:AB,0))) -> 3.110001 | Z18: =IF(選手!B17="","",選手!B17) -> 豊明B | AA18: =IF(選手!C17="","",選手!C17) -> 16 | AB18: =IF(選手!D17="","",選手!D17) -> 谷口 祥子 | AC18: =IF(選手!E17="","",選手!E17) -> 女 | AD18: =記録!J5 -> 2 | AE18: =記録!J4 -> 2.1001 | AF18: =AG18+COUNTIF(AG3:AG18,AG18)-1 -> 57 | AG18: =_xlfn.RANK.EQ(AE18,AE:AE) -> 57
B19: 17 | C19: =SMALL(AG:AG, B19) -> 17 | D19: =INDEX(Z:Z,MATCH(B19,AF:AF,0)) -> 日進B | E19: =INDEX(AA:AA,MATCH(B19,AF:AF,0)) -> 22 | F19: =INDEX(AB:AB,MATCH(B19,AF:AF,0)) -> 越後 奈緒美 | G19: =INDEX(AC:AC,MATCH(B19,AF:AF,0)) -> 女 | H19: =IF(INDEX(AD:AD,MATCH(F19,AB:AB,0))=8,"皆中",INDEX(AD:AD,MATCH(F19,AB:AB,0))) -> 4 | I19: =IF($G19="男",ROW(),"") | J19: =IF($G19="女",ROW(),"") -> 19 | L19: =IF(O19="","",_xlfn.RANK.EQ(Q19,Q:Q)) -> 17 | M19: =IF(O19="","",INDEX(D:D,MATCH(O19,F:F,0))) -> 長久手A | N19: =IF(O19="","",INDEX(E:E,MATCH(O19,F:F,0))) -> 26 | O19: =IF(COUNT(I:I)<ROW(B17),"",INDEX(F:F,SMALL(I:I,ROW(B17)))) -> 松永 安太郎 | P19: =IF(O19="","",INDEX(H:H,MATCH(O19,F:F,0))) -> 4 | Q19: =IF(O19="","",INDEX(AE:AE,MATCH(O19,AB:AB,0))) -> 4.101011 | S19: =IF(V19="","",_xlfn.RANK.EQ(X19,X:X)) -> 17 | T19: =IF(V19="","",INDEX(D:D,MATCH(V19,F:F,0))) -> 西春日井B | U19: =IF(V19="","",INDEX(E:E,MATCH(V19,F:F,0))) -> 46 | V19: =IF(COUNT(J:J)<ROW(B17),"",INDEX(F:F,SMALL(J:J,ROW(B17)))) -> 中神 佐知子 | W19: =IF(V19="","",INDEX(H:H,MATCH(V19,F:F,0))) -> 3 | X19: =IF(V19="","",INDEX(AE:AE,MATCH(V19,AB:AB,0))) -> 3.1011 | Z19: =IF(選手!B18="","",選手!B18) -> 日進A | AA19: =IF(選手!C18="","",選手!C18) -> 17 | AB19: =IF(選手!D18="","",選手!D18) -> 新美 友治 | AC19: =IF(選手!E18="","",選手!E18) -> 男 | AD19: =記録!I5 -> 4 | AE19: =記録!I4 -> 4.1001011 | AF19: =AG19+COUNTIF(AG3:AG19,AG19)-1 -> 32 | AG19: =_xlfn.RANK.EQ(AE19,AE:AE) -> 32
B20: 18 | C20: =SMALL(AG:AG, B20) -> 18 | D20: =INDEX(Z:Z,MATCH(B20,AF:AF,0)) -> 愛知A | E20: =INDEX(AA:AA,MATCH(B20,AF:AF,0)) -> 50 | F20: =INDEX(AB:AB,MATCH(B20,AF:AF,0)) -> 平野 良則 | G20: =INDEX(AC:AC,MATCH(B20,AF:AF,0)) -> 男 | H20: =IF(INDEX(AD:AD,MATCH(F20,AB:AB,0))=8,"皆中",INDEX(AD:AD,MATCH(F20,AB:AB,0))) -> 4 | I20: =IF($G20="男",ROW(),"") -> 20 | J20: =IF($G20="女",ROW(),"") | L20: =IF(O20="","",_xlfn.RANK.EQ(Q20,Q:Q)) -> 18 | M20: =IF(O20="","",INDEX(D:D,MATCH(O20,F:F,0))) -> 日進A | N20: =IF(O20="","",INDEX(E:E,MATCH(O20,F:F,0))) -> 17 | O20: =IF(COUNT(I:I)<ROW(B18),"",INDEX(F:F,SMALL(I:I,ROW(B18)))) -> 新美 友治 | P20: =IF(O20="","",INDEX(H:H,MATCH(O20,F:F,0))) -> 4 | Q20: =IF(O20="","",INDEX(AE:AE,MATCH(O20,AB:AB,0))) -> 4.1001011 | S20: =IF(V20="","",_xlfn.RANK.EQ(X20,X:X)) -> 18 | T20: =IF(V20="","",INDEX(D:D,MATCH(V20,F:F,0))) -> 尾張旭B | U20: =IF(V20="","",INDEX(E:E,MATCH(V20,F:F,0))) -> 39 | V20: =IF(COUNT(J:J)<ROW(B18),"",INDEX(F:F,SMALL(J:J,ROW(B18)))) -> 安達 初枝 | W20: =IF(V20="","",INDEX(H:H,MATCH(V20,F:F,0))) -> 3 | X20: =IF(V20="","",INDEX(AE:AE,MATCH(V20,AB:AB,0))) -> 3.1010101 | Z20: =IF(選手!B19="","",選手!B19) -> 日進A | AA20: =IF(選手!C19="","",選手!C19) -> 18 | AB20: =IF(選手!D19="","",選手!D19) -> 笠井 大督 | AC20: =IF(選手!E19="","",選手!E19) -> 男 | AD20: =記録!H5 -> 3 | AE20: =記録!H4 -> 3.100101 | AF20: =AG20+COUNTIF(AG3:AG20,AG20)-1 -> 46 | AG20: =_xlfn.RANK.EQ(AE20,AE:AE) -> 46
B21: 19 | C21: =SMALL(AG:AG, B21) -> 19 | D21: =INDEX(Z:Z,MATCH(B21,AF:AF,0)) -> 西春日井B | E21: =INDEX(AA:AA,MATCH(B21,AF:AF,0)) -> 47 | F21: =INDEX(AB:AB,MATCH(B21,AF:AF,0)) -> 荒川 花子 | G21: =INDEX(AC:AC,MATCH(B21,AF:AF,0)) -> 女 | H21: =IF(INDEX(AD:AD,MATCH(F21,AB:AB,0))=8,"皆中",INDEX(AD:AD,MATCH(F21,AB:AB,0))) -> 4 | I21: =IF($G21="男",ROW(),"") | J21: =IF($G21="女",ROW(),"") -> 21 | L21: =IF(O21="","",_xlfn.RANK.EQ(Q21,Q:Q)) -> 19 | M21: =IF(O21="","",INDEX(D:D,MATCH(O21,F:F,0))) -> 豊明A | N21: =IF(O21="","",INDEX(E:E,MATCH(O21,F:F,0))) -> 9 | O21: =IF(COUNT(I:I)<ROW(B19),"",INDEX(F:F,SMALL(I:I,ROW(B19)))) -> 近藤 雄介 | P21: =IF(O21="","",INDEX(H:H,MATCH(O21,F:F,0))) -> 3 | Q21: =IF(O21="","",INDEX(AE:AE,MATCH(O21,AB:AB,0))) -> 3.111 | S21: =IF(V21="","",_xlfn.RANK.EQ(X21,X:X)) -> 19 | T21: =IF(V21="","",INDEX(D:D,MATCH(V21,F:F,0))) -> 豊明B | U21: =IF(V21="","",INDEX(E:E,MATCH(V21,F:F,0))) -> 14 | V21: =IF(COUNT(J:J)<ROW(B19),"",INDEX(F:F,SMALL(J:J,ROW(B19)))) -> 深見 裕子 | W21: =IF(V21="","",INDEX(H:H,MATCH(V21,F:F,0))) -> 3 | X21: =IF(V21="","",INDEX(AE:AE,MATCH(V21,AB:AB,0))) -> 3.10101 | Z21: =IF(選手!B20="","",選手!B20) -> 日進A | AA21: =IF(選手!C20="","",選手!C20) -> 19 | AB21: =IF(選手!D20="","",選手!D20) -> 谷田 直樹 | AC21: =IF(選手!E20="","",選手!E20) -> 男 | AD21: =記録!G5 -> 3 | AE21: =記録!G4 -> 3.11001 | AF21: =AG21+COUNTIF(AG3:AG21,AG21)-1 -> 35 | AG21: =_xlfn.RANK.EQ(AE21,AE:AE) -> 35
B22: 20 | C22: =SMALL(AG:AG, B22) -> 20 | D22: =INDEX(Z:Z,MATCH(B22,AF:AF,0)) -> 春日井B | E22: =INDEX(AA:AA,MATCH(B22,AF:AF,0)) -> 8 | F22: =INDEX(AB:AB,MATCH(B22,AF:AF,0)) -> 伊藤 洋子 | G22: =INDEX(AC:AC,MATCH(B22,AF:AF,0)) -> 女 | H22: =IF(INDEX(AD:AD,MATCH(F22,AB:AB,0))=8,"皆中",INDEX(AD:AD,MATCH(F22,AB:AB,0))) -> 4 | I22: =IF($G22="男",ROW(),"") | J22: =IF($G22="女",ROW(),"") -> 22 | L22: =IF(O22="","",_xlfn.RANK.EQ(Q22,Q:Q)) -> 20 | M22: =IF(O22="","",INDEX(D:D,MATCH(O22,F:F,0))) -> 日進A | N22: =IF(O22="","",INDEX(E:E,MATCH(O22,F:F,0))) -> 19 | O22: =IF(COUNT(I:I)<ROW(B20),"",INDEX(F:F,SMALL(I:I,ROW(B20)))) -> 谷田 直樹 | P22: =IF(O22="","",INDEX(H:H,MATCH(O22,F:F,0))) -> 3 | Q22: =IF(O22="","",INDEX(AE:AE,MATCH(O22,AB:AB,0))) -> 3.11001 | S22: =IF(V22="","",_xlfn.RANK.EQ(X22,X:X)) -> 19 | T22: =IF(V22="","",INDEX(D:D,MATCH(V22,F:F,0))) -> 長久手B | U22: =IF(V22="","",INDEX(E:E,MATCH(V22,F:F,0))) -> 29 | V22: =IF(COUNT(J:J)<ROW(B20),"",INDEX(F:F,SMALL(J:J,ROW(B20)))) -> 澤田 圭子 | W22: =IF(V22="","",INDEX(H:H,MATCH(V22,F:F,0))) -> 3 | X22: =IF(V22="","",INDEX(AE:AE,MATCH(V22,AB:AB,0))) -> 3.10101 | Z22: =IF(選手!B21="","",選手!B21) -> 日進A | AA22: =IF(選手!C21="","",選手!C21) -> 20 | AB22: =IF(選手!D21="","",選手!D21) -> 志手 俊二 | AC22: =IF(選手!E21="","",選手!E21) -> 男 | AD22: =記録!F5 -> 5 | AE22: =記録!F4 -> 5.1101011 | AF22: =AG22+COUNTIF(AG3:AG22,AG22)-1 -> 10 | AG22: =_xlfn.RANK.EQ(AE22,AE:AE) -> 10
B23: 21 | C23: =SMALL(AG:AG, B23) -> 21 | D23: =INDEX(Z:Z,MATCH(B23,AF:AF,0)) -> 日進B | E23: =INDEX(AA:AA,MATCH(B23,AF:AF,0)) -> 21 | F23: =INDEX(AB:AB,MATCH(B23,AF:AF,0)) -> 後藤 徳子 | G23: =INDEX(AC:AC,MATCH(B23,AF:AF,0)) -> 女 | H23: =IF(INDEX(AD:AD,MATCH(F23,AB:AB,0))=8,"皆中",INDEX(AD:AD,MATCH(F23,AB:AB,0))) -> 4 | I23: =IF($G23="男",ROW(),"") | J23: =IF($G23="女",ROW(),"") -> 23 | L23: =IF(O23="","",_xlfn.RANK.EQ(Q23,Q:Q)) -> 21 | M23: =IF(O23="","",INDEX(D:D,MATCH(O23,F:F,0))) -> 豊明A | N23: =IF(O23="","",INDEX(E:E,MATCH(O23,F:F,0))) -> 11 | O23: =IF(COUNT(I:I)<ROW(B21),"",INDEX(F:F,SMALL(I:I,ROW(B21)))) -> 外山 康彦 | P23: =IF(O23="","",INDEX(H:H,MATCH(O23,F:F,0))) -> 3 | Q23: =IF(O23="","",INDEX(AE:AE,MATCH(O23,AB:AB,0))) -> 3.110001 | S23: =IF(V23="","",_xlfn.RANK.EQ(X23,X:X)) -> 21 | T23: =IF(V23="","",INDEX(D:D,MATCH(V23,F:F,0))) -> 日進B | U23: =IF(V23="","",INDEX(E:E,MATCH(V23,F:F,0))) -> 23 | V23: =IF(COUNT(J:J)<ROW(B21),"",INDEX(F:F,SMALL(J:J,ROW(B21)))) -> 入江 美讃 | W23: =IF(V23="","",INDEX(H:H,MATCH(V23,F:F,0))) -> 3 | X23: =IF(V23="","",INDEX(AE:AE,MATCH(V23,AB:AB,0))) -> 3.101 | Z23: =IF(選手!B22="","",選手!B22) -> 日進B | AA23: =IF(選手!C22="","",選手!C22) -> 21 | AB23: =IF(選手!D22="","",選手!D22) -> 後藤 徳子 | AC23: =IF(選手!E22="","",選手!E22) -> 女 | AD23: =記録!E5 -> 4 | AE23: =記録!E4 -> 4.1100101 | AF23: =AG23+COUNTIF(AG3:AG23,AG23)-1 -> 21 | AG23: =_xlfn.RANK.EQ(AE23,AE:AE) -> 21
B24: 22 | C24: =SMALL(AG:AG, B24) -> 21 | D24: =INDEX(Z:Z,MATCH(B24,AF:AF,0)) -> 尾張旭A | E24: =INDEX(AA:AA,MATCH(B24,AF:AF,0)) -> 35 | F24: =INDEX(AB:AB,MATCH(B24,AF:AF,0)) -> 大竹 誠 | G24: =INDEX(AC:AC,MATCH(B24,AF:AF,0)) -> 男 | H24: =IF(INDEX(AD:AD,MATCH(F24,AB:AB,0))=8,"皆中",INDEX(AD:AD,MATCH(F24,AB:AB,0))) -> 4 | I24: =IF($G24="男",ROW(),"") -> 24 | J24: =IF($G24="女",ROW(),"") | L24: =IF(O24="","",_xlfn.RANK.EQ(Q24,Q:Q)) -> 22 | M24: =IF(O24="","",INDEX(D:D,MATCH(O24,F:F,0))) -> 豊明A | N24: =IF(O24="","",INDEX(E:E,MATCH(O24,F:F,0))) -> 10 | O24: =IF(COUNT(I:I)<ROW(B22),"",INDEX(F:F,SMALL(I:I,ROW(B22)))) -> 近藤 治 | P24: =IF(O24="","",INDEX(H:H,MATCH(O24,F:F,0))) -> 3 | Q24: =IF(O24="","",INDEX(AE:AE,MATCH(O24,AB:AB,0))) -> 3.1010101 | S24: =IF(V24="","",_xlfn.RANK.EQ(X24,X:X)) -> 22 | T24: =IF(V24="","",INDEX(D:D,MATCH(V24,F:F,0))) -> 瀬戸B | U24: =IF(V24="","",INDEX(E:E,MATCH(V24,F:F,0))) -> 60 | V24: =IF(COUNT(J:J)<ROW(B22),"",INDEX(F:F,SMALL(J:J,ROW(B22)))) -> 原 由美子 | W24: =IF(V24="","",INDEX(H:H,MATCH(V24,F:F,0))) -> 3 | X24: =IF(V24="","",INDEX(AE:AE,MATCH(V24,AB:AB,0))) -> 3.100101 | Z24: =IF(選手!B23="","",選手!B23) -> 日進B | AA24: =IF(選手!C23="","",選手!C23) -> 22 | AB24: =IF(選手!D23="","",選手!D23) -> 越後 奈緒美 | AC24: =IF(選手!E23="","",選手!E23) -> 女 | AD24: =記録!D5 -> 4 | AE24: =記録!D4 -> 4.1101011 | AF24: =AG24+COUNTIF(AG3:AG24,AG24)-1 -> 17 | AG24: =_xlfn.RANK.EQ(AE24,AE:AE) -> 17
B25: 23 | C25: =SMALL(AG:AG, B25) -> 23 | D25: =INDEX(Z:Z,MATCH(B25,AF:AF,0)) -> 豊明B | E25: =INDEX(AA:AA,MATCH(B25,AF:AF,0)) -> 13 | F25: =INDEX(AB:AB,MATCH(B25,AF:AF,0)) -> 堀井 恵美子 | G25: =INDEX(AC:AC,MATCH(B25,AF:AF,0)) -> 女 | H25: =IF(INDEX(AD:AD,MATCH(F25,AB:AB,0))=8,"皆中",INDEX(AD:AD,MATCH(F25,AB:AB,0))) -> 4 | I25: =IF($G25="男",ROW(),"") | J25: =IF($G25="女",ROW(),"") -> 25 | L25: =IF(O25="","",_xlfn.RANK.EQ(Q25,Q:Q)) -> 23 | M25: =IF(O25="","",INDEX(D:D,MATCH(O25,F:F,0))) -> 春日井A | N25: =IF(O25="","",INDEX(E:E,MATCH(O25,F:F,0))) -> 3 | O25: =IF(COUNT(I:I)<ROW(B23),"",INDEX(F:F,SMALL(I:I,ROW(B23)))) -> 大嶋 啓嗣 | P25: =IF(O25="","",INDEX(H:H,MATCH(O25,F:F,0))) -> 3 | Q25: =IF(O25="","",INDEX(AE:AE,MATCH(O25,AB:AB,0))) -> 3.10101 | S25: =IF(V25="","",_xlfn.RANK.EQ(X25,X:X)) -> 23 | T25: =IF(V25="","",INDEX(D:D,MATCH(V25,F:F,0))) -> 尾張旭B | U25: =IF(V25="","",INDEX(E:E,MATCH(V25,F:F,0))) -> 40 | V25: =IF(COUNT(J:J)<ROW(B23),"",INDEX(F:F,SMALL(J:J,ROW(B23)))) -> 加藤 康子 | W25: =IF(V25="","",INDEX(H:H,MATCH(V25,F:F,0))) -> 2 | X25: =IF(V25="","",INDEX(AE:AE,MATCH(V25,AB:AB,0))) -> 2.11001 | Z25: =IF(選手!B24="","",選手!B24) -> 日進B | AA25: =IF(選手!C24="","",選手!C24) -> 23 | AB25: =IF(選手!D24="","",選手!D24) -> 入江 美讃 | AC25: =IF(選手!E24="","",選手!E24) -> 女 | AD25: =記録!C5 -> 3 | AE25: =記録!C4 -> 3.101 | AF25: =AG25+COUNTIF(AG3:AG25,AG25)-1 -> 45 | AG25: =_xlfn.RANK.EQ(AE25,AE:AE) -> 45
B26: 24 | C26: =SMALL(AG:AG, B26) -> 23 | D26: =INDEX(Z:Z,MATCH(B26,AF:AF,0)) -> 長久手B | E26: =INDEX(AA:AA,MATCH(B26,AF:AF,0)) -> 30 | F26: =INDEX(AB:AB,MATCH(B26,AF:AF,0)) -> 上平 佳織 | G26: =INDEX(AC:AC,MATCH(B26,AF:AF,0)) -> 女 | H26: =IF(INDEX(AD:AD,MATCH(F26,AB:AB,0))=8,"皆中",INDEX(AD:AD,MATCH(F26,AB:AB,0))) -> 4 | I26: =IF($G26="男",ROW(),"") | J26: =IF($G26="女",ROW(),"") -> 26 | L26: =IF(O26="","",_xlfn.RANK.EQ(Q26,Q:Q)) -> 23 | M26: =IF(O26="","",INDEX(D:D,MATCH(O26,F:F,0))) -> 瀬戸A | N26: =IF(O26="","",INDEX(E:E,MATCH(O26,F:F,0))) -> 55 | O26: =IF(COUNT(I:I)<ROW(B24),"",INDEX(F:F,SMALL(I:I,ROW(B24)))) -> 加藤 広史 | P26: =IF(O26="","",INDEX(H:H,MATCH(O26,F:F,0))) -> 3 | Q26: =IF(O26="","",INDEX(AE:AE,MATCH(O26,AB:AB,0))) -> 3.10101 | S26: =IF(V26="","",_xlfn.RANK.EQ(X26,X:X)) -> 24 | T26: =IF(V26="","",INDEX(D:D,MATCH(V26,F:F,0))) -> 尾張旭B | U26: =IF(V26="","",INDEX(E:E,MATCH(V26,F:F,0))) -> 37 | V26: =IF(COUNT(J:J)<ROW(B24),"",INDEX(F:F,SMALL(J:J,ROW(B24)))) -> 田中 沙紀子 | W26: =IF(V26="","",INDEX(H:H,MATCH(V26,F:F,0))) -> 2 | X26: =IF(V26="","",INDEX(AE:AE,MATCH(V26,AB:AB,0))) -> 2.1011 | Z26: =IF(選手!B25="","",選手!B25) -> 日進B | AA26: =IF(選手!C25="","",選手!C25) -> 24 | AB26: =IF(選手!D25="","",選手!D25) -> 谷口 洋子 | AC26: =IF(選手!E25="","",選手!E25) -> 女 | AD26: =記録!B5 -> 6 | AE26: =記録!B4 -> 6.101111 | AF26: =AG26+COUNTIF(AG3:AG26,AG26)-1 -> 6 | AG26: =_xlfn.RANK.EQ(AE26,AE:AE) -> 6
B27: 25 | C27: =SMALL(AG:AG, B27) -> 25 | D27: =INDEX(Z:Z,MATCH(B27,AF:AF,0)) -> 尾張旭A | E27: =INDEX(AA:AA,MATCH(B27,AF:AF,0)) -> 34 | F27: =INDEX(AB:AB,MATCH(B27,AF:AF,0)) -> 角谷 昌紀 | G27: =INDEX(AC:AC,MATCH(B27,AF:AF,0)) -> 男 | H27: =IF(INDEX(AD:AD,MATCH(F27,AB:AB,0))=8,"皆中",INDEX(AD:AD,MATCH(F27,AB:AB,0))) -> 4 | I27: =IF($G27="男",ROW(),"") -> 27 | J27: =IF($G27="女",ROW(),"") | L27: =IF(O27="","",_xlfn.RANK.EQ(Q27,Q:Q)) -> 25 | M27: =IF(O27="","",INDEX(D:D,MATCH(O27,F:F,0))) -> 日進A | N27: =IF(O27="","",INDEX(E:E,MATCH(O27,F:F,0))) -> 18 | O27: =IF(COUNT(I:I)<ROW(B25),"",INDEX(F:F,SMALL(I:I,ROW(B25)))) -> 笠井 大督 | P27: =IF(O27="","",INDEX(H:H,MATCH(O27,F:F,0))) -> 3 | Q27: =IF(O27="","",INDEX(AE:AE,MATCH(O27,AB:AB,0))) -> 3.100101 | S27: =IF(V27="","",_xlfn.RANK.EQ(X27,X:X)) -> 25 | T27: =IF(V27="","",INDEX(D:D,MATCH(V27,F:F,0))) -> 長久手B | U27: =IF(V27="","",INDEX(E:E,MATCH(V27,F:F,0))) -> 31 | V27: =IF(COUNT(J:J)<ROW(B25),"",INDEX(F:F,SMALL(J:J,ROW(B25)))) -> 水野 三穂 | W27: =IF(V27="","",INDEX(H:H,MATCH(V27,F:F,0))) -> 2 | X27: =IF(V27="","",INDEX(AE:AE,MATCH(V27,AB:AB,0))) -> 2.100101 | Z27: =IF(選手!B26="","",選手!B26) -> 長久手A | AA27: =IF(選手!C26="","",選手!C26) -> 25 | AB27: =IF(選手!D26="","",選手!D26) -> 葛西 裕文 | AC27: =IF(選手!E26="","",選手!E26) -> 男 | AD27: =記録!Y23 -> 5 | AE27: =記録!Y22 -> 5.11011 | AF27: =AG27+COUNTIF(AG3:AG27,AG27)-1 -> 9 | AG27: =_xlfn.RANK.EQ(AE27,AE:AE) -> 9
B28: 26 | C28: =SMALL(AG:AG, B28) -> 26 | D28: =INDEX(Z:Z,MATCH(B28,AF:AF,0)) -> 長久手A | E28: =INDEX(AA:AA,MATCH(B28,AF:AF,0)) -> 28 | F28: =INDEX(AB:AB,MATCH(B28,AF:AF,0)) -> 芝田 典久 | G28: =INDEX(AC:AC,MATCH(B28,AF:AF,0)) -> 男 | H28: =IF(INDEX(AD:AD,MATCH(F28,AB:AB,0))=8,"皆中",INDEX(AD:AD,MATCH(F28,AB:AB,0))) -> 4 | I28: =IF($G28="男",ROW(),"") -> 28 | J28: =IF($G28="女",ROW(),"") | L28: =IF(O28="","",_xlfn.RANK.EQ(Q28,Q:Q)) -> 26 | M28: =IF(O28="","",INDEX(D:D,MATCH(O28,F:F,0))) -> 豊明A | N28: =IF(O28="","",INDEX(E:E,MATCH(O28,F:F,0))) -> 12 | O28: =IF(COUNT(I:I)<ROW(B26),"",INDEX(F:F,SMALL(I:I,ROW(B26)))) -> 榊原 隆一 | P28: =IF(O28="","",INDEX(H:H,MATCH(O28,F:F,0))) -> 3 | Q28: =IF(O28="","",INDEX(AE:AE,MATCH(O28,AB:AB,0))) -> 3.100101 | S28: =IF(V28="","",_xlfn.RANK.EQ(X28,X:X)) -> 26 | T28: =IF(V28="","",INDEX(D:D,MATCH(V28,F:F,0))) -> 春日井B | U28: =IF(V28="","",INDEX(E:E,MATCH(V28,F:F,0))) -> 6 | V28: =IF(COUNT(J:J)<ROW(B26),"",INDEX(F:F,SMALL(J:J,ROW(B26)))) -> 渡會 あすか | W28: =IF(V28="","",INDEX(H:H,MATCH(V28,F:F,0))) -> 2 | X28: =IF(V28="","",INDEX(AE:AE,MATCH(V28,AB:AB,0))) -> 2.1001001 | Z28: =IF(選手!B27="","",選手!B27) -> 長久手A | AA28: =IF(選手!C27="","",選手!C27) -> 26 | AB28: =IF(選手!D27="","",選手!D27) -> 松永 安太郎 | AC28: =IF(選手!E27="","",選手!E27) -> 男 | AD28: =記録!X23 -> 4 | AE28: =記録!X22 -> 4.101011 | AF28: =AG28+COUNTIF(AG3:AG28,AG28)-1 -> 30 | AG28: =_xlfn.RANK.EQ(AE28,AE:AE) -> 30
B29: 27 | C29: =SMALL(AG:AG, B29) -> 26 | D29: =INDEX(Z:Z,MATCH(B29,AF:AF,0)) -> 瀬戸B | E29: =INDEX(AA:AA,MATCH(B29,AF:AF,0)) -> 58 | F29: =INDEX(AB:AB,MATCH(B29,AF:AF,0)) -> 加藤 節子 | G29: =INDEX(AC:AC,MATCH(B29,AF:AF,0)) -> 女 | H29: =IF(INDEX(AD:AD,MATCH(F29,AB:AB,0))=8,"皆中",INDEX(AD:AD,MATCH(F29,AB:AB,0))) -> 4 | I29: =IF($G29="男",ROW(),"") | J29: =IF($G29="女",ROW(),"") -> 29 | L29: =IF(O29="","",_xlfn.RANK.EQ(Q29,Q:Q)) -> 27 | M29: =IF(O29="","",INDEX(D:D,MATCH(O29,F:F,0))) -> 瀬戸A | N29: =IF(O29="","",INDEX(E:E,MATCH(O29,F:F,0))) -> 56 | O29: =IF(COUNT(I:I)<ROW(B27),"",INDEX(F:F,SMALL(I:I,ROW(B27)))) -> 長江 辰彦 | P29: =IF(O29="","",INDEX(H:H,MATCH(O29,F:F,0))) -> 3 | Q29: =IF(O29="","",INDEX(AE:AE,MATCH(O29,AB:AB,0))) -> 3.1001001 | S29: =IF(V29="","",_xlfn.RANK.EQ(X29,X:X)) -> 27 | T29: =IF(V29="","",INDEX(D:D,MATCH(V29,F:F,0))) -> 豊明B | U29: =IF(V29="","",INDEX(E:E,MATCH(V29,F:F,0))) -> 16 | V29: =IF(COUNT(J:J)<ROW(B27),"",INDEX(F:F,SMALL(J:J,ROW(B27)))) -> 谷口 祥子 | W29: =IF(V29="","",INDEX(H:H,MATCH(V29,F:F,0))) -> 2 | X29: =IF(V29="","",INDEX(AE:AE,MATCH(V29,AB:AB,0))) -> 2.1001 | Z29: =IF(選手!B28="","",選手!B28) -> 長久手A | AA29: =IF(選手!C28="","",選手!C28) -> 27 | AB29: =IF(選手!D28="","",選手!D28) -> 山本 三郎 | AC29: =IF(選手!E28="","",選手!E28) -> 男 | AD29: =記録!W23 -> 7 | AE29: =記録!W22 -> 7.1101111 | AF29: =AG29+COUNTIF(AG3:AG29,AG29)-1 -> 2 | AG29: =_xlfn.RANK.EQ(AE29,AE:AE) -> 2
B30: 28 | C30: =SMALL(AG:AG, B30) -> 28 | D30: =INDEX(Z:Z,MATCH(B30,AF:AF,0)) -> 尾張旭A | E30: =INDEX(AA:AA,MATCH(B30,AF:AF,0)) -> 36 | F30: =INDEX(AB:AB,MATCH(B30,AF:AF,0)) -> 山田 英治 | G30: =INDEX(AC:AC,MATCH(B30,AF:AF,0)) -> 男 | H30: =IF(INDEX(AD:AD,MATCH(F30,AB:AB,0))=8,"皆中",INDEX(AD:AD,MATCH(F30,AB:AB,0))) -> 4 | I30: =IF($G30="男",ROW(),"") -> 30 | J30: =IF($G30="女",ROW(),"") | L30: =IF(O30="","",_xlfn.RANK.EQ(Q30,Q:Q)) -> 28 | M30: =IF(O30="","",INDEX(D:D,MATCH(O30,F:F,0))) -> 瀬戸A | N30: =IF(O30="","",INDEX(E:E,MATCH(O30,F:F,0))) -> 53 | O30: =IF(COUNT(I:I)<ROW(B28),"",INDEX(F:F,SMALL(I:I,ROW(B28)))) -> 矢島 悟朗 | P30: =IF(O30="","",INDEX(H:H,MATCH(O30,F:F,0))) -> 2 | Q30: =IF(O30="","",INDEX(AE:AE,MATCH(O30,AB:AB,0))) -> 2.11 | S30: =IF(V30="","",_xlfn.RANK.EQ(X30,X:X)) -> 28 | T30: =IF(V30="","",INDEX(D:D,MATCH(V30,F:F,0))) -> 西春日井B | U30: =IF(V30="","",INDEX(E:E,MATCH(V30,F:F,0))) -> 48 | V30: =IF(COUNT(J:J)<ROW(B28),"",INDEX(F:F,SMALL(J:J,ROW(B28)))) -> 白井 千鶴子 | W30: =IF(V30="","",INDEX(H:H,MATCH(V30,F:F,0))) -> 1 | X30: =IF(V30="","",INDEX(AE:AE,MATCH(V30,AB:AB,0))) -> 1.1 | Z30: =IF(選手!B29="","",選手!B29) -> 長久手A | AA30: =IF(選手!C29="","",選手!C29) -> 28 | AB30: =IF(選手!D29="","",選手!D29) -> 芝田 典久 | AC30: =IF(選手!E29="","",選手!E29) -> 男 | AD30: =記録!V23 -> 4 | AE30: =記録!V22 -> 4.1011001 | AF30: =AG30+COUNTIF(AG3:AG30,AG30)-1 -> 26 | AG30: =_xlfn.RANK.EQ(AE30,AE:AE) -> 26
B31: 29 | C31: =SMALL(AG:AG, B31) -> 29 | D31: =INDEX(Z:Z,MATCH(B31,AF:AF,0)) -> 愛知A | E31: =INDEX(AA:AA,MATCH(B31,AF:AF,0)) -> 49 | F31: =INDEX(AB:AB,MATCH(B31,AF:AF,0)) -> 門矢 誠 | G31: =INDEX(AC:AC,MATCH(B31,AF:AF,0)) -> 男 | H31: =IF(INDEX(AD:AD,MATCH(F31,AB:AB,0))=8,"皆中",INDEX(AD:AD,MATCH(F31,AB:AB,0))) -> 4 | I31: =IF($G31="男",ROW(),"") -> 31 | J31: =IF($G31="女",ROW(),"") | L31: =IF(O31="","",_xlfn.RANK.EQ(Q31,Q:Q)) -> 29 | M31: =IF(O31="","",INDEX(D:D,MATCH(O31,F:F,0))) -> 西春日井A | N31: =IF(O31="","",INDEX(E:E,MATCH(O31,F:F,0))) -> 42 | O31: =IF(COUNT(I:I)<ROW(B29),"",INDEX(F:F,SMALL(I:I,ROW(B29)))) -> 杉原 伸哉 | P31: =IF(O31="","",INDEX(H:H,MATCH(O31,F:F,0))) -> 2 | Q31: =IF(O31="","",INDEX(AE:AE,MATCH(O31,AB:AB,0))) -> 2.1010001 | S31: =IF(V31="","",_xlfn.RANK.EQ(X31,X:X)) | T31: =IF(V31="","",INDEX(D:D,MATCH(V31,F:F,0))) | U31: =IF(V31="","",INDEX(E:E,MATCH(V31,F:F,0))) | V31: =IF(COUNT(J:J)<ROW(B29),"",INDEX(F:F,SMALL(J:J,ROW(B29)))) | W31: =IF(V31="","",INDEX(H:H,MATCH(V31,F:F,0))) | X31: =IF(V31="","",INDEX(AE:AE,MATCH(V31,AB:AB,0))) | Z31: =IF(選手!B30="","",選手!B30) -> 長久手B | AA31: =IF(選手!C30="","",選手!C30) -> 29 | AB31: =IF(選手!D30="","",選手!D30) -> 澤田 圭子 | AC31: =IF(選手!E30="","",選手!E30) -> 女 | AD31: =記録!U23 -> 3 | AE31: =記録!U22 -> 3.10101 | AF31: =AG31+COUNTIF(AG3:AG31,AG31)-1 -> 43 | AG31: =_xlfn.RANK.EQ(AE31,AE:AE) -> 41
B32: 30 | C32: =SMALL(AG:AG, B32) -> 30 | D32: =INDEX(Z:Z,MATCH(B32,AF:AF,0)) -> 長久手A | E32: =INDEX(AA:AA,MATCH(B32,AF:AF,0)) -> 26 | F32: =INDEX(AB:AB,MATCH(B32,AF:AF,0)) -> 松永 安太郎 | G32: =INDEX(AC:AC,MATCH(B32,AF:AF,0)) -> 男 | H32: =IF(INDEX(AD:AD,MATCH(F32,AB:AB,0))=8,"皆中",INDEX(AD:AD,MATCH(F32,AB:AB,0))) -> 4 | I32: =IF($G32="男",ROW(),"") -> 32 | J32: =IF($G32="女",ROW(),"") | L32: =IF(O32="","",_xlfn.RANK.EQ(Q32,Q:Q)) -> 30 | M32: =IF(O32="","",INDEX(D:D,MATCH(O32,F:F,0))) -> 西春日井A | N32: =IF(O32="","",INDEX(E:E,MATCH(O32,F:F,0))) -> 43 | O32: =IF(COUNT(I:I)<ROW(B30),"",INDEX(F:F,SMALL(I:I,ROW(B30)))) -> 大槻 成実 | P32: =IF(O32="","",INDEX(H:H,MATCH(O32,F:F,0))) -> 2 | Q32: =IF(O32="","",INDEX(AE:AE,MATCH(O32,AB:AB,0))) -> 2.1001001 | S32: =IF(V32="","",_xlfn.RANK.EQ(X32,X:X)) | T32: =IF(V32="","",INDEX(D:D,MATCH(V32,F:F,0))) | U32: =IF(V32="","",INDEX(E:E,MATCH(V32,F:F,0))) | V32: =IF(COUNT(J:J)<ROW(B30),"",INDEX(F:F,SMALL(J:J,ROW(B30)))) | W32: =IF(V32="","",INDEX(H:H,MATCH(V32,F:F,0))) | X32: =IF(V32="","",INDEX(AE:AE,MATCH(V32,AB:AB,0))) | Z32: =IF(選手!B31="","",選手!B31) -> 長久手B | AA32: =IF(選手!C31="","",選手!C31) -> 30 | AB32: =IF(選手!D31="","",選手!D31) -> 上平 佳織 | AC32: =IF(選手!E31="","",選手!E31) -> 女 | AD32: =記録!T23 -> 4 | AE32: =記録!T22 -> 4.1100101 | AF32: =AG32+COUNTIF(AG3:AG32,AG32)-1 -> 24 | AG32: =_xlfn.RANK.EQ(AE32,AE:AE) -> 23
B33: 31 | C33: =SMALL(AG:AG, B33) -> 31 | D33: =INDEX(Z:Z,MATCH(B33,AF:AF,0)) -> 春日井B | E33: =INDEX(AA:AA,MATCH(B33,AF:AF,0)) -> 5 | F33: =INDEX(AB:AB,MATCH(B33,AF:AF,0)) -> 佃 弘美 | G33: =INDEX(AC:AC,MATCH(B33,AF:AF,0)) -> 女 | H33: =IF(INDEX(AD:AD,MATCH(F33,AB:AB,0))=8,"皆中",INDEX(AD:AD,MATCH(F33,AB:AB,0))) -> 4 | I33: =IF($G33="男",ROW(),"") | J33: =IF($G33="女",ROW(),"") -> 33 | L33: =IF(O33="","",_xlfn.RANK.EQ(Q33,Q:Q)) -> 31 | M33: =IF(O33="","",INDEX(D:D,MATCH(O33,F:F,0))) -> 西春日井A | N33: =IF(O33="","",INDEX(E:E,MATCH(O33,F:F,0))) -> 41 | O33: =IF(COUNT(I:I)<ROW(B31),"",INDEX(F:F,SMALL(I:I,ROW(B31)))) -> 丹羽 泰生 | P33: =IF(O33="","",INDEX(H:H,MATCH(O33,F:F,0))) -> 2 | Q33: =IF(O33="","",INDEX(AE:AE,MATCH(O33,AB:AB,0))) -> 2.1001 | S33: =IF(V33="","",_xlfn.RANK.EQ(X33,X:X)) | T33: =IF(V33="","",INDEX(D:D,MATCH(V33,F:F,0))) | U33: =IF(V33="","",INDEX(E:E,MATCH(V33,F:F,0))) | V33: =IF(COUNT(J:J)<ROW(B31),"",INDEX(F:F,SMALL(J:J,ROW(B31)))) | W33: =IF(V33="","",INDEX(H:H,MATCH(V33,F:F,0))) | X33: =IF(V33="","",INDEX(AE:AE,MATCH(V33,AB:AB,0))) | Z33: =IF(選手!B32="","",選手!B32) -> 長久手B | AA33: =IF(選手!C32="","",選手!C32) -> 31 | AB33: =IF(選手!D32="","",選手!D32) -> 水野 三穂 | AC33: =IF(選手!E32="","",選手!E32) -> 女 | AD33: =記録!S23 -> 2 | AE33: =記録!S22 -> 2.100101 | AF33: =AG33+COUNTIF(AG3:AG33,AG33)-1 -> 54 | AG33: =_xlfn.RANK.EQ(AE33,AE:AE) -> 54
B34: 32 | C34: =SMALL(AG:AG, B34) -> 32 | D34: =INDEX(Z:Z,MATCH(B34,AF:AF,0)) -> 日進A | E34: =INDEX(AA:AA,MATCH(B34,AF:AF,0)) -> 17 | F34: =INDEX(AB:AB,MATCH(B34,AF:AF,0)) -> 新美 友治 | G34: =INDEX(AC:AC,MATCH(B34,AF:AF,0)) -> 男 | H34: =IF(INDEX(AD:AD,MATCH(F34,AB:AB,0))=8,"皆中",INDEX(AD:AD,MATCH(F34,AB:AB,0))) -> 4 | I34: =IF($G34="男",ROW(),"") -> 34 | J34: =IF($G34="女",ROW(),"") | L34: =IF(O34="","",_xlfn.RANK.EQ(Q34,Q:Q)) -> 32 | M34: =IF(O34="","",INDEX(D:D,MATCH(O34,F:F,0))) -> 西春日井A | N34: =IF(O34="","",INDEX(E:E,MATCH(O34,F:F,0))) -> 44 | O34: =IF(COUNT(I:I)<ROW(B32),"",INDEX(F:F,SMALL(I:I,ROW(B32)))) -> 加藤 忠人 | P34: =IF(O34="","",INDEX(H:H,MATCH(O34,F:F,0))) -> 1 | Q34: =IF(O34="","",INDEX(AE:AE,MATCH(O34,AB:AB,0))) -> 1.1 | S34: =IF(V34="","",_xlfn.RANK.EQ(X34,X:X)) | T34: =IF(V34="","",INDEX(D:D,MATCH(V34,F:F,0))) | U34: =IF(V34="","",INDEX(E:E,MATCH(V34,F:F,0))) | V34: =IF(COUNT(J:J)<ROW(B32),"",INDEX(F:F,SMALL(J:J,ROW(B32)))) | W34: =IF(V34="","",INDEX(H:H,MATCH(V34,F:F,0))) | X34: =IF(V34="","",INDEX(AE:AE,MATCH(V34,AB:AB,0))) | Z34: =IF(選手!B33="","",選手!B33) -> 長久手B | AA34: =IF(選手!C33="","",選手!C33) -> 32 | AB34: =IF(選手!D33="","",選手!D33) -> 野々垣 奈緒子 | AC34: =IF(選手!E33="","",選手!E33) -> 女 | AD34: =記録!R23 -> 7 | AE34: =記録!R22 -> 7.1011111 | AF34: =AG34+COUNTIF(AG3:AG34,AG34)-1 -> 3 | AG34: =_xlfn.RANK.EQ(AE34,AE:AE) -> 3
B35: 33 | C35: =SMALL(AG:AG, B35) -> 33 | D35: =INDEX(Z:Z,MATCH(B35,AF:AF,0)) -> 豊明A | E35: =INDEX(AA:AA,MATCH(B35,AF:AF,0)) -> 9 | F35: =INDEX(AB:AB,MATCH(B35,AF:AF,0)) -> 近藤 雄介 | G35: =INDEX(AC:AC,MATCH(B35,AF:AF,0)) -> 男 | H35: =IF(INDEX(AD:AD,MATCH(F35,AB:AB,0))=8,"皆中",INDEX(AD:AD,MATCH(F35,AB:AB,0))) -> 3 | I35: =IF($G35="男",ROW(),"") -> 35 | J35: =IF($G35="女",ROW(),"") | L35: =IF(O35="","",_xlfn.RANK.EQ(Q35,Q:Q)) | M35: =IF(O35="","",INDEX(D:D,MATCH(O35,F:F,0))) | N35: =IF(O35="","",INDEX(E:E,MATCH(O35,F:F,0))) | O35: =IF(COUNT(I:I)<ROW(B33),"",INDEX(F:F,SMALL(I:I,ROW(B33)))) | P35: =IF(O35="","",INDEX(H:H,MATCH(O35,F:F,0))) | Q35: =IF(O35="","",INDEX(AE:AE,MATCH(O35,AB:AB,0))) | S35: =IF(V35="","",_xlfn.RANK.EQ(X35,X:X)) | T35: =IF(V35="","",INDEX(D:D,MATCH(V35,F:F,0))) | U35: =IF(V35="","",INDEX(E:E,MATCH(V35,F:F,0))) | V35: =IF(COUNT(J:J)<ROW(B33),"",INDEX(F:F,SMALL(J:J,ROW(B33)))) | W35: =IF(V35="","",INDEX(H:H,MATCH(V35,F:F,0))) | X35: =IF(V35="","",INDEX(AE:AE,MATCH(V35,AB:AB,0))) | Z35: =IF(選手!B34="","",選手!B34) -> 尾張旭A | AA35: =IF(選手!C34="","",選手!C34) -> 33 | AB35: =IF(選手!D34="","",選手!D34) -> 西尾 雅司 | AC35: =IF(選手!E34="","",選手!E34) -> 男 | AD35: =記録!Q23 -> 5 | AE35: =記録!Q22 -> 5.101111 | AF35: =AG35+COUNTIF(AG3:AG35,AG35)-1 -> 12 | AG35: =_xlfn.RANK.EQ(AE35,AE:AE) -> 12
B36: 34 | C36: =SMALL(AG:AG, B36) -> 34 | D36: =INDEX(Z:Z,MATCH(B36,AF:AF,0)) -> 尾張旭B | E36: =INDEX(AA:AA,MATCH(B36,AF:AF,0)) -> 38 | F36: =INDEX(AB:AB,MATCH(B36,AF:AF,0)) -> 北川 裕希子 | G36: =INDEX(AC:AC,MATCH(B36,AF:AF,0)) -> 女 | H36: =IF(INDEX(AD:AD,MATCH(F36,AB:AB,0))=8,"皆中",INDEX(AD:AD,MATCH(F36,AB:AB,0))) -> 3 | I36: =IF($G36="男",ROW(),"") | J36: =IF($G36="女",ROW(),"") -> 36 | L36: =IF(O36="","",_xlfn.RANK.EQ(Q36,Q:Q)) | M36: =IF(O36="","",INDEX(D:D,MATCH(O36,F:F,0))) | N36: =IF(O36="","",INDEX(E:E,MATCH(O36,F:F,0))) | O36: =IF(COUNT(I:I)<ROW(B34),"",INDEX(F:F,SMALL(I:I,ROW(B34)))) | P36: =IF(O36="","",INDEX(H:H,MATCH(O36,F:F,0))) | Q36: =IF(O36="","",INDEX(AE:AE,MATCH(O36,AB:AB,0))) | S36: =IF(V36="","",_xlfn.RANK.EQ(X36,X:X)) | T36: =IF(V36="","",INDEX(D:D,MATCH(V36,F:F,0))) | U36: =IF(V36="","",INDEX(E:E,MATCH(V36,F:F,0))) | V36: =IF(COUNT(J:J)<ROW(B34),"",INDEX(F:F,SMALL(J:J,ROW(B34)))) | W36: =IF(V36="","",INDEX(H:H,MATCH(V36,F:F,0))) | X36: =IF(V36="","",INDEX(AE:AE,MATCH(V36,AB:AB,0))) | Z36: =IF(選手!B35="","",選手!B35) -> 尾張旭A | AA36: =IF(選手!C35="","",選手!C35) -> 34 | AB36: =IF(選手!D35="","",選手!D35) -> 角谷 昌紀 | AC36: =IF(選手!E35="","",選手!E35) -> 男 | AD36: =記録!P23 -> 4 | AE36: =記録!P22 -> 4.101101 | AF36: =AG36+COUNTIF(AG3:AG36,AG36)-1 -> 25 | AG36: =_xlfn.RANK.EQ(AE36,AE:AE) -> 25
B37: 35 | C37: =SMALL(AG:AG, B37) -> 35 | D37: =INDEX(Z:Z,MATCH(B37,AF:AF,0)) -> 日進A | E37: =INDEX(AA:AA,MATCH(B37,AF:AF,0)) -> 19 | F37: =INDEX(AB:AB,MATCH(B37,AF:AF,0)) -> 谷田 直樹 | G37: =INDEX(AC:AC,MATCH(B37,AF:AF,0)) -> 男 | H37: =IF(INDEX(AD:AD,MATCH(F37,AB:AB,0))=8,"皆中",INDEX(AD:AD,MATCH(F37,AB:AB,0))) -> 3 | I37: =IF($G37="男",ROW(),"") -> 37 | J37: =IF($G37="女",ROW(),"") | L37: =IF(O37="","",_xlfn.RANK.EQ(Q37,Q:Q)) | M37: =IF(O37="","",INDEX(D:D,MATCH(O37,F:F,0))) | N37: =IF(O37="","",INDEX(E:E,MATCH(O37,F:F,0))) | O37: =IF(COUNT(I:I)<ROW(B35),"",INDEX(F:F,SMALL(I:I,ROW(B35)))) | P37: =IF(O37="","",INDEX(H:H,MATCH(O37,F:F,0))) | Q37: =IF(O37="","",INDEX(AE:AE,MATCH(O37,AB:AB,0))) | S37: =IF(V37="","",_xlfn.RANK.EQ(X37,X:X)) | T37: =IF(V37="","",INDEX(D:D,MATCH(V37,F:F,0))) | U37: =IF(V37="","",INDEX(E:E,MATCH(V37,F:F,0))) | V37: =IF(COUNT(J:J)<ROW(B35),"",INDEX(F:F,SMALL(J:J,ROW(B35)))) | W37: =IF(V37="","",INDEX(H:H,MATCH(V37,F:F,0))) | X37: =IF(V37="","",INDEX(AE:AE,MATCH(V37,AB:AB,0))) | Z37: =IF(選手!B36="","",選手!B36) -> 尾張旭A | AA37: =IF(選手!C36="","",選手!C36) -> 35 | AB37: =IF(選手!D36="","",選手!D36) -> 大竹 誠 | AC37: =IF(選手!E36="","",選手!E36) -> 男 | AD37: =記録!O23 -> 4 | AE37: =記録!O22 -> 4.1100101 | AF37: =AG37+COUNTIF(AG3:AG37,AG37)-1 -> 22 | AG37: =_xlfn.RANK.EQ(AE37,AE:AE) -> 21
B38: 36 | C38: =SMALL(AG:AG, B38) -> 36 | D38: =INDEX(Z:Z,MATCH(B38,AF:AF,0)) -> 豊明A | E38: =INDEX(AA:AA,MATCH(B38,AF:AF,0)) -> 11 | F38: =INDEX(AB:AB,MATCH(B38,AF:AF,0)) -> 外山 康彦 | G38: =INDEX(AC:AC,MATCH(B38,AF:AF,0)) -> 男 | H38: =IF(INDEX(AD:AD,MATCH(F38,AB:AB,0))=8,"皆中",INDEX(AD:AD,MATCH(F38,AB:AB,0))) -> 3 | I38: =IF($G38="男",ROW(),"") -> 38 | J38: =IF($G38="女",ROW(),"") | L38: =IF(O38="","",_xlfn.RANK.EQ(Q38,Q:Q)) | M38: =IF(O38="","",INDEX(D:D,MATCH(O38,F:F,0))) | N38: =IF(O38="","",INDEX(E:E,MATCH(O38,F:F,0))) | O38: =IF(COUNT(I:I)<ROW(B36),"",INDEX(F:F,SMALL(I:I,ROW(B36)))) | P38: =IF(O38="","",INDEX(H:H,MATCH(O38,F:F,0))) | Q38: =IF(O38="","",INDEX(AE:AE,MATCH(O38,AB:AB,0))) | S38: =IF(V38="","",_xlfn.RANK.EQ(X38,X:X)) | T38: =IF(V38="","",INDEX(D:D,MATCH(V38,F:F,0))) | U38: =IF(V38="","",INDEX(E:E,MATCH(V38,F:F,0))) | V38: =IF(COUNT(J:J)<ROW(B36),"",INDEX(F:F,SMALL(J:J,ROW(B36)))) | W38: =IF(V38="","",INDEX(H:H,MATCH(V38,F:F,0))) | X38: =IF(V38="","",INDEX(AE:AE,MATCH(V38,AB:AB,0))) | Z38: =IF(選手!B37="","",選手!B37) -> 尾張旭A | AA38: =IF(選手!C37="","",選手!C37) -> 36 | AB38: =IF(選手!D37="","",選手!D37) -> 山田 英治 | AC38: =IF(選手!E37="","",選手!E37) -> 男 | AD38: =記録!N23 -> 4 | AE38: =記録!N22 -> 4.1011001 | AF38: =AG38+COUNTIF(AG3:AG38,AG38)-1 -> 28 | AG38: =_xlfn.RANK.EQ(AE38,AE:AE) -> 28
B39: 37 | C39: =SMALL(AG:AG, B39) -> 36 | D39: =INDEX(Z:Z,MATCH(B39,AF:AF,0)) -> 瀬戸B | E39: =INDEX(AA:AA,MATCH(B39,AF:AF,0)) -> 57 | F39: =INDEX(AB:AB,MATCH(B39,AF:AF,0)) -> 谷口 弥生 | G39: =INDEX(AC:AC,MATCH(B39,AF:AF,0)) -> 女 | H39: =IF(INDEX(AD:AD,MATCH(F39,AB:AB,0))=8,"皆中",INDEX(AD:AD,MATCH(F39,AB:AB,0))) -> 3 | I39: =IF($G39="男",ROW(),"") | J39: =IF($G39="女",ROW(),"") -> 39 | L39: =IF(O39="","",_xlfn.RANK.EQ(Q39,Q:Q)) | M39: =IF(O39="","",INDEX(D:D,MATCH(O39,F:F,0))) | N39: =IF(O39="","",INDEX(E:E,MATCH(O39,F:F,0))) | O39: =IF(COUNT(I:I)<ROW(B37),"",INDEX(F:F,SMALL(I:I,ROW(B37)))) | P39: =IF(O39="","",INDEX(H:H,MATCH(O39,F:F,0))) | Q39: =IF(O39="","",INDEX(AE:AE,MATCH(O39,AB:AB,0))) | S39: =IF(V39="","",_xlfn.RANK.EQ(X39,X:X)) | T39: =IF(V39="","",INDEX(D:D,MATCH(V39,F:F,0))) | U39: =IF(V39="","",INDEX(E:E,MATCH(V39,F:F,0))) | V39: =IF(COUNT(J:J)<ROW(B37),"",INDEX(F:F,SMALL(J:J,ROW(B37)))) | W39: =IF(V39="","",INDEX(H:H,MATCH(V39,F:F,0))) | X39: =IF(V39="","",INDEX(AE:AE,MATCH(V39,AB:AB,0))) | Z39: =IF(選手!B38="","",選手!B38) -> 尾張旭B | AA39: =IF(選手!C38="","",選手!C38) -> 37 | AB39: =IF(選手!D38="","",選手!D38) -> 田中 沙紀子 | AC39: =IF(選手!E38="","",選手!E38) -> 女 | AD39: =記録!M23 -> 2 | AE39: =記録!M22 -> 2.1011 | AF39: =AG39+COUNTIF(AG3:AG39,AG39)-1 -> 52 | AG39: =_xlfn.RANK.EQ(AE39,AE:AE) -> 52
B40: 38 | C40: =SMALL(AG:AG, B40) -> 38 | D40: =INDEX(Z:Z,MATCH(B40,AF:AF,0)) -> 西春日井B | E40: =INDEX(AA:AA,MATCH(B40,AF:AF,0)) -> 46 | F40: =INDEX(AB:AB,MATCH(B40,AF:AF,0)) -> 中神 佐知子 | G40: =INDEX(AC:AC,MATCH(B40,AF:AF,0)) -> 女 | H40: =IF(INDEX(AD:AD,MATCH(F40,AB:AB,0))=8,"皆中",INDEX(AD:AD,MATCH(F40,AB:AB,0))) -> 3 | I40: =IF($G40="男",ROW(),"") | J40: =IF($G40="女",ROW(),"") -> 40 | L40: =IF(O40="","",_xlfn.RANK.EQ(Q40,Q:Q)) | M40: =IF(O40="","",INDEX(D:D,MATCH(O40,F:F,0))) | N40: =IF(O40="","",INDEX(E:E,MATCH(O40,F:F,0))) | O40: =IF(COUNT(I:I)<ROW(B38),"",INDEX(F:F,SMALL(I:I,ROW(B38)))) | P40: =IF(O40="","",INDEX(H:H,MATCH(O40,F:F,0))) | Q40: =IF(O40="","",INDEX(AE:AE,MATCH(O40,AB:AB,0))) | S40: =IF(V40="","",_xlfn.RANK.EQ(X40,X:X)) | T40: =IF(V40="","",INDEX(D:D,MATCH(V40,F:F,0))) | U40: =IF(V40="","",INDEX(E:E,MATCH(V40,F:F,0))) | V40: =IF(COUNT(J:J)<ROW(B38),"",INDEX(F:F,SMALL(J:J,ROW(B38)))) | W40: =IF(V40="","",INDEX(H:H,MATCH(V40,F:F,0))) | X40: =IF(V40="","",INDEX(AE:AE,MATCH(V40,AB:AB,0))) | Z40: =IF(選手!B39="","",選手!B39) -> 尾張旭B | AA40: =IF(選手!C39="","",選手!C39) -> 38 | AB40: =IF(選手!D39="","",選手!D39) -> 北川 裕希子 | AC40: =IF(選手!E39="","",選手!E39) -> 女 | AD40: =記録!L23 -> 3 | AE40: =記録!L22 -> 3.1101 | AF40: =AG40+COUNTIF(AG3:AG40,AG40)-1 -> 34 | AG40: =_xlfn.RANK.EQ(AE40,AE:AE) -> 34
B41: 39 | C41: =SMALL(AG:AG, B41) -> 39 | D41: =INDEX(Z:Z,MATCH(B41,AF:AF,0)) -> 豊明A | E41: =INDEX(AA:AA,MATCH(B41,AF:AF,0)) -> 10 | F41: =INDEX(AB:AB,MATCH(B41,AF:AF,0)) -> 近藤 治 | G41: =INDEX(AC:AC,MATCH(B41,AF:AF,0)) -> 男 | H41: =IF(INDEX(AD:AD,MATCH(F41,AB:AB,0))=8,"皆中",INDEX(AD:AD,MATCH(F41,AB:AB,0))) -> 3 | I41: =IF($G41="男",ROW(),"") -> 41 | J41: =IF($G41="女",ROW(),"") | L41: =IF(O41="","",_xlfn.RANK.EQ(Q41,Q:Q)) | M41: =IF(O41="","",INDEX(D:D,MATCH(O41,F:F,0))) | N41: =IF(O41="","",INDEX(E:E,MATCH(O41,F:F,0))) | O41: =IF(COUNT(I:I)<ROW(B39),"",INDEX(F:F,SMALL(I:I,ROW(B39)))) | P41: =IF(O41="","",INDEX(H:H,MATCH(O41,F:F,0))) | Q41: =IF(O41="","",INDEX(AE:AE,MATCH(O41,AB:AB,0))) | S41: =IF(V41="","",_xlfn.RANK.EQ(X41,X:X)) | T41: =IF(V41="","",INDEX(D:D,MATCH(V41,F:F,0))) | U41: =IF(V41="","",INDEX(E:E,MATCH(V41,F:F,0))) | V41: =IF(COUNT(J:J)<ROW(B39),"",INDEX(F:F,SMALL(J:J,ROW(B39)))) | W41: =IF(V41="","",INDEX(H:H,MATCH(V41,F:F,0))) | X41: =IF(V41="","",INDEX(AE:AE,MATCH(V41,AB:AB,0))) | Z41: =IF(選手!B40="","",選手!B40) -> 尾張旭B | AA41: =IF(選手!C40="","",選手!C40) -> 39 | AB41: =IF(選手!D40="","",選手!D40) -> 安達 初枝 | AC41: =IF(選手!E40="","",選手!E40) -> 女 | AD41: =記録!K23 -> 3 | AE41: =記録!K22 -> 3.1010101 | AF41: =AG41+COUNTIF(AG3:AG41,AG41)-1 -> 40 | AG41: =_xlfn.RANK.EQ(AE41,AE:AE) -> 39
B42: 40 | C42: =SMALL(AG:AG, B42) -> 39 | D42: =INDEX(Z:Z,MATCH(B42,AF:AF,0)) -> 尾張旭B | E42: =INDEX(AA:AA,MATCH(B42,AF:AF,0)) -> 39 | F42: =INDEX(AB:AB,MATCH(B42,AF:AF,0)) -> 安達 初枝 | G42: =INDEX(AC:AC,MATCH(B42,AF:AF,0)) -> 女 | H42: =IF(INDEX(AD:AD,MATCH(F42,AB:AB,0))=8,"皆中",INDEX(AD:AD,MATCH(F42,AB:AB,0))) -> 3 | I42: =IF($G42="男",ROW(),"") | J42: =IF($G42="女",ROW(),"") -> 42 | L42: =IF(O42="","",_xlfn.RANK.EQ(Q42,Q:Q)) | M42: =IF(O42="","",INDEX(D:D,MATCH(O42,F:F,0))) | N42: =IF(O42="","",INDEX(E:E,MATCH(O42,F:F,0))) | O42: =IF(COUNT(I:I)<ROW(B40),"",INDEX(F:F,SMALL(I:I,ROW(B40)))) | P42: =IF(O42="","",INDEX(H:H,MATCH(O42,F:F,0))) | Q42: =IF(O42="","",INDEX(AE:AE,MATCH(O42,AB:AB,0))) | S42: =IF(V42="","",_xlfn.RANK.EQ(X42,X:X)) | T42: =IF(V42="","",INDEX(D:D,MATCH(V42,F:F,0))) | U42: =IF(V42="","",INDEX(E:E,MATCH(V42,F:F,0))) | V42: =IF(COUNT(J:J)<ROW(B40),"",INDEX(F:F,SMALL(J:J,ROW(B40)))) | W42: =IF(V42="","",INDEX(H:H,MATCH(V42,F:F,0))) | X42: =IF(V42="","",INDEX(AE:AE,MATCH(V42,AB:AB,0))) | Z42: =IF(選手!B41="","",選手!B41) -> 尾張旭B | AA42: =IF(選手!C41="","",選手!C41) -> 40 | AB42: =IF(選手!D41="","",選手!D41) -> 加藤 康子 | AC42: =IF(選手!E41="","",選手!E41) -> 女 | AD42: =記録!J23 -> 2 | AE42: =記録!J22 -> 2.11001 | AF42: =AG42+COUNTIF(AG3:AG42,AG42)-1 -> 50 | AG42: =_xlfn.RANK.EQ(AE42,AE:AE) -> 50
B43: 41 | C43: =SMALL(AG:AG, B43) -> 41 | D43: =INDEX(Z:Z,MATCH(B43,AF:AF,0)) -> 春日井A | E43: =INDEX(AA:AA,MATCH(B43,AF:AF,0)) -> 3 | F43: =INDEX(AB:AB,MATCH(B43,AF:AF,0)) -> 大嶋 啓嗣 | G43: =INDEX(AC:AC,MATCH(B43,AF:AF,0)) -> 男 | H43: =IF(INDEX(AD:AD,MATCH(F43,AB:AB,0))=8,"皆中",INDEX(AD:AD,MATCH(F43,AB:AB,0))) -> 3 | I43: =IF($G43="男",ROW(),"") -> 43 | J43: =IF($G43="女",ROW(),"") | L43: =IF(O43="","",_xlfn.RANK.EQ(Q43,Q:Q)) | M43: =IF(O43="","",INDEX(D:D,MATCH(O43,F:F,0))) | N43: =IF(O43="","",INDEX(E:E,MATCH(O43,F:F,0))) | O43: =IF(COUNT(I:I)<ROW(B41),"",INDEX(F:F,SMALL(I:I,ROW(B41)))) | P43: =IF(O43="","",INDEX(H:H,MATCH(O43,F:F,0))) | Q43: =IF(O43="","",INDEX(AE:AE,MATCH(O43,AB:AB,0))) | S43: =IF(V43="","",_xlfn.RANK.EQ(X43,X:X)) | T43: =IF(V43="","",INDEX(D:D,MATCH(V43,F:F,0))) | U43: =IF(V43="","",INDEX(E:E,MATCH(V43,F:F,0))) | V43: =IF(COUNT(J:J)<ROW(B41),"",INDEX(F:F,SMALL(J:J,ROW(B41)))) | W43: =IF(V43="","",INDEX(H:H,MATCH(V43,F:F,0))) | X43: =IF(V43="","",INDEX(AE:AE,MATCH(V43,AB:AB,0))) | Z43: =IF(選手!B42="","",選手!B42) -> 西春日井A | AA43: =IF(選手!C42="","",選手!C42) -> 41 | AB43: =IF(選手!D42="","",選手!D42) -> 丹羽 泰生 | AC43: =IF(選手!E42="","",選手!E42) -> 男 | AD43: =記録!Y41 -> 2 | AE43: =記録!Y40 -> 2.1001 | AF43: =AG43+COUNTIF(AG3:AG43,AG43)-1 -> 58 | AG43: =_xlfn.RANK.EQ(AE43,AE:AE) -> 58
B44: 42 | C44: =SMALL(AG:AG, B44) -> 41 | D44: =INDEX(Z:Z,MATCH(B44,AF:AF,0)) -> 豊明B | E44: =INDEX(AA:AA,MATCH(B44,AF:AF,0)) -> 14 | F44: =INDEX(AB:AB,MATCH(B44,AF:AF,0)) -> 深見 裕子 | G44: =INDEX(AC:AC,MATCH(B44,AF:AF,0)) -> 女 | H44: =IF(INDEX(AD:AD,MATCH(F44,AB:AB,0))=8,"皆中",INDEX(AD:AD,MATCH(F44,AB:AB,0))) -> 3 | I44: =IF($G44="男",ROW(),"") | J44: =IF($G44="女",ROW(),"") -> 44 | L44: =IF(O44="","",_xlfn.RANK.EQ(Q44,Q:Q)) | M44: =IF(O44="","",INDEX(D:D,MATCH(O44,F:F,0))) | N44: =IF(O44="","",INDEX(E:E,MATCH(O44,F:F,0))) | O44: =IF(COUNT(I:I)<ROW(B42),"",INDEX(F:F,SMALL(I:I,ROW(B42)))) | P44: =IF(O44="","",INDEX(H:H,MATCH(O44,F:F,0))) | Q44: =IF(O44="","",INDEX(AE:AE,MATCH(O44,AB:AB,0))) | S44: =IF(V44="","",_xlfn.RANK.EQ(X44,X:X)) | T44: =IF(V44="","",INDEX(D:D,MATCH(V44,F:F,0))) | U44: =IF(V44="","",INDEX(E:E,MATCH(V44,F:F,0))) | V44: =IF(COUNT(J:J)<ROW(B42),"",INDEX(F:F,SMALL(J:J,ROW(B42)))) | W44: =IF(V44="","",INDEX(H:H,MATCH(V44,F:F,0))) | X44: =IF(V44="","",INDEX(AE:AE,MATCH(V44,AB:AB,0))) | Z44: =IF(選手!B43="","",選手!B43) -> 西春日井A | AA44: =IF(選手!C43="","",選手!C43) -> 42 | AB44: =IF(選手!D43="","",選手!D43) -> 杉原 伸哉 | AC44: =IF(選手!E43="","",選手!E43) -> 男 | AD44: =記録!X41 -> 2 | AE44: =記録!X40 -> 2.1010001 | AF44: =AG44+COUNTIF(AG3:AG44,AG44)-1 -> 53 | AG44: =_xlfn.RANK.EQ(AE44,AE:AE) -> 53
B45: 43 | C45: =SMALL(AG:AG, B45) -> 41 | D45: =INDEX(Z:Z,MATCH(B45,AF:AF,0)) -> 長久手B | E45: =INDEX(AA:AA,MATCH(B45,AF:AF,0)) -> 29 | F45: =INDEX(AB:AB,MATCH(B45,AF:AF,0)) -> 澤田 圭子 | G45: =INDEX(AC:AC,MATCH(B45,AF:AF,0)) -> 女 | H45: =IF(INDEX(AD:AD,MATCH(F45,AB:AB,0))=8,"皆中",INDEX(AD:AD,MATCH(F45,AB:AB,0))) -> 3 | I45: =IF($G45="男",ROW(),"") | J45: =IF($G45="女",ROW(),"") -> 45 | L45: =IF(O45="","",_xlfn.RANK.EQ(Q45,Q:Q)) | M45: =IF(O45="","",INDEX(D:D,MATCH(O45,F:F,0))) | N45: =IF(O45="","",INDEX(E:E,MATCH(O45,F:F,0))) | O45: =IF(COUNT(I:I)<ROW(B43),"",INDEX(F:F,SMALL(I:I,ROW(B43)))) | P45: =IF(O45="","",INDEX(H:H,MATCH(O45,F:F,0))) | Q45: =IF(O45="","",INDEX(AE:AE,MATCH(O45,AB:AB,0))) | S45: =IF(V45="","",_xlfn.RANK.EQ(X45,X:X)) | T45: =IF(V45="","",INDEX(D:D,MATCH(V45,F:F,0))) | U45: =IF(V45="","",INDEX(E:E,MATCH(V45,F:F,0))) | V45: =IF(COUNT(J:J)<ROW(B43),"",INDEX(F:F,SMALL(J:J,ROW(B43)))) | W45: =IF(V45="","",INDEX(H:H,MATCH(V45,F:F,0))) | X45: =IF(V45="","",INDEX(AE:AE,MATCH(V45,AB:AB,0))) | Z45: =IF(選手!B44="","",選手!B44) -> 西春日井A | AA45: =IF(選手!C44="","",選手!C44) -> 43 | AB45: =IF(選手!D44="","",選手!D44) -> 大槻 成実 | AC45: =IF(選手!E44="","",選手!E44) -> 男 | AD45: =記録!W41 -> 2 | AE45: =記録!W40 -> 2.1001001 | AF45: =AG45+COUNTIF(AG3:AG45,AG45)-1 -> 56 | AG45: =_xlfn.RANK.EQ(AE45,AE:AE) -> 55
B46: 44 | C46: =SMALL(AG:AG, B46) -> 41 | D46: =INDEX(Z:Z,MATCH(B46,AF:AF,0)) -> 瀬戸A | E46: =INDEX(AA:AA,MATCH(B46,AF:AF,0)) -> 55 | F46: =INDEX(AB:AB,MATCH(B46,AF:AF,0)) -> 加藤 広史 | G46: =INDEX(AC:AC,MATCH(B46,AF:AF,0)) -> 男 | H46: =IF(INDEX(AD:AD,MATCH(F46,AB:AB,0))=8,"皆中",INDEX(AD:AD,MATCH(F46,AB:AB,0))) -> 3 | I46: =IF($G46="男",ROW(),"") -> 46 | J46: =IF($G46="女",ROW(),"") | L46: =IF(O46="","",_xlfn.RANK.EQ(Q46,Q:Q)) | M46: =IF(O46="","",INDEX(D:D,MATCH(O46,F:F,0))) | N46: =IF(O46="","",INDEX(E:E,MATCH(O46,F:F,0))) | O46: =IF(COUNT(I:I)<ROW(B44),"",INDEX(F:F,SMALL(I:I,ROW(B44)))) | P46: =IF(O46="","",INDEX(H:H,MATCH(O46,F:F,0))) | Q46: =IF(O46="","",INDEX(AE:AE,MATCH(O46,AB:AB,0))) | S46: =IF(V46="","",_xlfn.RANK.EQ(X46,X:X)) | T46: =IF(V46="","",INDEX(D:D,MATCH(V46,F:F,0))) | U46: =IF(V46="","",INDEX(E:E,MATCH(V46,F:F,0))) | V46: =IF(COUNT(J:J)<ROW(B44),"",INDEX(F:F,SMALL(J:J,ROW(B44)))) | W46: =IF(V46="","",INDEX(H:H,MATCH(V46,F:F,0))) | X46: =IF(V46="","",INDEX(AE:AE,MATCH(V46,AB:AB,0))) | Z46: =IF(選手!B45="","",選手!B45) -> 西春日井A | AA46: =IF(選手!C45="","",選手!C45) -> 44 | AB46: =IF(選手!D45="","",選手!D45) -> 加藤 忠人 | AC46: =IF(選手!E45="","",選手!E45) -> 男 | AD46: =記録!V41 -> 1 | AE46: =記録!V40 -> 1.1 | AF46: =AG46+COUNTIF(AG3:AG46,AG46)-1 -> 59 | AG46: =_xlfn.RANK.EQ(AE46,AE:AE) -> 59
B47: 45 | C47: =SMALL(AG:AG, B47) -> 45 | D47: =INDEX(Z:Z,MATCH(B47,AF:AF,0)) -> 日進B | E47: =INDEX(AA:AA,MATCH(B47,AF:AF,0)) -> 23 | F47: =INDEX(AB:AB,MATCH(B47,AF:AF,0)) -> 入江 美讃 | G47: =INDEX(AC:AC,MATCH(B47,AF:AF,0)) -> 女 | H47: =IF(INDEX(AD:AD,MATCH(F47,AB:AB,0))=8,"皆中",INDEX(AD:AD,MATCH(F47,AB:AB,0))) -> 3 | I47: =IF($G47="男",ROW(),"") | J47: =IF($G47="女",ROW(),"") -> 47 | L47: =IF(O47="","",_xlfn.RANK.EQ(Q47,Q:Q)) | M47: =IF(O47="","",INDEX(D:D,MATCH(O47,F:F,0))) | N47: =IF(O47="","",INDEX(E:E,MATCH(O47,F:F,0))) | O47: =IF(COUNT(I:I)<ROW(B45),"",INDEX(F:F,SMALL(I:I,ROW(B45)))) | P47: =IF(O47="","",INDEX(H:H,MATCH(O47,F:F,0))) | Q47: =IF(O47="","",INDEX(AE:AE,MATCH(O47,AB:AB,0))) | S47: =IF(V47="","",_xlfn.RANK.EQ(X47,X:X)) | T47: =IF(V47="","",INDEX(D:D,MATCH(V47,F:F,0))) | U47: =IF(V47="","",INDEX(E:E,MATCH(V47,F:F,0))) | V47: =IF(COUNT(J:J)<ROW(B45),"",INDEX(F:F,SMALL(J:J,ROW(B45)))) | W47: =IF(V47="","",INDEX(H:H,MATCH(V47,F:F,0))) | X47: =IF(V47="","",INDEX(AE:AE,MATCH(V47,AB:AB,0))) | Z47: =IF(選手!B46="","",選手!B46) -> 西春日井B | AA47: =IF(選手!C46="","",選手!C46) -> 45 | AB47: =IF(選手!D46="","",選手!D46) -> 村瀬 沙織 | AC47: =IF(選手!E46="","",選手!E46) -> 女 | AD47: =記録!U41 -> 5 | AE47: =記録!U40 -> 5.1001101 | AF47: =AG47+COUNTIF(AG3:AG47,AG47)-1 -> 16 | AG47: =_xlfn.RANK.EQ(AE47,AE:AE) -> 16
B48: 46 | C48: =SMALL(AG:AG, B48) -> 46 | D48: =INDEX(Z:Z,MATCH(B48,AF:AF,0)) -> 日進A | E48: =INDEX(AA:AA,MATCH(B48,AF:AF,0)) -> 18 | F48: =INDEX(AB:AB,MATCH(B48,AF:AF,0)) -> 笠井 大督 | G48: =INDEX(AC:AC,MATCH(B48,AF:AF,0)) -> 男 | H48: =IF(INDEX(AD:AD,MATCH(F48,AB:AB,0))=8,"皆中",INDEX(AD:AD,MATCH(F48,AB:AB,0))) -> 3 | I48: =IF($G48="男",ROW(),"") -> 48 | J48: =IF($G48="女",ROW(),"") | L48: =IF(O48="","",_xlfn.RANK.EQ(Q48,Q:Q)) | M48: =IF(O48="","",INDEX(D:D,MATCH(O48,F:F,0))) | N48: =IF(O48="","",INDEX(E:E,MATCH(O48,F:F,0))) | O48: =IF(COUNT(I:I)<ROW(B46),"",INDEX(F:F,SMALL(I:I,ROW(B46)))) | P48: =IF(O48="","",INDEX(H:H,MATCH(O48,F:F,0))) | Q48: =IF(O48="","",INDEX(AE:AE,MATCH(O48,AB:AB,0))) | S48: =IF(V48="","",_xlfn.RANK.EQ(X48,X:X)) | T48: =IF(V48="","",INDEX(D:D,MATCH(V48,F:F,0))) | U48: =IF(V48="","",INDEX(E:E,MATCH(V48,F:F,0))) | V48: =IF(COUNT(J:J)<ROW(B46),"",INDEX(F:F,SMALL(J:J,ROW(B46)))) | W48: =IF(V48="","",INDEX(H:H,MATCH(V48,F:F,0))) | X48: =IF(V48="","",INDEX(AE:AE,MATCH(V48,AB:AB,0))) | Z48: =IF(選手!B47="","",選手!B47) -> 西春日井B | AA48: =IF(選手!C47="","",選手!C47) -> 46 | AB48: =IF(選手!D47="","",選手!D47) -> 中神 佐知子 | AC48: =IF(選手!E47="","",選手!E47) -> 女 | AD48: =記録!T41 -> 3 | AE48: =記録!T40 -> 3.1011 | AF48: =AG48+COUNTIF(AG3:AG48,AG48)-1 -> 38 | AG48: =_xlfn.RANK.EQ(AE48,AE:AE) -> 38
B49: 47 | C49: =SMALL(AG:AG, B49) -> 47 | D49: =INDEX(Z:Z,MATCH(B49,AF:AF,0)) -> 豊明A | E49: =INDEX(AA:AA,MATCH(B49,AF:AF,0)) -> 12 | F49: =INDEX(AB:AB,MATCH(B49,AF:AF,0)) -> 榊原 隆一 | G49: =INDEX(AC:AC,MATCH(B49,AF:AF,0)) -> 男 | H49: =IF(INDEX(AD:AD,MATCH(F49,AB:AB,0))=8,"皆中",INDEX(AD:AD,MATCH(F49,AB:AB,0))) -> 3 | I49: =IF($G49="男",ROW(),"") -> 49 | J49: =IF($G49="女",ROW(),"") | L49: =IF(O49="","",_xlfn.RANK.EQ(Q49,Q:Q)) | M49: =IF(O49="","",INDEX(D:D,MATCH(O49,F:F,0))) | N49: =IF(O49="","",INDEX(E:E,MATCH(O49,F:F,0))) | O49: =IF(COUNT(I:I)<ROW(B47),"",INDEX(F:F,SMALL(I:I,ROW(B47)))) | P49: =IF(O49="","",INDEX(H:H,MATCH(O49,F:F,0))) | Q49: =IF(O49="","",INDEX(AE:AE,MATCH(O49,AB:AB,0))) | S49: =IF(V49="","",_xlfn.RANK.EQ(X49,X:X)) | T49: =IF(V49="","",INDEX(D:D,MATCH(V49,F:F,0))) | U49: =IF(V49="","",INDEX(E:E,MATCH(V49,F:F,0))) | V49: =IF(COUNT(J:J)<ROW(B47),"",INDEX(F:F,SMALL(J:J,ROW(B47)))) | W49: =IF(V49="","",INDEX(H:H,MATCH(V49,F:F,0))) | X49: =IF(V49="","",INDEX(AE:AE,MATCH(V49,AB:AB,0))) | Z49: =IF(選手!B48="","",選手!B48) -> 西春日井B | AA49: =IF(選手!C48="","",選手!C48) -> 47 | AB49: =IF(選手!D48="","",選手!D48) -> 荒川 花子 | AC49: =IF(選手!E48="","",選手!E48) -> 女 | AD49: =記録!S41 -> 4 | AE49: =記録!S40 -> 4.1101001 | AF49: =AG49+COUNTIF(AG3:AG49,AG49)-1 -> 19 | AG49: =_xlfn.RANK.EQ(AE49,AE:AE) -> 19
B50: 48 | C50: =SMALL(AG:AG, B50) -> 47 | D50: =INDEX(Z:Z,MATCH(B50,AF:AF,0)) -> 瀬戸B | E50: =INDEX(AA:AA,MATCH(B50,AF:AF,0)) -> 60 | F50: =INDEX(AB:AB,MATCH(B50,AF:AF,0)) -> 原 由美子 | G50: =INDEX(AC:AC,MATCH(B50,AF:AF,0)) -> 女 | H50: =IF(INDEX(AD:AD,MATCH(F50,AB:AB,0))=8,"皆中",INDEX(AD:AD,MATCH(F50,AB:AB,0))) -> 3 | I50: =IF($G50="男",ROW(),"") | J50: =IF($G50="女",ROW(),"") -> 50 | L50: =IF(O50="","",_xlfn.RANK.EQ(Q50,Q:Q)) | M50: =IF(O50="","",INDEX(D:D,MATCH(O50,F:F,0))) | N50: =IF(O50="","",INDEX(E:E,MATCH(O50,F:F,0))) | O50: =IF(COUNT(I:I)<ROW(B48),"",INDEX(F:F,SMALL(I:I,ROW(B48)))) | P50: =IF(O50="","",INDEX(H:H,MATCH(O50,F:F,0))) | Q50: =IF(O50="","",INDEX(AE:AE,MATCH(O50,AB:AB,0))) | S50: =IF(V50="","",_xlfn.RANK.EQ(X50,X:X)) | T50: =IF(V50="","",INDEX(D:D,MATCH(V50,F:F,0))) | U50: =IF(V50="","",INDEX(E:E,MATCH(V50,F:F,0))) | V50: =IF(COUNT(J:J)<ROW(B48),"",INDEX(F:F,SMALL(J:J,ROW(B48)))) | W50: =IF(V50="","",INDEX(H:H,MATCH(V50,F:F,0))) | X50: =IF(V50="","",INDEX(AE:AE,MATCH(V50,AB:AB,0))) | Z50: =IF(選手!B49="","",選手!B49) -> 西春日井B | AA50: =IF(選手!C49="","",選手!C49) -> 48 | AB50: =IF(選手!D49="","",選手!D49) -> 白井 千鶴子 | AC50: =IF(選手!E49="","",選手!E49) -> 女 | AD50: =記録!R41 -> 1 | AE50: =記録!R40 -> 1.1 | AF50: =AG50+COUNTIF(AG3:AG50,AG50)-1 -> 60 | AG50: =_xlfn.RANK.EQ(AE50,AE:AE) -> 59
B51: 49 | C51: =SMALL(AG:AG, B51) -> 49 | D51: =INDEX(Z:Z,MATCH(B51,AF:AF,0)) -> 瀬戸A | E51: =INDEX(AA:AA,MATCH(B51,AF:AF,0)) -> 56 | F51: =INDEX(AB:AB,MATCH(B51,AF:AF,0)) -> 長江 辰彦 | G51: =INDEX(AC:AC,MATCH(B51,AF:AF,0)) -> 男 | H51: =IF(INDEX(AD:AD,MATCH(F51,AB:AB,0))=8,"皆中",INDEX(AD:AD,MATCH(F51,AB:AB,0))) -> 3 | I51: =IF($G51="男",ROW(),"") -> 51 | J51: =IF($G51="女",ROW(),"") | L51: =IF(O51="","",_xlfn.RANK.EQ(Q51,Q:Q)) | M51: =IF(O51="","",INDEX(D:D,MATCH(O51,F:F,0))) | N51: =IF(O51="","",INDEX(E:E,MATCH(O51,F:F,0))) | O51: =IF(COUNT(I:I)<ROW(B49),"",INDEX(F:F,SMALL(I:I,ROW(B49)))) | P51: =IF(O51="","",INDEX(H:H,MATCH(O51,F:F,0))) | Q51: =IF(O51="","",INDEX(AE:AE,MATCH(O51,AB:AB,0))) | S51: =IF(V51="","",_xlfn.RANK.EQ(X51,X:X)) | T51: =IF(V51="","",INDEX(D:D,MATCH(V51,F:F,0))) | U51: =IF(V51="","",INDEX(E:E,MATCH(V51,F:F,0))) | V51: =IF(COUNT(J:J)<ROW(B49),"",INDEX(F:F,SMALL(J:J,ROW(B49)))) | W51: =IF(V51="","",INDEX(H:H,MATCH(V51,F:F,0))) | X51: =IF(V51="","",INDEX(AE:AE,MATCH(V51,AB:AB,0))) | Z51: =IF(選手!B50="","",選手!B50) -> 愛知A | AA51: =IF(選手!C50="","",選手!C50) -> 49 | AB51: =IF(選手!D50="","",選手!D50) -> 門矢 誠 | AC51: =IF(選手!E50="","",選手!E50) -> 男 | AD51: =記録!Q41 -> 4 | AE51: =記録!Q40 -> 4.1010111 | AF51: =AG51+COUNTIF(AG3:AG51,AG51)-1 -> 29 | AG51: =_xlfn.RANK.EQ(AE51,AE:AE) -> 29
B52: 50 | C52: =SMALL(AG:AG, B52) -> 50 | D52: =INDEX(Z:Z,MATCH(B52,AF:AF,0)) -> 尾張旭B | E52: =INDEX(AA:AA,MATCH(B52,AF:AF,0)) -> 40 | F52: =INDEX(AB:AB,MATCH(B52,AF:AF,0)) -> 加藤 康子 | G52: =INDEX(AC:AC,MATCH(B52,AF:AF,0)) -> 女 | H52: =IF(INDEX(AD:AD,MATCH(F52,AB:AB,0))=8,"皆中",INDEX(AD:AD,MATCH(F52,AB:AB,0))) -> 2 | I52: =IF($G52="男",ROW(),"") | J52: =IF($G52="女",ROW(),"") -> 52 | L52: =IF(O52="","",_xlfn.RANK.EQ(Q52,Q:Q)) | M52: =IF(O52="","",INDEX(D:D,MATCH(O52,F:F,0))) | N52: =IF(O52="","",INDEX(E:E,MATCH(O52,F:F,0))) | O52: =IF(COUNT(I:I)<ROW(B50),"",INDEX(F:F,SMALL(I:I,ROW(B50)))) | P52: =IF(O52="","",INDEX(H:H,MATCH(O52,F:F,0))) | Q52: =IF(O52="","",INDEX(AE:AE,MATCH(O52,AB:AB,0))) | S52: =IF(V52="","",_xlfn.RANK.EQ(X52,X:X)) | T52: =IF(V52="","",INDEX(D:D,MATCH(V52,F:F,0))) | U52: =IF(V52="","",INDEX(E:E,MATCH(V52,F:F,0))) | V52: =IF(COUNT(J:J)<ROW(B50),"",INDEX(F:F,SMALL(J:J,ROW(B50)))) | W52: =IF(V52="","",INDEX(H:H,MATCH(V52,F:F,0))) | X52: =IF(V52="","",INDEX(AE:AE,MATCH(V52,AB:AB,0))) | Z52: =IF(選手!B51="","",選手!B51) -> 愛知A | AA52: =IF(選手!C51="","",選手!C51) -> 50 | AB52: =IF(選手!D51="","",選手!D51) -> 平野 良則 | AC52: =IF(選手!E51="","",選手!E51) -> 男 | AD52: =記録!P41 -> 4 | AE52: =記録!P40 -> 4.110101 | AF52: =AG52+COUNTIF(AG3:AG52,AG52)-1 -> 18 | AG52: =_xlfn.RANK.EQ(AE52,AE:AE) -> 18
B53: 51 | C53: =SMALL(AG:AG, B53) -> 51 | D53: =INDEX(Z:Z,MATCH(B53,AF:AF,0)) -> 瀬戸A | E53: =INDEX(AA:AA,MATCH(B53,AF:AF,0)) -> 53 | F53: =INDEX(AB:AB,MATCH(B53,AF:AF,0)) -> 矢島 悟朗 | G53: =INDEX(AC:AC,MATCH(B53,AF:AF,0)) -> 男 | H53: =IF(INDEX(AD:AD,MATCH(F53,AB:AB,0))=8,"皆中",INDEX(AD:AD,MATCH(F53,AB:AB,0))) -> 2 | I53: =IF($G53="男",ROW(),"") -> 53 | J53: =IF($G53="女",ROW(),"") | L53: =IF(O53="","",_xlfn.RANK.EQ(Q53,Q:Q)) | M53: =IF(O53="","",INDEX(D:D,MATCH(O53,F:F,0))) | N53: =IF(O53="","",INDEX(E:E,MATCH(O53,F:F,0))) | O53: =IF(COUNT(I:I)<ROW(B51),"",INDEX(F:F,SMALL(I:I,ROW(B51)))) | P53: =IF(O53="","",INDEX(H:H,MATCH(O53,F:F,0))) | Q53: =IF(O53="","",INDEX(AE:AE,MATCH(O53,AB:AB,0))) | S53: =IF(V53="","",_xlfn.RANK.EQ(X53,X:X)) | T53: =IF(V53="","",INDEX(D:D,MATCH(V53,F:F,0))) | U53: =IF(V53="","",INDEX(E:E,MATCH(V53,F:F,0))) | V53: =IF(COUNT(J:J)<ROW(B51),"",INDEX(F:F,SMALL(J:J,ROW(B51)))) | W53: =IF(V53="","",INDEX(H:H,MATCH(V53,F:F,0))) | X53: =IF(V53="","",INDEX(AE:AE,MATCH(V53,AB:AB,0))) | Z53: =IF(選手!B52="","",選手!B52) -> 愛知A | AA53: =IF(選手!C52="","",選手!C52) -> 51 | AB53: =IF(選手!D52="","",選手!D52) -> 小沢 浩寿 | AC53: =IF(選手!E52="","",選手!E52) -> 男 | AD53: =記録!O41 -> 5 | AE53: =記録!O40 -> 5.1011101 | AF53: =AG53+COUNTIF(AG3:AG53,AG53)-1 -> 13 | AG53: =_xlfn.RANK.EQ(AE53,AE:AE) -> 13
B54: 52 | C54: =SMALL(AG:AG, B54) -> 52 | D54: =INDEX(Z:Z,MATCH(B54,AF:AF,0)) -> 尾張旭B | E54: =INDEX(AA:AA,MATCH(B54,AF:AF,0)) -> 37 | F54: =INDEX(AB:AB,MATCH(B54,AF:AF,0)) -> 田中 沙紀子 | G54: =INDEX(AC:AC,MATCH(B54,AF:AF,0)) -> 女 | H54: =IF(INDEX(AD:AD,MATCH(F54,AB:AB,0))=8,"皆中",INDEX(AD:AD,MATCH(F54,AB:AB,0))) -> 2 | I54: =IF($G54="男",ROW(),"") | J54: =IF($G54="女",ROW(),"") -> 54 | L54: =IF(O54="","",_xlfn.RANK.EQ(Q54,Q:Q)) | M54: =IF(O54="","",INDEX(D:D,MATCH(O54,F:F,0))) | N54: =IF(O54="","",INDEX(E:E,MATCH(O54,F:F,0))) | O54: =IF(COUNT(I:I)<ROW(B52),"",INDEX(F:F,SMALL(I:I,ROW(B52)))) | P54: =IF(O54="","",INDEX(H:H,MATCH(O54,F:F,0))) | Q54: =IF(O54="","",INDEX(AE:AE,MATCH(O54,AB:AB,0))) | S54: =IF(V54="","",_xlfn.RANK.EQ(X54,X:X)) | T54: =IF(V54="","",INDEX(D:D,MATCH(V54,F:F,0))) | U54: =IF(V54="","",INDEX(E:E,MATCH(V54,F:F,0))) | V54: =IF(COUNT(J:J)<ROW(B52),"",INDEX(F:F,SMALL(J:J,ROW(B52)))) | W54: =IF(V54="","",INDEX(H:H,MATCH(V54,F:F,0))) | X54: =IF(V54="","",INDEX(AE:AE,MATCH(V54,AB:AB,0))) | Z54: =IF(選手!B53="","",選手!B53) -> 愛知A | AA54: =IF(選手!C53="","",選手!C53) -> 52 | AB54: =IF(選手!D53="","",選手!D53) -> 木村 憲司 | AC54: =IF(選手!E53="","",選手!E53) -> 男 | AD54: =記録!N41 -> 6 | AE54: =記録!N40 -> 6.111101 | AF54: =AG54+COUNTIF(AG3:AG54,AG54)-1 -> 5 | AG54: =_xlfn.RANK.EQ(AE54,AE:AE) -> 5
B55: 53 | C55: =SMALL(AG:AG, B55) -> 53 | D55: =INDEX(Z:Z,MATCH(B55,AF:AF,0)) -> 西春日井A | E55: =INDEX(AA:AA,MATCH(B55,AF:AF,0)) -> 42 | F55: =INDEX(AB:AB,MATCH(B55,AF:AF,0)) -> 杉原 伸哉 | G55: =INDEX(AC:AC,MATCH(B55,AF:AF,0)) -> 男 | H55: =IF(INDEX(AD:AD,MATCH(F55,AB:AB,0))=8,"皆中",INDEX(AD:AD,MATCH(F55,AB:AB,0))) -> 2 | I55: =IF($G55="男",ROW(),"") -> 55 | J55: =IF($G55="女",ROW(),"") | L55: =IF(O55="","",_xlfn.RANK.EQ(Q55,Q:Q)) | M55: =IF(O55="","",INDEX(D:D,MATCH(O55,F:F,0))) | N55: =IF(O55="","",INDEX(E:E,MATCH(O55,F:F,0))) | O55: =IF(COUNT(I:I)<ROW(B53),"",INDEX(F:F,SMALL(I:I,ROW(B53)))) | P55: =IF(O55="","",INDEX(H:H,MATCH(O55,F:F,0))) | Q55: =IF(O55="","",INDEX(AE:AE,MATCH(O55,AB:AB,0))) | S55: =IF(V55="","",_xlfn.RANK.EQ(X55,X:X)) | T55: =IF(V55="","",INDEX(D:D,MATCH(V55,F:F,0))) | U55: =IF(V55="","",INDEX(E:E,MATCH(V55,F:F,0))) | V55: =IF(COUNT(J:J)<ROW(B53),"",INDEX(F:F,SMALL(J:J,ROW(B53)))) | W55: =IF(V55="","",INDEX(H:H,MATCH(V55,F:F,0))) | X55: =IF(V55="","",INDEX(AE:AE,MATCH(V55,AB:AB,0))) | Z55: =IF(選手!B54="","",選手!B54) -> 瀬戸A | AA55: =IF(選手!C54="","",選手!C54) -> 53 | AB55: =IF(選手!D54="","",選手!D54) -> 矢島 悟朗 | AC55: =IF(選手!E54="","",選手!E54) -> 男 | AD55: =記録!M41 -> 2 | AE55: =記録!M40 -> 2.11 | AF55: =AG55+COUNTIF(AG3:AG55,AG55)-1 -> 51 | AG55: =_xlfn.RANK.EQ(AE55,AE:AE) -> 51
B56: 54 | C56: =SMALL(AG:AG, B56) -> 54 | D56: =INDEX(Z:Z,MATCH(B56,AF:AF,0)) -> 長久手B | E56: =INDEX(AA:AA,MATCH(B56,AF:AF,0)) -> 31 | F56: =INDEX(AB:AB,MATCH(B56,AF:AF,0)) -> 水野 三穂 | G56: =INDEX(AC:AC,MATCH(B56,AF:AF,0)) -> 女 | H56: =IF(INDEX(AD:AD,MATCH(F56,AB:AB,0))=8,"皆中",INDEX(AD:AD,MATCH(F56,AB:AB,0))) -> 2 | I56: =IF($G56="男",ROW(),"") | J56: =IF($G56="女",ROW(),"") -> 56 | L56: =IF(O56="","",_xlfn.RANK.EQ(Q56,Q:Q)) | M56: =IF(O56="","",INDEX(D:D,MATCH(O56,F:F,0))) | N56: =IF(O56="","",INDEX(E:E,MATCH(O56,F:F,0))) | O56: =IF(COUNT(I:I)<ROW(B54),"",INDEX(F:F,SMALL(I:I,ROW(B54)))) | P56: =IF(O56="","",INDEX(H:H,MATCH(O56,F:F,0))) | Q56: =IF(O56="","",INDEX(AE:AE,MATCH(O56,AB:AB,0))) | S56: =IF(V56="","",_xlfn.RANK.EQ(X56,X:X)) | T56: =IF(V56="","",INDEX(D:D,MATCH(V56,F:F,0))) | U56: =IF(V56="","",INDEX(E:E,MATCH(V56,F:F,0))) | V56: =IF(COUNT(J:J)<ROW(B54),"",INDEX(F:F,SMALL(J:J,ROW(B54)))) | W56: =IF(V56="","",INDEX(H:H,MATCH(V56,F:F,0))) | X56: =IF(V56="","",INDEX(AE:AE,MATCH(V56,AB:AB,0))) | Z56: =IF(選手!B55="","",選手!B55) -> 瀬戸A | AA56: =IF(選手!C55="","",選手!C55) -> 54 | AB56: =IF(選手!D55="","",選手!D55) -> 野村 清美 | AC56: =IF(選手!E55="","",選手!E55) -> 男 | AD56: =記録!L41 -> 6 | AE56: =記録!L40 -> 6.1111011 | AF56: =AG56+COUNTIF(AG3:AG56,AG56)-1 -> 4 | AG56: =_xlfn.RANK.EQ(AE56,AE:AE) -> 4
B57: 55 | C57: =SMALL(AG:AG, B57) -> 55 | D57: =INDEX(Z:Z,MATCH(B57,AF:AF,0)) -> 春日井B | E57: =INDEX(AA:AA,MATCH(B57,AF:AF,0)) -> 6 | F57: =INDEX(AB:AB,MATCH(B57,AF:AF,0)) -> 渡會 あすか | G57: =INDEX(AC:AC,MATCH(B57,AF:AF,0)) -> 女 | H57: =IF(INDEX(AD:AD,MATCH(F57,AB:AB,0))=8,"皆中",INDEX(AD:AD,MATCH(F57,AB:AB,0))) -> 2 | I57: =IF($G57="男",ROW(),"") | J57: =IF($G57="女",ROW(),"") -> 57 | L57: =IF(O57="","",_xlfn.RANK.EQ(Q57,Q:Q)) | M57: =IF(O57="","",INDEX(D:D,MATCH(O57,F:F,0))) | N57: =IF(O57="","",INDEX(E:E,MATCH(O57,F:F,0))) | O57: =IF(COUNT(I:I)<ROW(B55),"",INDEX(F:F,SMALL(I:I,ROW(B55)))) | P57: =IF(O57="","",INDEX(H:H,MATCH(O57,F:F,0))) | Q57: =IF(O57="","",INDEX(AE:AE,MATCH(O57,AB:AB,0))) | S57: =IF(V57="","",_xlfn.RANK.EQ(X57,X:X)) | T57: =IF(V57="","",INDEX(D:D,MATCH(V57,F:F,0))) | U57: =IF(V57="","",INDEX(E:E,MATCH(V57,F:F,0))) | V57: =IF(COUNT(J:J)<ROW(B55),"",INDEX(F:F,SMALL(J:J,ROW(B55)))) | W57: =IF(V57="","",INDEX(H:H,MATCH(V57,F:F,0))) | X57: =IF(V57="","",INDEX(AE:AE,MATCH(V57,AB:AB,0))) | Z57: =IF(選手!B56="","",選手!B56) -> 瀬戸A | AA57: =IF(選手!C56="","",選手!C56) -> 55 | AB57: =IF(選手!D56="","",選手!D56) -> 加藤 広史 | AC57: =IF(選手!E56="","",選手!E56) -> 男 | AD57: =記録!K41 -> 3 | AE57: =記録!K40 -> 3.10101 | AF57: =AG57+COUNTIF(AG3:AG57,AG57)-1 -> 44 | AG57: =_xlfn.RANK.EQ(AE57,AE:AE) -> 41
B58: 56 | C58: =SMALL(AG:AG, B58) -> 55 | D58: =INDEX(Z:Z,MATCH(B58,AF:AF,0)) -> 西春日井A | E58: =INDEX(AA:AA,MATCH(B58,AF:AF,0)) -> 43 | F58: =INDEX(AB:AB,MATCH(B58,AF:AF,0)) -> 大槻 成実 | G58: =INDEX(AC:AC,MATCH(B58,AF:AF,0)) -> 男 | H58: =IF(INDEX(AD:AD,MATCH(F58,AB:AB,0))=8,"皆中",INDEX(AD:AD,MATCH(F58,AB:AB,0))) -> 2 | I58: =IF($G58="男",ROW(),"") -> 58 | J58: =IF($G58="女",ROW(),"") | L58: =IF(O58="","",_xlfn.RANK.EQ(Q58,Q:Q)) | M58: =IF(O58="","",INDEX(D:D,MATCH(O58,F:F,0))) | N58: =IF(O58="","",INDEX(E:E,MATCH(O58,F:F,0))) | O58: =IF(COUNT(I:I)<ROW(B56),"",INDEX(F:F,SMALL(I:I,ROW(B56)))) | P58: =IF(O58="","",INDEX(H:H,MATCH(O58,F:F,0))) | Q58: =IF(O58="","",INDEX(AE:AE,MATCH(O58,AB:AB,0))) | S58: =IF(V58="","",_xlfn.RANK.EQ(X58,X:X)) | T58: =IF(V58="","",INDEX(D:D,MATCH(V58,F:F,0))) | U58: =IF(V58="","",INDEX(E:E,MATCH(V58,F:F,0))) | V58: =IF(COUNT(J:J)<ROW(B56),"",INDEX(F:F,SMALL(J:J,ROW(B56)))) | W58: =IF(V58="","",INDEX(H:H,MATCH(V58,F:F,0))) | X58: =IF(V58="","",INDEX(AE:AE,MATCH(V58,AB:AB,0))) | Z58: =IF(選手!B57="","",選手!B57) -> 瀬戸A | AA58: =IF(選手!C57="","",選手!C57) -> 56 | AB58: =IF(選手!D57="","",選手!D57) -> 長江 辰彦 | AC58: =IF(選手!E57="","",選手!E57) -> 男 | AD58: =記録!J41 -> 3 | AE58: =記録!J40 -> 3.1001001 | AF58: =AG58+COUNTIF(AG3:AG58,AG58)-1 -> 49 | AG58: =_xlfn.RANK.EQ(AE58,AE:AE) -> 49
B59: 57 | C59: =SMALL(AG:AG, B59) -> 57 | D59: =INDEX(Z:Z,MATCH(B59,AF:AF,0)) -> 豊明B | E59: =INDEX(AA:AA,MATCH(B59,AF:AF,0)) -> 16 | F59: =INDEX(AB:AB,MATCH(B59,AF:AF,0)) -> 谷口 祥子 | G59: =INDEX(AC:AC,MATCH(B59,AF:AF,0)) -> 女 | H59: =IF(INDEX(AD:AD,MATCH(F59,AB:AB,0))=8,"皆中",INDEX(AD:AD,MATCH(F59,AB:AB,0))) -> 2 | I59: =IF($G59="男",ROW(),"") | J59: =IF($G59="女",ROW(),"") -> 59 | L59: =IF(O59="","",_xlfn.RANK.EQ(Q59,Q:Q)) | M59: =IF(O59="","",INDEX(D:D,MATCH(O59,F:F,0))) | N59: =IF(O59="","",INDEX(E:E,MATCH(O59,F:F,0))) | O59: =IF(COUNT(I:I)<ROW(B57),"",INDEX(F:F,SMALL(I:I,ROW(B57)))) | P59: =IF(O59="","",INDEX(H:H,MATCH(O59,F:F,0))) | Q59: =IF(O59="","",INDEX(AE:AE,MATCH(O59,AB:AB,0))) | S59: =IF(V59="","",_xlfn.RANK.EQ(X59,X:X)) | T59: =IF(V59="","",INDEX(D:D,MATCH(V59,F:F,0))) | U59: =IF(V59="","",INDEX(E:E,MATCH(V59,F:F,0))) | V59: =IF(COUNT(J:J)<ROW(B57),"",INDEX(F:F,SMALL(J:J,ROW(B57)))) | W59: =IF(V59="","",INDEX(H:H,MATCH(V59,F:F,0))) | X59: =IF(V59="","",INDEX(AE:AE,MATCH(V59,AB:AB,0))) | Z59: =IF(選手!B58="","",選手!B58) -> 瀬戸B | AA59: =IF(選手!C58="","",選手!C58) -> 57 | AB59: =IF(選手!D58="","",選手!D58) -> 谷口 弥生 | AC59: =IF(選手!E58="","",選手!E58) -> 女 | AD59: =記録!I41 -> 3 | AE59: =記録!I40 -> 3.110001 | AF59: =AG59+COUNTIF(AG3:AG59,AG59)-1 -> 37 | AG59: =_xlfn.RANK.EQ(AE59,AE:AE) -> 36
B60: 58 | C60: =SMALL(AG:AG, B60) -> 58 | D60: =INDEX(Z:Z,MATCH(B60,AF:AF,0)) -> 西春日井A | E60: =INDEX(AA:AA,MATCH(B60,AF:AF,0)) -> 41 | F60: =INDEX(AB:AB,MATCH(B60,AF:AF,0)) -> 丹羽 泰生 | G60: =INDEX(AC:AC,MATCH(B60,AF:AF,0)) -> 男 | H60: =IF(INDEX(AD:AD,MATCH(F60,AB:AB,0))=8,"皆中",INDEX(AD:AD,MATCH(F60,AB:AB,0))) -> 2 | I60: =IF($G60="男",ROW(),"") -> 60 | J60: =IF($G60="女",ROW(),"") | L60: =IF(O60="","",_xlfn.RANK.EQ(Q60,Q:Q)) | M60: =IF(O60="","",INDEX(D:D,MATCH(O60,F:F,0))) | N60: =IF(O60="","",INDEX(E:E,MATCH(O60,F:F,0))) | O60: =IF(COUNT(I:I)<ROW(B58),"",INDEX(F:F,SMALL(I:I,ROW(B58)))) | P60: =IF(O60="","",INDEX(H:H,MATCH(O60,F:F,0))) | Q60: =IF(O60="","",INDEX(AE:AE,MATCH(O60,AB:AB,0))) | S60: =IF(V60="","",_xlfn.RANK.EQ(X60,X:X)) | T60: =IF(V60="","",INDEX(D:D,MATCH(V60,F:F,0))) | U60: =IF(V60="","",INDEX(E:E,MATCH(V60,F:F,0))) | V60: =IF(COUNT(J:J)<ROW(B58),"",INDEX(F:F,SMALL(J:J,ROW(B58)))) | W60: =IF(V60="","",INDEX(H:H,MATCH(V60,F:F,0))) | X60: =IF(V60="","",INDEX(AE:AE,MATCH(V60,AB:AB,0))) | Z60: =IF(選手!B59="","",選手!B59) -> 瀬戸B | AA60: =IF(選手!C59="","",選手!C59) -> 58 | AB60: =IF(選手!D59="","",選手!D59) -> 加藤 節子 | AC60: =IF(選手!E59="","",選手!E59) -> 女 | AD60: =記録!H41 -> 4 | AE60: =記録!H40 -> 4.1011001 | AF60: =AG60+COUNTIF(AG3:AG60,AG60)-1 -> 27 | AG60: =_xlfn.RANK.EQ(AE60,AE:AE) -> 26
B61: 59 | C61: =SMALL(AG:AG, B61) -> 59 | D61: =INDEX(Z:Z,MATCH(B61,AF:AF,0)) -> 西春日井A | E61: =INDEX(AA:AA,MATCH(B61,AF:AF,0)) -> 44 | F61: =INDEX(AB:AB,MATCH(B61,AF:AF,0)) -> 加藤 忠人 | G61: =INDEX(AC:AC,MATCH(B61,AF:AF,0)) -> 男 | H61: =IF(INDEX(AD:AD,MATCH(F61,AB:AB,0))=8,"皆中",INDEX(AD:AD,MATCH(F61,AB:AB,0))) -> 1 | I61: =IF($G61="男",ROW(),"") -> 61 | J61: =IF($G61="女",ROW(),"") | L61: =IF(O61="","",_xlfn.RANK.EQ(Q61,Q:Q)) | M61: =IF(O61="","",INDEX(D:D,MATCH(O61,F:F,0))) | N61: =IF(O61="","",INDEX(E:E,MATCH(O61,F:F,0))) | O61: =IF(COUNT(I:I)<ROW(B59),"",INDEX(F:F,SMALL(I:I,ROW(B59)))) | P61: =IF(O61="","",INDEX(H:H,MATCH(O61,F:F,0))) | Q61: =IF(O61="","",INDEX(AE:AE,MATCH(O61,AB:AB,0))) | S61: =IF(V61="","",_xlfn.RANK.EQ(X61,X:X)) | T61: =IF(V61="","",INDEX(D:D,MATCH(V61,F:F,0))) | U61: =IF(V61="","",INDEX(E:E,MATCH(V61,F:F,0))) | V61: =IF(COUNT(J:J)<ROW(B59),"",INDEX(F:F,SMALL(J:J,ROW(B59)))) | W61: =IF(V61="","",INDEX(H:H,MATCH(V61,F:F,0))) | X61: =IF(V61="","",INDEX(AE:AE,MATCH(V61,AB:AB,0))) | Z61: =IF(選手!B60="","",選手!B60) -> 瀬戸B | AA61: =IF(選手!C60="","",選手!C60) -> 59 | AB61: =IF(選手!D60="","",選手!D60) -> 瀬山 博子 | AC61: =IF(選手!E60="","",選手!E60) -> 女 | AD61: =記録!G41 -> 5 | AE61: =記録!G40 -> 5.1110101 | AF61: =AG61+COUNTIF(AG3:AG61,AG61)-1 -> 8 | AG61: =_xlfn.RANK.EQ(AE61,AE:AE) -> 8
B62: 60 | C62: =SMALL(AG:AG, B62) -> 59 | D62: =INDEX(Z:Z,MATCH(B62,AF:AF,0)) -> 西春日井B | E62: =INDEX(AA:AA,MATCH(B62,AF:AF,0)) -> 48 | F62: =INDEX(AB:AB,MATCH(B62,AF:AF,0)) -> 白井 千鶴子 | G62: =INDEX(AC:AC,MATCH(B62,AF:AF,0)) -> 女 | H62: =IF(INDEX(AD:AD,MATCH(F62,AB:AB,0))=8,"皆中",INDEX(AD:AD,MATCH(F62,AB:AB,0))) -> 1 | I62: =IF($G62="男",ROW(),"") | J62: =IF($G62="女",ROW(),"") -> 62 | L62: =IF(O62="","",_xlfn.RANK.EQ(Q62,Q:Q)) | M62: =IF(O62="","",INDEX(D:D,MATCH(O62,F:F,0))) | N62: =IF(O62="","",INDEX(E:E,MATCH(O62,F:F,0))) | O62: =IF(COUNT(I:I)<ROW(B60),"",INDEX(F:F,SMALL(I:I,ROW(B60)))) | P62: =IF(O62="","",INDEX(H:H,MATCH(O62,F:F,0))) | Q62: =IF(O62="","",INDEX(AE:AE,MATCH(O62,AB:AB,0))) | S62: =IF(V62="","",_xlfn.RANK.EQ(X62,X:X)) | T62: =IF(V62="","",INDEX(D:D,MATCH(V62,F:F,0))) | U62: =IF(V62="","",INDEX(E:E,MATCH(V62,F:F,0))) | V62: =IF(COUNT(J:J)<ROW(B60),"",INDEX(F:F,SMALL(J:J,ROW(B60)))) | W62: =IF(V62="","",INDEX(H:H,MATCH(V62,F:F,0))) | X62: =IF(V62="","",INDEX(AE:AE,MATCH(V62,AB:AB,0))) | Z62: =IF(選手!B61="","",選手!B61) -> 瀬戸B | AA62: =IF(選手!C61="","",選手!C61) -> 60 | AB62: =IF(選手!D61="","",選手!D61) -> 原 由美子 | AC62: =IF(選手!E61="","",選手!E61) -> 女 | AD62: =記録!F41 -> 3 | AE62: =記録!F40 -> 3.100101 | AF62: =AG62+COUNTIF(AG3:AG62,AG62)-1 -> 48 | AG62: =_xlfn.RANK.EQ(AE62,AE:AE) -> 47
B63: 61 | C63: =SMALL(AG:AG, B63) -> 61 | D63: =INDEX(Z:Z,MATCH(B63,AF:AF,0)) -> ダミーA | E63: =INDEX(AA:AA,MATCH(B63,AF:AF,0)) -> 61 | F63: =INDEX(AB:AB,MATCH(B63,AF:AF,0)) | G63: =INDEX(AC:AC,MATCH(B63,AF:AF,0)) | H63: =IF(INDEX(AD:AD,MATCH(F63,AB:AB,0))=8,"皆中",INDEX(AD:AD,MATCH(F63,AB:AB,0))) -> 0 | I63: =IF($G63="男",ROW(),"") | J63: =IF($G63="女",ROW(),"") | L63: =IF(O63="","",_xlfn.RANK.EQ(Q63,Q:Q)) | M63: =IF(O63="","",INDEX(D:D,MATCH(O63,F:F,0))) | N63: =IF(O63="","",INDEX(E:E,MATCH(O63,F:F,0))) | O63: =IF(COUNT(I:I)<ROW(B61),"",INDEX(F:F,SMALL(I:I,ROW(B61)))) | P63: =IF(O63="","",INDEX(H:H,MATCH(O63,F:F,0))) | Q63: =IF(O63="","",INDEX(AE:AE,MATCH(O63,AB:AB,0))) | S63: =IF(V63="","",_xlfn.RANK.EQ(X63,X:X)) | T63: =IF(V63="","",INDEX(D:D,MATCH(V63,F:F,0))) | U63: =IF(V63="","",INDEX(E:E,MATCH(V63,F:F,0))) | V63: =IF(COUNT(J:J)<ROW(B61),"",INDEX(F:F,SMALL(J:J,ROW(B61)))) | W63: =IF(V63="","",INDEX(H:H,MATCH(V63,F:F,0))) | X63: =IF(V63="","",INDEX(AE:AE,MATCH(V63,AB:AB,0))) | Z63: =IF(選手!B62="","",選手!B62) -> ダミーA | AA63: =IF(選手!C62="","",選手!C62) -> 61 | AB63: =IF(選手!D62="","",選手!D62) | AC63: =IF(選手!E62="","",選手!E62) | AD63: =記録!E59 -> 0 | AE63: =記録!E58 -> 0.1 | AF63: =AG63+COUNTIF(AG3:AG63,AG63)-1 -> 61 | AG63: =_xlfn.RANK.EQ(AE63,AE:AE) -> 61
B64: 62 | C64: =SMALL(AG:AG, B64) -> 61 | D64: =INDEX(Z:Z,MATCH(B64,AF:AF,0)) | E64: =INDEX(AA:AA,MATCH(B64,AF:AF,0)) -> 62 | F64: =INDEX(AB:AB,MATCH(B64,AF:AF,0)) | G64: =INDEX(AC:AC,MATCH(B64,AF:AF,0)) | H64: =IF(INDEX(AD:AD,MATCH(F64,AB:AB,0))=8,"皆中",INDEX(AD:AD,MATCH(F64,AB:AB,0))) -> 0 | I64: =IF($G64="男",ROW(),"") | J64: =IF($G64="女",ROW(),"") | L64: =IF(O64="","",_xlfn.RANK.EQ(Q64,Q:Q)) | M64: =IF(O64="","",INDEX(D:D,MATCH(O64,F:F,0))) | N64: =IF(O64="","",INDEX(E:E,MATCH(O64,F:F,0))) | O64: =IF(COUNT(I:I)<ROW(B62),"",INDEX(F:F,SMALL(I:I,ROW(B62)))) | P64: =IF(O64="","",INDEX(H:H,MATCH(O64,F:F,0))) | Q64: =IF(O64="","",INDEX(AE:AE,MATCH(O64,AB:AB,0))) | S64: =IF(V64="","",_xlfn.RANK.EQ(X64,X:X)) | T64: =IF(V64="","",INDEX(D:D,MATCH(V64,F:F,0))) | U64: =IF(V64="","",INDEX(E:E,MATCH(V64,F:F,0))) | V64: =IF(COUNT(J:J)<ROW(B62),"",INDEX(F:F,SMALL(J:J,ROW(B62)))) | W64: =IF(V64="","",INDEX(H:H,MATCH(V64,F:F,0))) | X64: =IF(V64="","",INDEX(AE:AE,MATCH(V64,AB:AB,0))) | Z64: =IF(選手!B63="","",選手!B63) | AA64: =IF(選手!C63="","",選手!C63) -> 62 | AB64: =IF(選手!D63="","",選手!D63) | AC64: =IF(選手!E63="","",選手!E63) | AD64: =記録!D59 -> 0 | AE64: =記録!D58 -> 0.1 | AF64: =AG64+COUNTIF(AG3:AG64,AG64)-1 -> 62 | AG64: =_xlfn.RANK.EQ(AE64,AE:AE) -> 61
B65: 63 | C65: =SMALL(AG:AG, B65) -> 61 | D65: =INDEX(Z:Z,MATCH(B65,AF:AF,0)) | E65: =INDEX(AA:AA,MATCH(B65,AF:AF,0)) -> 63 | F65: =INDEX(AB:AB,MATCH(B65,AF:AF,0)) | G65: =INDEX(AC:AC,MATCH(B65,AF:AF,0)) | H65: =IF(INDEX(AD:AD,MATCH(F65,AB:AB,0))=8,"皆中",INDEX(AD:AD,MATCH(F65,AB:AB,0))) -> 0 | I65: =IF($G65="男",ROW(),"") | J65: =IF($G65="女",ROW(),"") | L65: =IF(O65="","",_xlfn.RANK.EQ(Q65,Q:Q)) | M65: =IF(O65="","",INDEX(D:D,MATCH(O65,F:F,0))) | N65: =IF(O65="","",INDEX(E:E,MATCH(O65,F:F,0))) | O65: =IF(COUNT(I:I)<ROW(B63),"",INDEX(F:F,SMALL(I:I,ROW(B63)))) | P65: =IF(O65="","",INDEX(H:H,MATCH(O65,F:F,0))) | Q65: =IF(O65="","",INDEX(AE:AE,MATCH(O65,AB:AB,0))) | S65: =IF(V65="","",_xlfn.RANK.EQ(X65,X:X)) | T65: =IF(V65="","",INDEX(D:D,MATCH(V65,F:F,0))) | U65: =IF(V65="","",INDEX(E:E,MATCH(V65,F:F,0))) | V65: =IF(COUNT(J:J)<ROW(B63),"",INDEX(F:F,SMALL(J:J,ROW(B63)))) | W65: =IF(V65="","",INDEX(H:H,MATCH(V65,F:F,0))) | X65: =IF(V65="","",INDEX(AE:AE,MATCH(V65,AB:AB,0))) | Z65: =IF(選手!B64="","",選手!B64) | AA65: =IF(選手!C64="","",選手!C64) -> 63 | AB65: =IF(選手!D64="","",選手!D64) | AC65: =IF(選手!E64="","",選手!E64) | AD65: =記録!C59 -> 0 | AE65: =記録!C58 -> 0.1 | AF65: =AG65+COUNTIF(AG3:AG65,AG65)-1 -> 63 | AG65: =_xlfn.RANK.EQ(AE65,AE:AE) -> 61
B66: 64 | C66: =SMALL(AG:AG, B66) -> 61 | D66: =INDEX(Z:Z,MATCH(B66,AF:AF,0)) | E66: =INDEX(AA:AA,MATCH(B66,AF:AF,0)) -> 64 | F66: =INDEX(AB:AB,MATCH(B66,AF:AF,0)) | G66: =INDEX(AC:AC,MATCH(B66,AF:AF,0)) | H66: =IF(INDEX(AD:AD,MATCH(F66,AB:AB,0))=8,"皆中",INDEX(AD:AD,MATCH(F66,AB:AB,0))) -> 0 | I66: =IF($G66="男",ROW(),"") | J66: =IF($G66="女",ROW(),"") | L66: =IF(O66="","",_xlfn.RANK.EQ(Q66,Q:Q)) | M66: =IF(O66="","",INDEX(D:D,MATCH(O66,F:F,0))) | N66: =IF(O66="","",INDEX(E:E,MATCH(O66,F:F,0))) | O66: =IF(COUNT(I:I)<ROW(B64),"",INDEX(F:F,SMALL(I:I,ROW(B64)))) | P66: =IF(O66="","",INDEX(H:H,MATCH(O66,F:F,0))) | Q66: =IF(O66="","",INDEX(AE:AE,MATCH(O66,AB:AB,0))) | S66: =IF(V66="","",_xlfn.RANK.EQ(X66,X:X)) | T66: =IF(V66="","",INDEX(D:D,MATCH(V66,F:F,0))) | U66: =IF(V66="","",INDEX(E:E,MATCH(V66,F:F,0))) | V66: =IF(COUNT(J:J)<ROW(B64),"",INDEX(F:F,SMALL(J:J,ROW(B64)))) | W66: =IF(V66="","",INDEX(H:H,MATCH(V66,F:F,0))) | X66: =IF(V66="","",INDEX(AE:AE,MATCH(V66,AB:AB,0))) | Z66: =IF(選手!B65="","",選手!B65) | AA66: =IF(選手!C65="","",選手!C65) -> 64 | AB66: =IF(選手!D65="","",選手!D65) | AC66: =IF(選手!E65="","",選手!E65) | AD66: =記録!B59 -> 0 | AE66: =記録!B58 -> 0.1 | AF66: =AG66+COUNTIF(AG3:AG66,AG66)-1 -> 64 | AG66: =_xlfn.RANK.EQ(AE66,AE:AE) -> 61

Sheet 春日井
B1: チーム | C1: =IF(記録!F2="","",記録!F2) -> 日進A | G1: =IF(記録!J20="","",記録!J20) -> 尾張旭B
B2: チーム合計 | C2: =IF(記録!F3="","",記録!F3) -> 15 | G2: =IF(記録!J21="","",記録!J21) -> 10
B3: 個人合計 | C3: =IF(記録!F5="","",記録!F5) -> 5 | D3: =IF(記録!G5="","",記録!G5) -> 3 | E3: =IF(記録!H5="","",記録!H5) -> 3 | F3: =IF(記録!I5="","",記録!I5) -> 4 | G3: =IF(記録!J23="","",記録!J23) -> 2 | H3: =IF(記録!K23="","",記録!K23) -> 3 | I3: =IF(記録!L23="","",記録!L23) -> 3 | J3: =IF(記録!M23="","",記録!M23) -> 2
B4: 2立目 合計 | C4: =IF(記録!F6="","",記録!F6) -> 3 | D4: =IF(記録!G6="","",記録!G6) -> 1 | E4: =IF(記録!H6="","",記録!H6) -> 2 | F4: =IF(記録!I6="","",記録!I6) -> 3 | G4: =IF(記録!J24="","",記録!J24) | H4: =IF(記録!K24="","",記録!K24) -> 1 | I4: =IF(記録!L24="","",記録!L24) -> 1 | J4: =IF(記録!M24="","",記録!M24) -> 0
B5: 4射 | C5: =IF(記録!F7="","",記録!F7) | D5: =IF(記録!G7="","",記録!G7) -> 〇 | E5: =IF(記録!H7="","",記録!H7) | F5: =IF(記録!I7="","",記録!I7) -> 〇 | G5: =IF(記録!J25="","",記録!J25) | H5: =IF(記録!K25="","",記録!K25) | I5: =IF(記録!L25="","",記録!L25) | J5: =IF(記録!M25="","",記録!M25)
B6: 3射 | C6: =IF(記録!F8="","",記録!F8) -> 〇 | D6: =IF(記録!G8="","",記録!G8) | E6: =IF(記録!H8="","",記録!H8) -> 〇 | F6: =IF(記録!I8="","",記録!I8) | G6: =IF(記録!J26="","",記録!J26) -> 〇 | H6: =IF(記録!K26="","",記録!K26) | I6: =IF(記録!L26="","",記録!L26) -> 〇 | J6: =IF(記録!M26="","",記録!M26)
B7: 2射 | C7: =IF(記録!F9="","",記録!F9) -> 〇 | D7: =IF(記録!G9="","",記録!G9) | E7: =IF(記録!H9="","",記録!H9) | F7: =IF(記録!I9="","",記録!I9) -> 〇 | G7: =IF(記録!J27="","",記録!J27) | H7: =IF(記録!K27="","",記録!K27) -> 〇 | I7: =IF(記録!L27="","",記録!L27) | J7: =IF(記録!M27="","",記録!M27)
B8: 1射 | C8: =IF(記録!F10="","",記録!F10) -> 〇 | D8: =IF(記録!G10="","",記録!G10) | E8: =IF(記録!H10="","",記録!H10) -> 〇 | F8: =IF(記録!I10="","",記録!I10) -> 〇 | G8: =IF(記録!J28="","",記録!J28) | H8: =IF(記録!K28="","",記録!K28) | I8: =IF(記録!L28="","",記録!L28) | J8: =IF(記録!M28="","",記録!M28)
B9: 1立目 合計 | C9: =IF(記録!F11="","",記録!F11) -> 2 | D9: =IF(記録!G11="","",記録!G11) -> 2 | E9: =IF(記録!H11="","",記録!H11) -> 1 | F9: =IF(記録!I11="","",記録!I11) -> 1 | G9: =IF(記録!J29="","",記録!J29) -> 2 | H9: =IF(記録!K29="","",記録!K29) -> 2 | I9: =IF(記録!L29="","",記録!L29) -> 2 | J9: =IF(記録!M29="","",記録!M29) -> 2
B10: 4射 | C10: =IF(記録!F12="","",記録!F12) | D10: =IF(記録!G12="","",記録!G12) -> 〇 | E10: =IF(記録!H12="","",記録!H12) | F10: =IF(記録!I12="","",記録!I12) | G10: =IF(記録!J30="","",記録!J30) -> 〇 | H10: =IF(記録!K30="","",記録!K30) -> 〇 | I10: =IF(記録!L30="","",記録!L30) | J10: =IF(記録!M30="","",記録!M30)
B11: 3射 | C11: =IF(記録!F13="","",記録!F13) -> 〇 | D11: =IF(記録!G13="","",記録!G13) | E11: =IF(記録!H13="","",記録!H13) -> 〇 | F11: =IF(記録!I13="","",記録!I13) -> 〇 | G11: =IF(記録!J31="","",記録!J31) | H11: =IF(記録!K31="","",記録!K31) | I11: =IF(記録!L31="","",記録!L31) -> 〇 | J11: =IF(記録!M31="","",記録!M31) -> 〇
B12: 2射 | C12: =IF(記録!F14="","",記録!F14) | D12: =IF(記録!G14="","",記録!G14) | E12: =IF(記録!H14="","",記録!H14) | F12: =IF(記録!I14="","",記録!I14) | G12: =IF(記録!J32="","",記録!J32) | H12: =IF(記録!K32="","",記録!K32) -> 〇 | I12: =IF(記録!L32="","",記録!L32) | J12: =IF(記録!M32="","",記録!M32) -> 〇
B13: 1射 | C13: =IF(記録!F15="","",記録!F15) -> 〇 | D13: =IF(記録!G15="","",記録!G15) -> 〇 | E13: =IF(記録!H15="","",記録!H15) | F13: =IF(記録!I15="","",記録!I15) | G13: =IF(記録!J33="","",記録!J33) -> 〇 | H13: =IF(記録!K33="","",記録!K33) | I13: =IF(記録!L33="","",記録!L33) -> 〇 | J13: =IF(記録!M33="","",記録!M33)
B14: No. | C14: =IF(記録!F16="","",記録!F16) -> 20 | D14: =IF(記録!G16="","",記録!G16) -> 19 | E14: =IF(記録!H16="","",記録!H16) -> 18 | F14: =IF(記録!I16="","",記録!I16) -> 17 | G14: =IF(記録!J34="","",記録!J34) -> 40 | H14: =IF(記録!K34="","",記録!K34) -> 39 | I14: =IF(記録!L34="","",記録!L34) -> 38 | J14: =IF(記録!M34="","",記録!M34) -> 37
... B16: 氏 名 | C16: =IF(記録!F18="","",記録!F18) -> 志手 俊二 | D16: =IF(記録!G18="","",記録!G18) -> 谷田 直樹 | E16: =IF(記録!H18="","",記録!H18) -> 笠井 大督 | F16: =IF(記録!I18="","",記録!I18) -> 新美 友治 | G16: =IF(記録!J36="","",記録!J36) -> 加藤 康子 | H16: =IF(記録!K36="","",記録!K36) -> 安達 初枝 | I16: =IF(記録!L36="","",記録!L36) -> 北川 裕希子 | J16: =IF(記録!M36="","",記録!M36) -> 田中 沙紀子

Sheet 西春日井
B1: チーム | C1: =IF(記録!N2="","",記録!N2) -> 豊明A | G1: =IF(記録!J2="","",記録!J2) -> 豊明B
B2: チーム合計 | C2: =IF(記録!N3="","",記録!N3) -> 12 | G2: =IF(記録!J3="","",記録!J3) -> 14
B3: 個人合計 | C3: =IF(記録!N5="","",記録!N5) -> 3 | D3: =IF(記録!O5="","",記録!O5) -> 3 | E3: =IF(記録!P5="","",記録!P5) -> 3 | F3: =IF(記録!Q5="","",記録!Q5) -> 3 | G3: =IF(記録!J5="","",記録!J5) -> 2 | H3: =IF(記録!K5="","",記録!K5) -> 5 | I3: =IF(記録!L5="","",記録!L5) -> 3 | J3: =IF(記録!M5="","",記録!M5) -> 4
B4: 2立目 合計 | C4: =IF(記録!N6="","",記録!N6) -> 2 | D4: =IF(記録!O6="","",記録!O6) -> 2 | E4: =IF(記録!P6="","",記録!P6) -> 1 | F4: =IF(記録!Q6="","",記録!Q6) -> 1 | G4: =IF(記録!J6="","",記録!J6) -> 1 | H4: =IF(記録!K6="","",記録!K6) -> 3 | I4: =IF(記録!L6="","",記録!L6) -> 1 | J4: =IF(記録!M6="","",記録!M6) -> 2
B5: 4射 | C5: =IF(記録!N7="","",記録!N7) -> 〇 | D5: =IF(記録!O7="","",記録!O7) -> 〇 | E5: =IF(記録!P7="","",記録!P7) | F5: =IF(記録!Q7="","",記録!Q7) -> 〇 | G5: =IF(記録!J7="","",記録!J7) | H5: =IF(記録!K7="","",記録!K7) -> 〇 | I5: =IF(記録!L7="","",記録!L7) | J5: =IF(記録!M7="","",記録!M7) -> 〇
B6: 3射 | C6: =IF(記録!N8="","",記録!N8) | D6: =IF(記録!O8="","",記録!O8) | E6: =IF(記録!P8="","",記録!P8) | F6: =IF(記録!Q8="","",記録!Q8) | G6: =IF(記録!J8="","",記録!J8) -> 〇 | H6: =IF(記録!K8="","",記録!K8) | I6: =IF(記録!L8="","",記録!L8) -> 〇 | J6: =IF(記録!M8="","",記録!M8)
B7: 2射 | C7: =IF(記録!N9="","",記録!N9) | D7: =IF(記録!O9="","",記録!O9) | E7: =IF(記録!P9="","",記録!P9) -> 〇 | F7: =IF(記録!Q9="","",記録!Q9) | G7: =IF(記録!J9="","",記録!J9) | H7: =IF(記録!K9="","",記録!K9) -> 〇 | I7: =IF(記録!L9="","",記録!L9) | J7: =IF(記録!M9="","",記録!M9) -> 〇
B8: 1射 | C8: =IF(記録!N10="","",記録!N10) -> 〇 | D8: =IF(記録!O10="","",記録!O10) -> 〇 | E8: =IF(記録!P10="","",記録!P10) | F8: =IF(記録!Q10="","",記録!Q10) | G8: =IF(記録!J10="","",記録!J10) | H8: =IF(記録!K10="","",記録!K10) -> 〇 | I8: =IF(記録!L10="","",記録!L10) | J8: =IF(記録!M10="","",記録!M10)
B9: 1立目 合計 | C9: =IF(記録!N11="","",記録!N11) -> 1 | D9: =IF(記録!O11="","",記録!O11) -> 1 | E9: =IF(記録!P11="","",記録!P11) -> 2 | F9: =IF(記録!Q11="","",記録!Q11) -> 2 | G9: =IF(記録!J11="","",記録!J11) -> 1 | H9: =IF(記録!K11="","",記録!K11) -> 2 | I9: =IF(記録!L11="","",記録!L11) -> 2 | J9: =IF(記録!M11="","",記録!M11) -> 2
B10: 4射 | C10: =IF(記録!N12="","",記録!N12) | D10: =IF(記録!O12="","",記録!O12) | E10: =IF(記録!P12="","",記録!P12) -> 〇 | F10: =IF(記録!Q12="","",記録!Q12) | G10: =IF(記録!J12="","",記録!J12) | H10: =IF(記録!K12="","",記録!K12) | I10: =IF(記録!L12="","",記録!L12) -> 〇 | J10: =IF(記録!M12="","",記録!M12) -> 〇
B11: 3射 | C11: =IF(記録!N13="","",記録!N13) -> 〇 | D11: =IF(記録!O13="","",記録!O13) | E11: =IF(記録!P13="","",記録!P13) | F11: =IF(記録!Q13="","",記録!Q13) | G11: =IF(記録!J13="","",記録!J13) -> 〇 | H11: =IF(記録!K13="","",記録!K13) -> 〇 | I11: =IF(記録!L13="","",記録!L13) | J11: =IF(記録!M13="","",記録!M13)
B12: 2射 | C12: =IF(記録!N14="","",記録!N14) | D12: =IF(記録!O14="","",記録!O14) | E12: =IF(記録!P14="","",記録!P14) -> 〇 | F12: =IF(記録!Q14="","",記録!Q14) -> 〇 | G12: =IF(記録!J14="","",記録!J14) | H12: =IF(記録!K14="","",記録!K14) -> 〇 | I12: =IF(記録!L14="","",記録!L14) -> 〇 | J12: =IF(記録!M14="","",記録!M14)
B13: 1射 | C13: =IF(記録!N15="","",記録!N15) | D13: =IF(記録!O15="","",記録!O15) -> 〇 | E13: =IF(記録!P15="","",記録!P15) | F13: =IF(記録!Q15="","",記録!Q15) -> 〇 | G13: =IF(記録!J15="","",記録!J15) | H13: =IF(記録!K15="","",記録!K15) | I13: =IF(記録!L15="","",記録!L15) | J13: =IF(記録!M15="","",記録!M15) -> 〇
B14: No. | C14: =IF(記録!N16="","",記録!N16) -> 12 | D14: =IF(記録!O16="","",記録!O16) -> 11 | E14: =IF(記録!P16="","",記録!P16) -> 10 | F14: =IF(記録!Q16="","",記録!Q16) -> 9 | G14: =IF(記録!J16="","",記録!J16) -> 16 | H14: =IF(記録!K16="","",記録!K16) -> 15 | I14: =IF(記録!L16="","",記録!L16) -> 14 | J14: =IF(記録!M16="","",記録!M16) -> 13
... B16: 氏 名 | C16: =IF(記録!N18="","",記録!N18) -> 榊原 隆一 | D16: =IF(記録!O18="","",記録!O18) -> 外山 康彦 | E16: =IF(記録!P18="","",記録!P18) -> 近藤 治 | F16: =IF(記録!Q18="","",記録!Q18) -> 近藤 雄介 | G16: =IF(記録!J18="","",記録!J18) -> 谷口 祥子 | H16: =IF(記録!K18="","",記録!K18) -> 樋田 良子 | I16: =IF(記録!L18="","",記録!L18) -> 深見 裕子 | J16: =IF(記録!M18="","",記録!M18) -> 堀井 恵美子

Sheet 尾張旭
B1: チーム | C1: =IF(記録!B2="","",記録!B2) -> 日進B | G1: =IF(記録!V20="","",記録!V20) -> 長久手A
B2: チーム合計 | C2: =IF(記録!B3="","",記録!B3) -> 17 | G2: =IF(記録!V21="","",記録!V21) -> 20
B3: 個人合計 | C3: =IF(記録!B5="","",記録!B5) -> 6 | D3: =IF(記録!C5="","",記録!C5) -> 3 | E3: =IF(記録!D5="","",記録!D5) -> 4 | F3: =IF(記録!E5="","",記録!E5) -> 4 | G3: =IF(記録!V23="","",記録!V23) -> 4 | H3: =IF(記録!W23="","",記録!W23) -> 7 | I3: =IF(記録!X23="","",記録!X23) -> 4 | J3: =IF(記録!Y23="","",記録!Y23) -> 5
B4: 2立目 合計 | C4: =IF(記録!B6="","",記録!B6) -> 3 | D4: =IF(記録!C6="","",記録!C6) -> 2 | E4: =IF(記録!D6="","",記録!D6) -> 2 | F4: =IF(記録!E6="","",記録!E6) -> 2 | G4: =IF(記録!V24="","",記録!V24) -> 2 | H4: =IF(記録!W24="","",記録!W24) -> 4 | I4: =IF(記録!X24="","",記録!X24) -> 2 | J4: =IF(記録!Y24="","",記録!Y24) -> 2
B5: 4射 | C5: =IF(記録!B7="","",記録!B7) -> 〇 | D5: =IF(記録!C7="","",記録!C7) -> 〇 | E5: =IF(記録!D7="","",記録!D7) | F5: =IF(記録!E7="","",記録!E7) | G5: =IF(記録!V25="","",記録!V25) | H5: =IF(記録!W25="","",記録!W25) -> 〇 | I5: =IF(記録!X25="","",記録!X25) | J5: =IF(記録!Y25="","",記録!Y25) -> 〇
B6: 3射 | C6: =IF(記録!B8="","",記録!B8) -> 〇 | D6: =IF(記録!C8="","",記録!C8) -> 〇 | E6: =IF(記録!D8="","",記録!D8) | F6: =IF(記録!E8="","",記録!E8) -> 〇 | G6: =IF(記録!V26="","",記録!V26) -> 〇 | H6: =IF(記録!W26="","",記録!W26) -> 〇 | I6: =IF(記録!X26="","",記録!X26) -> 〇 | J6: =IF(記録!Y26="","",記録!Y26) -> 〇
B7: 2射 | C7: =IF(記録!B9="","",記録!B9) | D7: =IF(記録!C9="","",記録!C9) | E7: =IF(記録!D9="","",記録!D9) -> 〇 | F7: =IF(記録!E9="","",記録!E9) -> 〇 | G7: =IF(記録!V27="","",記録!V27) -> 〇 | H7: =IF(記録!W27="","",記録!W27) -> 〇 | I7: =IF(記録!X27="","",記録!X27) | J7: =IF(記録!Y27="","",記録!Y27)
B8: 1射 | C8: =IF(記録!B10="","",記録!B10) -> 〇 | D8: =IF(記録!C10="","",記録!C10) | E8: =IF(記録!D10="","",記録!D10) -> 〇 | F8: =IF(記録!E10="","",記録!E10) | G8: =IF(記録!V28="","",記録!V28) | H8: =IF(記録!W28="","",記録!W28) -> 〇 | I8: =IF(記録!X28="","",記録!X28) -> 〇 | J8: =IF(記録!Y28="","",記録!Y28)
B9: 1立目 合計 | C9: =IF(記録!B11="","",記録!B11) -> 3 | D9: =IF(記録!C11="","",記録!C11) -> 1 | E9: =IF(記録!D11="","",記録!D11) -> 2 | F9: =IF(記録!E11="","",記録!E11) -> 2 | G9: =IF(記録!V29="","",記録!V29) -> 2 | H9: =IF(記録!W29="","",記録!W29) -> 3 | I9: =IF(記録!X29="","",記録!X29) -> 2 | J9: =IF(記録!Y29="","",記録!Y29) -> 3
B10: 4射 | C10: =IF(記録!B12="","",記録!B12) -> 〇 | D10: =IF(記録!C12="","",記録!C12) | E10: =IF(記録!D12="","",記録!D12) | F10: =IF(記録!E12="","",記録!E12) -> 〇 | G10: =IF(記録!V30="","",記録!V30) | H10: =IF(記録!W30="","",記録!W30) -> 〇 | I10: =IF(記録!X30="","",記録!X30) -> 〇 | J10: =IF(記録!Y30="","",記録!Y30) -> 〇
B11: 3射 | C11: =IF(記録!B13="","",記録!B13) -> 〇 | D11: =IF(記録!C13="","",記録!C13) | E11: =IF(記録!D13="","",記録!D13) -> 〇 | F11: =IF(記録!E13="","",記録!E13) | G11: =IF(記録!V31="","",記録!V31) -> 〇 | H11: =IF(記録!W31="","",記録!W31) -> 〇 | I11: =IF(記録!X31="","",記録!X31) | J11: =IF(記録!Y31="","",記録!Y31) -> 〇
B12: 2射 | C12: =IF(記録!B14="","",記録!B14) -> 〇 | D12: =IF(記録!C14="","",記録!C14) -> 〇 | E12: =IF(記録!D14="","",記録!D14) | F12: =IF(記録!E14="","",記録!E14) | G12: =IF(記録!V32="","",記録!V32) -> 〇 | H12: =IF(記録!W32="","",記録!W32) | I12: =IF(記録!X32="","",記録!X32) -> 〇 | J12: =IF(記録!Y32="","",記録!Y32)
B13: 1射 | C13: =IF(記録!B15="","",記録!B15) | D13: =IF(記録!C15="","",記録!C15) | E13: =IF(記録!D15="","",記録!D15) -> 〇 | F13: =IF(記録!E15="","",記録!E15) -> 〇 | G13: =IF(記録!V33="","",記録!V33) | H13: =IF(記録!W33="","",記録!W33) -> 〇 | I13: =IF(記録!X33="","",記録!X33) | J13: =IF(記録!Y33="","",記録!Y33) -> 〇
B14: No. | C14: =IF(記録!B16="","",記録!B16) -> 24 | D14: =IF(記録!C16="","",記録!C16) -> 23 | E14: =IF(記録!D16="","",記録!D16) -> 22 | F14: =IF(記録!E16="","",記録!E16) -> 21 | G14: =IF(記録!V34="","",記録!V34) -> 28 | H14: =IF(記録!W34="","",記録!W34) -> 27 | I14: =IF(記録!X34="","",記録!X34) -> 26 | J14: =IF(記録!Y34="","",記録!Y34) -> 25
... B16: 氏 名 | C16: =IF(記録!B18="","",記録!B18) -> 谷口 洋子 | D16: =IF(記録!C18="","",記録!C18) -> 入江 美讃 | E16: =IF(記録!D18="","",記録!D18) -> 越後 奈緒美 | F16: =IF(記録!E18="","",記録!E18) -> 後藤 徳子 | G16: =IF(記録!V36="","",記録!V36) -> 松永 安太郎 | H16: =IF(記録!W36="","",記録!W36) -> 芝田 典久 | I16: =IF(記録!X36="","",記録!X36) -> 山本 三郎 | J16: =IF(記録!Y36="","",記録!Y36) -> 葛西 裕文

Sheet 日進
B1: チーム | C1: =IF(記録!R20="","",記録!R20) -> 長久手B | G1: =IF(記録!N20="","",記録!N20) -> 尾張旭A
B2: チーム合計 | C2: =IF(記録!R21="","",記録!R21) -> 16 | G2: =IF(記録!N21="","",記録!N21) -> 17
B3: 個人合計 | C3: =IF(記録!R23="","",記録!R23) -> 7 | D3: =IF(記録!S23="","",記録!S23) -> 2 | E3: =IF(記録!T23="","",記録!T23) -> 4 | F3: =IF(記録!U23="","",記録!U23) -> 3 | G3: =IF(記録!N23="","",記録!N23) -> 4 | H3: =IF(記録!O23="","",記録!O23) -> 4 | I3: =IF(記録!P23="","",記録!P23) -> 4 | J3: =IF(記録!Q23="","",記録!Q23) -> 5
B4: 2立目 合計 | C4: =IF(記録!R24="","",記録!R24) -> 4 | D4: =IF(記録!S24="","",記録!S24) -> 1 | E4: =IF(記録!T24="","",記録!T24) -> 2 | F4: =IF(記録!U24="","",記録!U24) -> 1 | G4: =IF(記録!N24="","",記録!N24) -> 2 | H4: =IF(記録!O24="","",記録!O24) -> 2 | I4: =IF(記録!P24="","",記録!P24) -> 2 | J4: =IF(記録!Q24="","",記録!Q24) -> 2
B5: 4射 | C5: =IF(記録!R25="","",記録!R25) -> 〇 | D5: =IF(記録!S25="","",記録!S25) | E5: =IF(記録!T25="","",記録!T25) -> 〇 | F5: =IF(記録!U25="","",記録!U25) | G5: =IF(記録!N25="","",記録!N25) -> 〇 | H5: =IF(記録!O25="","",記録!O25) | I5: =IF(記録!P25="","",記録!P25) | J5: =IF(記録!Q25="","",記録!Q25) -> 〇
B6: 3射 | C6: =IF(記録!R26="","",記録!R26) -> 〇 | D6: =IF(記録!S26="","",記録!S26) | E6: =IF(記録!T26="","",記録!T26) | F6: =IF(記録!U26="","",記録!U26) -> 〇 | G6: =IF(記録!N26="","",記録!N26) | H6: =IF(記録!O26="","",記録!O26) -> 〇 | I6: =IF(記録!P26="","",記録!P26) -> 〇 | J6: =IF(記録!Q26="","",記録!Q26)
B7: 2射 | C7: =IF(記録!R27="","",記録!R27) -> 〇 | D7: =IF(記録!S27="","",記録!S27) | E7: =IF(記録!T27="","",記録!T27) -> 〇 | F7: =IF(記録!U27="","",記録!U27) | G7: =IF(記録!N27="","",記録!N27) -> 〇 | H7: =IF(記録!O27="","",記録!O27) -> 〇 | I7: =IF(記録!P27="","",記録!P27) | J7: =IF(記録!Q27="","",記録!Q27)
B8: 1射 | C8: =IF(記録!R28="","",記録!R28) -> 〇 | D8: =IF(記録!S28="","",記録!S28) -> 〇 | E8: =IF(記録!T28="","",記録!T28) | F8: =IF(記録!U28="","",記録!U28) | G8: =IF(記録!N28="","",記録!N28) | H8: =IF(記録!O28="","",記録!O28) | I8: =IF(記録!P28="","",記録!P28) -> 〇 | J8: =IF(記録!Q28="","",記録!Q28) -> 〇
B9: 1立目 合計 | C9: =IF(記録!R29="","",記録!R29) -> 3 | D9: =IF(記録!S29="","",記録!S29) -> 1 | E9: =IF(記録!T29="","",記録!T29) -> 2 | F9: =IF(記録!U29="","",記録!U29) -> 2 | G9: =IF(記録!N29="","",記録!N29) -> 2 | H9: =IF(記録!O29="","",記録!O29) -> 2 | I9: =IF(記録!P29="","",記録!P29) -> 2 | J9: =IF(記録!Q29="","",記録!Q29) -> 3
B10: 4射 | C10: =IF(記録!R30="","",記録!R30) -> 〇 | D10: =IF(記録!S30="","",記録!S30) | E10: =IF(記録!T30="","",記録!T30) -> 〇 | F10: =IF(記録!U30="","",記録!U30) -> 〇 | G10: =IF(記録!N30="","",記録!N30) | H10: =IF(記録!O30="","",記録!O30) -> 〇 | I10: =IF(記録!P30="","",記録!P30) | J10: =IF(記録!Q30="","",記録!Q30) -> 〇
B11: 3射 | C11: =IF(記録!R31="","",記録!R31) -> 〇 | D11: =IF(記録!S31="","",記録!S31) -> 〇 | E11: =IF(記録!T31="","",記録!T31) | F11: =IF(記録!U31="","",記録!U31) | G11: =IF(記録!N31="","",記録!N31) -> 〇 | H11: =IF(記録!O31="","",記録!O31) | I11: =IF(記録!P31="","",記録!P31) -> 〇 | J11: =IF(記録!Q31="","",記録!Q31) -> 〇
B12: 2射 | C12: =IF(記録!R32="","",記録!R32) -> 〇 | D12: =IF(記録!S32="","",記録!S32) | E12: =IF(記録!T32="","",記録!T32) | F12: =IF(記録!U32="","",記録!U32) -> 〇 | G12: =IF(記録!N32="","",記録!N32) -> 〇 | H12: =IF(記録!O32="","",記録!O32) | I12: =IF(記録!P32="","",記録!P32) -> 〇 | J12: =IF(記録!Q32="","",記録!Q32) -> 〇
B13: 1射 | C13: =IF(記録!R33="","",記録!R33) | D13: =IF(記録!S33="","",記録!S33) | E13: =IF(記録!T33="","",記録!T33) -> 〇 | F13: =IF(記録!U33="","",記録!U33) | G13: =IF(記録!N33="","",記録!N33) | H13: =IF(記録!O33="","",記録!O33) -> 〇 | I13: =IF(記録!P33="","",記録!P33) | J13: =IF(記録!Q33="","",記録!Q33)
B14: No. | C14: =IF(記録!R34="","",記録!R34) -> 32 | D14: =IF(記録!S34="","",記録!S34) -> 31 | E14: =IF(記録!T34="","",記録!T34) -> 30 | F14: =IF(記録!U34="","",記録!U34) -> 29 | G14: =IF(記録!N34="","",記録!N34) -> 36 | H14: =IF(記録!O34="","",記録!O34) -> 35 | I14: =IF(記録!P34="","",記録!P34) -> 34 | J14: =IF(記録!Q34="","",記録!Q34) -> 33
... B16: 氏 名 | C16: =IF(記録!R36="","",記録!R36) -> 野々垣 奈緒子 | D16: =IF(記録!S36="","",記録!S36) -> 水野 三穂 | E16: =IF(記録!T36="","",記録!T36) -> 上平 佳織 | F16: =IF(記録!U36="","",記録!U36) -> 澤田 圭子 | G16: =IF(記録!N36="","",記録!N36) -> 山田 英治 | H16: =IF(記録!O36="","",記録!O36) -> 大竹 誠 | I16: =IF(記録!P36="","",記録!P36) -> 角谷 昌紀 | J16: =IF(記録!Q36="","",記録!Q36) -> 西尾 雅司

Sheet 瀬戸
B1: チーム | C1: =IF(記録!V2="","",記録!V2) -> 春日井A | G1: =IF(記録!R2="","",記録!R2) -> 春日井B
B2: チーム合計 | C2: =IF(記録!V3="","",記録!V3) -> 21 | G2: =IF(記録!R3="","",記録!R3) -> 15
B3: 個人合計 | C3: =IF(記録!V5="","",記録!V5) -> 7 | D3: =IF(記録!W5="","",記録!W5) -> 3 | E3: =IF(記録!X5="","",記録!X5) -> 6 | F3: =IF(記録!Y5="","",記録!Y5) -> 5 | G3: =IF(記録!R5="","",記録!R5) -> 4 | H3: =IF(記録!S5="","",記録!S5) -> 5 | I3: =IF(記録!T5="","",記録!T5) -> 2 | J3: =IF(記録!U5="","",記録!U5) -> 4
B4: 2立目 合計 | C4: =IF(記録!V6="","",記録!V6) -> 4 | D4: =IF(記録!W6="","",記録!W6) -> 1 | E4: =IF(記録!X6="","",記録!X6) -> 3 | F4: =IF(記録!Y6="","",記録!Y6) -> 3 | G4: =IF(記録!R6="","",記録!R6) -> 2 | H4: =IF(記録!S6="","",記録!S6) -> 3 | I4: =IF(記録!T6="","",記録!T6) -> 1 | J4: =IF(記録!U6="","",記録!U6) -> 2
B5: 4射 | C5: =IF(記録!V7="","",記録!V7) -> 〇 | D5: =IF(記録!W7="","",記録!W7) | E5: =IF(記録!X7="","",記録!X7) -> 〇 | F5: =IF(記録!Y7="","",記録!Y7) -> 〇 | G5: =IF(記録!R7="","",記録!R7) -> 〇 | H5: =IF(記録!S7="","",記録!S7) -> 〇 | I5: =IF(記録!T7="","",記録!T7) | J5: =IF(記録!U7="","",記録!U7)
B6: 3射 | C6: =IF(記録!V8="","",記録!V8) -> 〇 | D6: =IF(記録!W8="","",記録!W8) -> 〇 | E6: =IF(記録!X8="","",記録!X8) -> 〇 | F6: =IF(記録!Y8="","",記録!Y8) -> 〇 | G6: =IF(記録!R8="","",記録!R8) -> 〇 | H6: =IF(記録!S8="","",記録!S8) -> 〇 | I6: =IF(記録!T8="","",記録!T8) | J6: =IF(記録!U8="","",記録!U8) -> 〇
B7: 2射 | C7: =IF(記録!V9="","",記録!V9) -> 〇 | D7: =IF(記録!W9="","",記録!W9) | E7: =IF(記録!X9="","",記録!X9) -> 〇 | F7: =IF(記録!Y9="","",記録!Y9) -> × | G7: =IF(記録!R9="","",記録!R9) | H7: =IF(記録!S9="","",記録!S9) -> 〇 | I7: =IF(記録!T9="","",記録!T9) -> 〇 | J7: =IF(記録!U9="","",記録!U9) -> 〇
B8: 1射 | C8: =IF(記録!V10="","",記録!V10) -> 〇 | D8: =IF(記録!W10="","",記録!W10) | E8: =IF(記録!X10="","",記録!X10) | F8: =IF(記録!Y10="","",記録!Y10) -> 〇 | G8: =IF(記録!R10="","",記録!R10) | H8: =IF(記録!S10="","",記録!S10) | I8: =IF(記録!T10="","",記録!T10) | J8: =IF(記録!U10="","",記録!U10)
B9: 1立目 合計 | C9: =IF(記録!V11="","",記録!V11) -> 3 | D9: =IF(記録!W11="","",記録!W11) -> 2 | E9: =IF(記録!X11="","",記録!X11) -> 3 | F9: =IF(記録!Y11="","",記録!Y11) -> 2 | G9: =IF(記録!R11="","",記録!R11) -> 2 | H9: =IF(記録!S11="","",記録!S11) -> 2 | I9: =IF(記録!T11="","",記録!T11) -> 1 | J9: =IF(記録!U11="","",記録!U11) -> 2
B10: 4射 | C10: =IF(記録!V12="","",記録!V12) | D10: =IF(記録!W12="","",記録!W12) -> 〇 | E10: =IF(記録!X12="","",記録!X12) -> 〇 | F10: =IF(記録!Y12="","",記録!Y12) | G10: =IF(記録!R12="","",記録!R12) | H10: =IF(記録!S12="","",記録!S12) -> 〇 | I10: =IF(記録!T12="","",記録!T12) | J10: =IF(記録!U12="","",記録!U12) -> 〇
B11: 3射 | C11: =IF(記録!V13="","",記録!V13) -> 〇 | D11: =IF(記録!W13="","",記録!W13) | E11: =IF(記録!X13="","",記録!X13) -> 〇 | F11: =IF(記録!Y13="","",記録!Y13) -> 〇 | G11: =IF(記録!R13="","",記録!R13) -> 〇 | H11: =IF(記録!S13="","",記録!S13) | I11: =IF(記録!T13="","",記録!T13) -> 〇 | J11: =IF(記録!U13="","",記録!U13)
B12: 2射 | C12: =IF(記録!V14="","",記録!V14) -> 〇 | D12: =IF(記録!W14="","",記録!W14) -> 〇 | E12: =IF(記録!X14="","",記録!X14) -> 〇 | F12: =IF(記録!Y14="","",記録!Y14) -> 〇 | G12: =IF(記録!R14="","",記録!R14) | H12: =IF(記録!S14="","",記録!S14) | I12: =IF(記録!T14="","",記録!T14) | J12: =IF(記録!U14="","",記録!U14) -> 〇
B13: 1射 | C13: =IF(記録!V15="","",記録!V15) -> 〇 | D13: =IF(記録!W15="","",記録!W15) | E13: =IF(記録!X15="","",記録!X15) | F13: =IF(記録!Y15="","",記録!Y15) | G13: =IF(記録!R15="","",記録!R15) -> 〇 | H13: =IF(記録!S15="","",記録!S15) -> 〇 | I13: =IF(記録!T15="","",記録!T15) | J13: =IF(記録!U15="","",記録!U15)
B14: No. | C14: =IF(記録!V16="","",記録!V16) -> 4 | D14: =IF(記録!W16="","",記録!W16) -> 3 | E14: =IF(記録!X16="","",記録!X16) -> 2 | F14: =IF(記録!Y16="","",記録!Y16) -> 1 | G14: =IF(記録!R16="","",記録!R16) -> 8 | H14: =IF(記録!S16="","",記録!S16) -> 7 | I14: =IF(記録!T16="","",記録!T16) -> 6 | J14: =IF(記録!U16="","",記録!U16) -> 5
... B16: 氏 名 | C16: =IF(記録!V18="","",記録!V18) -> 田井 泰 | D16: =IF(記録!W18="","",記録!W18) -> 大嶋 啓嗣 | E16: =IF(記録!X18="","",記録!X18) -> 伊藤 恭浩 | F16: =IF(記録!Y18="","",記録!Y18) -> 峯 徹 | G16: =IF(記録!R18="","",記録!R18) -> 伊藤 洋子 | H16: =IF(記録!S18="","",記録!S18) -> 片桐 志保 | I16: =IF(記録!T18="","",記録!T18) -> 渡會 あすか | J16: =IF(記録!U18="","",記録!U18) -> 佃 弘美

Sheet 長久手
B1: チーム | C1: =IF(記録!V38="","",記録!V38) -> 西春日井A | G1: =IF(記録!R38="","",記録!R38) -> 西春日井B
B2: チーム合計 | C2: =IF(記録!V39="","",記録!V39) -> 7 | G2: =IF(記録!R39="","",記録!R39) -> 13
B3: 個人合計 | C3: =IF(記録!V41="","",記録!V41) -> 1 | D3: =IF(記録!W41="","",記録!W41) -> 2 | E3: =IF(記録!X41="","",記録!X41) -> 2 | F3: =IF(記録!Y41="","",記録!Y41) -> 2 | G3: =IF(記録!R41="","",記録!R41) -> 1 | H3: =IF(記録!S41="","",記録!S41) -> 4 | I3: =IF(記録!T41="","",記録!T41) -> 3 | J3: =IF(記録!U41="","",記録!U41) -> 5
B4: 2立目 合計 | C4: =IF(記録!V42="","",記録!V42) -> 1 | D4: =IF(記録!W42="","",記録!W42) -> 1 | E4: =IF(記録!X42="","",記録!X42) -> 1 | F4: =IF(記録!Y42="","",記録!Y42) -> 1 | G4: =IF(記録!R42="","",記録!R42) -> 1 | H4: =IF(記録!S42="","",記録!S42) -> 2 | I4: =IF(記録!T42="","",記録!T42) -> 1 | J4: =IF(記録!U42="","",記録!U42) -> 3
B5: 4射 | C5: =IF(記録!V43="","",記録!V43) | D5: =IF(記録!W43="","",記録!W43) | E5: =IF(記録!X43="","",記録!X43) | F5: =IF(記録!Y43="","",記録!Y43) -> 〇 | G5: =IF(記録!R43="","",記録!R43) | H5: =IF(記録!S43="","",記録!S43) -> 〇 | I5: =IF(記録!T43="","",記録!T43) | J5: =IF(記録!U43="","",記録!U43) -> 〇
B6: 3射 | C6: =IF(記録!V44="","",記録!V44) -> 〇 | D6: =IF(記録!W44="","",記録!W44) | E6: =IF(記録!X44="","",記録!X44) | F6: =IF(記録!Y44="","",記録!Y44) | G6: =IF(記録!R44="","",記録!R44) -> 〇 | H6: =IF(記録!S44="","",記録!S44) | I6: =IF(記録!T44="","",記録!T44) -> 〇 | J6: =IF(記録!U44="","",記録!U44) -> 〇
B7: 2射 | C7: =IF(記録!V45="","",記録!V45) | D7: =IF(記録!W45="","",記録!W45) -> 〇 | E7: =IF(記録!X45="","",記録!X45) -> 〇 | F7: =IF(記録!Y45="","",記録!Y45) | G7: =IF(記録!R45="","",記録!R45) | H7: =IF(記録!S45="","",記録!S45) -> 〇 | I7: =IF(記録!T45="","",記録!T45) | J7: =IF(記録!U45="","",記録!U45) -> 〇
B8: 1射 | C8: =IF(記録!V46="","",記録!V46) | D8: =IF(記録!W46="","",記録!W46) | E8: =IF(記録!X46="","",記録!X46) | F8: =IF(記録!Y46="","",記録!Y46) | G8: =IF(記録!R46="","",記録!R46) | H8: =IF(記録!S46="","",記録!S46) | I8: =IF(記録!T46="","",記録!T46) | J8: =IF(記録!U46="","",記録!U46)
B9: 1立目 合計 | C9: =IF(記録!V47="","",記録!V47) -> 0 | D9: =IF(記録!W47="","",記録!W47) -> 1 | E9: =IF(記録!X47="","",記録!X47) -> 1 | F9: =IF(記録!Y47="","",記録!Y47) -> 1 | G9: =IF(記録!R47="","",記録!R47) -> 0 | H9: =IF(記録!S47="","",記録!S47) -> 2 | I9: =IF(記録!T47="","",記録!T47) -> 2 | J9: =IF(記録!U47="","",記録!U47) -> 2
B10: 4射 | C10: =IF(記録!V48="","",記録!V48) | D10: =IF(記録!W48="","",記録!W48) | E10: =IF(記録!X48="","",記録!X48) | F10: =IF(記録!Y48="","",記録!Y48) | G10: =IF(記録!R48="","",記録!R48) | H10: =IF(記録!S48="","",記録!S48) | I10: =IF(記録!T48="","",記録!T48) | J10: =IF(記録!U48="","",記録!U48) -> 〇
B11: 3射 | C11: =IF(記録!V49="","",記録!V49) | D11: =IF(記録!W49="","",記録!W49) -> 〇 | E11: =IF(記録!X49="","",記録!X49) | F11: =IF(記録!Y49="","",記録!Y49) -> 〇 | G11: =IF(記録!R49="","",記録!R49) | H11: =IF(記録!S49="","",記録!S49) -> 〇 | I11: =IF(記録!T49="","",記録!T49) -> 〇 | J11: =IF(記録!U49="","",記録!U49) -> 〇
B12: 2射 | C12: =IF(記録!V50="","",記録!V50) | D12: =IF(記録!W50="","",記録!W50) | E12: =IF(記録!X50="","",記録!X50) -> 〇 | F12: =IF(記録!Y50="","",記録!Y50) | G12: =IF(記録!R50="","",記録!R50) | H12: =IF(記録!S50="","",記録!S50) | I12: =IF(記録!T50="","",記録!T50) -> 〇 | J12: =IF(記録!U50="","",記録!U50)
B13: 1射 | C13: =IF(記録!V51="","",記録!V51) | D13: =IF(記録!W51="","",記録!W51) | E13: =IF(記録!X51="","",記録!X51) | F13: =IF(記録!Y51="","",記録!Y51) | G13: =IF(記録!R51="","",記録!R51) | H13: =IF(記録!S51="","",記録!S51) -> 〇 | I13: =IF(記録!T51="","",記録!T51) | J13: =IF(記録!U51="","",記録!U51)
B14: No. | C14: =IF(記録!V52="","",記録!V52) -> 44 | D14: =IF(記録!W52="","",記録!W52) -> 43 | E14: =IF(記録!X52="","",記録!X52) -> 42 | F14: =IF(記録!Y52="","",記録!Y52) -> 41 | G14: =IF(記録!R52="","",記録!R52) -> 48 | H14: =IF(記録!S52="","",記録!S52) -> 47 | I14: =IF(記録!T52="","",記録!T52) -> 46 | J14: =IF(記録!U52="","",記録!U52) -> 45
... B16: 氏 名 | C16: =IF(記録!V54="","",記録!V54) -> 加藤 忠人 | D16: =IF(記録!W54="","",記録!W54) -> 大槻 成実 | E16: =IF(記録!X54="","",記録!X54) -> 杉原 伸哉 | F16: =IF(記録!Y54="","",記録!Y54) -> 丹羽 泰生 | G16: =IF(記録!R54="","",記録!R54) -> 白井 千鶴子 | H16: =IF(記録!S54="","",記録!S54) -> 荒川 花子 | I16: =IF(記録!T54="","",記録!T54) -> 中神 佐知子 | J16: =IF(記録!U54="","",記録!U54) -> 村瀬 沙織

Sheet 豊明
B1: チーム | C1: =IF(記録!N38="","",記録!N38) -> 愛知A | G1: =IF(記録!J38="","",記録!J38) -> 瀬戸A
B2: チーム合計 | C2: =IF(記録!N39="","",記録!N39) -> 19 | G2: =IF(記録!J39="","",記録!J39) -> 14
B3: 個人合計 | C3: =IF(記録!N41="","",記録!N41) -> 6 | D3: =IF(記録!O41="","",記録!O41) -> 5 | E3: =IF(記録!P41="","",記録!P41) -> 4 | F3: =IF(記録!Q41="","",記録!Q41) -> 4 | G3: =IF(記録!J41="","",記録!J41) -> 3 | H3: =IF(記録!K41="","",記録!K41) -> 3 | I3: =IF(記録!L41="","",記録!L41) -> 6 | J3: =IF(記録!M41="","",記録!M41) -> 2
B4: 2立目 合計 | C4: =IF(記録!N42="","",記録!N42) -> 3 | D4: =IF(記録!O42="","",記録!O42) -> 2 | E4: =IF(記録!P42="","",記録!P42) -> 2 | F4: =IF(記録!Q42="","",記録!Q42) -> 2 | G4: =IF(記録!J42="","",記録!J42) -> 2 | H4: =IF(記録!K42="","",記録!K42) -> 1 | I4: =IF(記録!L42="","",記録!L42) -> 3 | J4: =IF(記録!M42="","",記録!M42) -> 1
B5: 4射 | C5: =IF(記録!N43="","",記録!N43) -> 〇 | D5: =IF(記録!O43="","",記録!O43) -> 〇 | E5: =IF(記録!P43="","",記録!P43) | F5: =IF(記録!Q43="","",記録!Q43) | G5: =IF(記録!J43="","",記録!J43) -> 〇 | H5: =IF(記録!K43="","",記録!K43) | I5: =IF(記録!L43="","",記録!L43) | J5: =IF(記録!M43="","",記録!M43) -> 〇
B6: 3射 | C6: =IF(記録!N44="","",記録!N44) -> 〇 | D6: =IF(記録!O44="","",記録!O44) | E6: =IF(記録!P44="","",記録!P44) -> 〇 | F6: =IF(記録!Q44="","",記録!Q44) | G6: =IF(記録!J44="","",記録!J44) | H6: =IF(記録!K44="","",記録!K44) -> 〇 | I6: =IF(記録!L44="","",記録!L44) -> 〇 | J6: =IF(記録!M44="","",記録!M44)
B7: 2射 | C7: =IF(記録!N45="","",記録!N45) | D7: =IF(記録!O45="","",記録!O45) -> 〇 | E7: =IF(記録!P45="","",記録!P45) | F7: =IF(記録!Q45="","",記録!Q45) -> 〇 | G7: =IF(記録!J45="","",記録!J45) -> 〇 | H7: =IF(記録!K45="","",記録!K45) | I7: =IF(記録!L45="","",記録!L45) -> 〇 | J7: =IF(記録!M45="","",記録!M45)
B8: 1射 | C8: =IF(記録!N46="","",記録!N46) -> 〇 | D8: =IF(記録!O46="","",記録!O46) | E8: =IF(記録!P46="","",記録!P46) -> 〇 | F8: =IF(記録!Q46="","",記録!Q46) -> 〇 | G8: =IF(記録!J46="","",記録!J46) | H8: =IF(記録!K46="","",記録!K46) | I8: =IF(記録!L46="","",記録!L46) -> 〇 | J8: =IF(記録!M46="","",記録!M46)
B9: 1立目 合計 | C9: =IF(記録!N47="","",記録!N47) -> 3 | D9: =IF(記録!O47="","",記録!O47) -> 3 | E9: =IF(記録!P47="","",記録!P47) -> 2 | F9: =IF(記録!Q47="","",記録!Q47) -> 2 | G9: =IF(記録!J47="","",記録!J47) -> 1 | H9: =IF(記録!K47="","",記録!K47) -> 2 | I9: =IF(記録!L47="","",記録!L47) -> 3 | J9: =IF(記録!M47="","",記録!M47) -> 1
B10: 4射 | C10: =IF(記録!N48="","",記録!N48) | D10: =IF(記録!O48="","",記録!O48) -> 〇 | E10: =IF(記録!P48="","",記録!P48) | F10: =IF(記録!Q48="","",記録!Q48) -> 〇 | G10: =IF(記録!J48="","",記録!J48) | H10: =IF(記録!K48="","",記録!K48) -> 〇 | I10: =IF(記録!L48="","",記録!L48) | J10: =IF(記録!M48="","",記録!M48)
B11: 3射 | C11: =IF(記録!N49="","",記録!N49) -> 〇 | D11: =IF(記録!O49="","",記録!O49) -> 〇 | E11: =IF(記録!P49="","",記録!P49) -> 〇 | F11: =IF(記録!Q49="","",記録!Q49) | G11: =IF(記録!J49="","",記録!J49) -> 〇 | H11: =IF(記録!K49="","",記録!K49) | I11: =IF(記録!L49="","",記録!L49) -> 〇 | J11: =IF(記録!M49="","",記録!M49)
B12: 2射 | C12: =IF(記録!N50="","",記録!N50) -> 〇 | D12: =IF(記録!O50="","",記録!O50) -> 〇 | E12: =IF(記録!P50="","",記録!P50) | F12: =IF(記録!Q50="","",記録!Q50) -> 〇 | G12: =IF(記録!J50="","",記録!J50) | H12: =IF(記録!K50="","",記録!K50) -> 〇 | I12: =IF(記録!L50="","",記録!L50) -> 〇 | J12: =IF(記録!M50="","",記録!M50)
B13: 1射 | C13: =IF(記録!N51="","",記録!N51) -> 〇 | D13: =IF(記録!O51="","",記録!O51) | E13: =IF(記録!P51="","",記録!P51) -> 〇 | F13: =IF(記録!Q51="","",記録!Q51) | G13: =IF(記録!J51="","",記録!J51) | H13: =IF(記録!K51="","",記録!K51) | I13: =IF(記録!L51="","",記録!L51) -> 〇 | J13: =IF(記録!M51="","",記録!M51) -> 〇
B14: No. | C14: =IF(記録!N52="","",記録!N52) -> 52 | D14: =IF(記録!O52="","",記録!O52) -> 51 | E14: =IF(記録!P52="","",記録!P52) -> 50 | F14: =IF(記録!Q52="","",記録!Q52) -> 49 | G14: =IF(記録!J52="","",記録!J52) -> 56 | H14: =IF(記録!K52="","",記録!K52) -> 55 | I14: =IF(記録!L52="","",記録!L52) -> 54 | J14: =IF(記録!M52="","",記録!M52) -> 53
... B16: 氏 名 | C16: =IF(記録!N54="","",記録!N54) -> 木村 憲司 | D16: =IF(記録!O54="","",記録!O54) -> 小沢 浩寿 | E16: =IF(記録!P54="","",記録!P54) -> 平野 良則 | F16: =IF(記録!Q54="","",記録!Q54) -> 門矢 誠 | G16: =IF(記録!J54="","",記録!J54) -> 長江 辰彦 | H16: =IF(記録!K54="","",記録!K54) -> 加藤 広史 | I16: =IF(記録!L54="","",記録!L54) -> 野村 清美 | J16: =IF(記録!M54="","",記録!M54) -> 矢島 悟朗

Sheet 愛知
B1: チーム | C1: =IF(記録!B56="","",記録!B56) -> ダミーA | G1: =IF(記録!F38="","",記録!F38) -> 瀬戸B
B2: チーム合計 | C2: =IF(記録!B57="","",記録!B57) -> 0 | G2: =IF(記録!F39="","",記録!F39) -> 15
B3: 個人合計 | C3: =IF(記録!B59="","",記録!B59) -> 0 | D3: =IF(記録!C59="","",記録!C59) -> 0 | E3: =IF(記録!D59="","",記録!D59) -> 0 | F3: =IF(記録!E59="","",記録!E59) -> 0 | G3: =IF(記録!F41="","",記録!F41) -> 3 | H3: =IF(記録!G41="","",記録!G41) -> 5 | I3: =IF(記録!H41="","",記録!H41) -> 4 | J3: =IF(記録!I41="","",記録!I41) -> 3
B4: 2立目 合計 | C4: =IF(記録!B60="","",記録!B60) -> 0 | D4: =IF(記録!C60="","",記録!C60) -> 0 | E4: =IF(記録!D60="","",記録!D60) -> 0 | F4: =IF(記録!E60="","",記録!E60) -> 0 | G4: =IF(記録!F42="","",記録!F42) -> 2 | H4: =IF(記録!G42="","",記録!G42) -> 2 | I4: =IF(記録!H42="","",記録!H42) -> 2 | J4: =IF(記録!I42="","",記録!I42) -> 2
B5: 4射 | C5: =IF(記録!B61="","",記録!B61) | D5: =IF(記録!C61="","",記録!C61) | E5: =IF(記録!D61="","",記録!D61) | F5: =IF(記録!E61="","",記録!E61) | G5: =IF(記録!F43="","",記録!F43) -> 〇 | H5: =IF(記録!G43="","",記録!G43) | I5: =IF(記録!H43="","",記録!H43) | J5: =IF(記録!I43="","",記録!I43) -> 〇
B6: 3射 | C6: =IF(記録!B62="","",記録!B62) | D6: =IF(記録!C62="","",記録!C62) | E6: =IF(記録!D62="","",記録!D62) | F6: =IF(記録!E62="","",記録!E62) | G6: =IF(記録!F44="","",記録!F44) | H6: =IF(記録!G44="","",記録!G44) -> 〇 | I6: =IF(記録!H44="","",記録!H44) -> 〇 | J6: =IF(記録!I44="","",記録!I44)
B7: 2射 | C7: =IF(記録!B63="","",記録!B63) | D7: =IF(記録!C63="","",記録!C63) | E7: =IF(記録!D63="","",記録!D63) | F7: =IF(記録!E63="","",記録!E63) | G7: =IF(記録!F45="","",記録!F45) | H7: =IF(記録!G45="","",記録!G45) -> 〇 | I7: =IF(記録!H45="","",記録!H45) -> 〇 | J7: =IF(記録!I45="","",記録!I45)
B8: 1射 | C8: =IF(記録!B64="","",記録!B64) | D8: =IF(記録!C64="","",記録!C64) | E8: =IF(記録!D64="","",記録!D64) | F8: =IF(記録!E64="","",記録!E64) | G8: =IF(記録!F46="","",記録!F46) -> 〇 | H8: =IF(記録!G46="","",記録!G46) | I8: =IF(記録!H46="","",記録!H46) | J8: =IF(記録!I46="","",記録!I46) -> 〇
B9: 1立目 合計 | C9: =IF(記録!B65="","",記録!B65) -> 0 | D9: =IF(記録!C65="","",記録!C65) -> 0 | E9: =IF(記録!D65="","",記録!D65) -> 0 | F9: =IF(記録!E65="","",記録!E65) -> 0 | G9: =IF(記録!F47="","",記録!F47) -> 1 | H9: =IF(記録!G47="","",記録!G47) -> 3 | I9: =IF(記録!H47="","",記録!H47) -> 2 | J9: =IF(記録!I47="","",記録!I47) -> 1
B10: 4射 | C10: =IF(記録!B66="","",記録!B66) | D10: =IF(記録!C66="","",記録!C66) | E10: =IF(記録!D66="","",記録!D66) | F10: =IF(記録!E66="","",記録!E66) | G10: =IF(記録!F48="","",記録!F48) | H10: =IF(記録!G48="","",記録!G48) -> 〇 | I10: =IF(記録!H48="","",記録!H48) | J10: =IF(記録!I48="","",記録!I48)
B11: 3射 | C11: =IF(記録!B67="","",記録!B67) | D11: =IF(記録!C67="","",記録!C67) | E11: =IF(記録!D67="","",記録!D67) | F11: =IF(記録!E67="","",記録!E67) | G11: =IF(記録!F49="","",記録!F49) -> 〇 | H11: =IF(記録!G49="","",記録!G49) | I11: =IF(記録!H49="","",記録!H49) -> 〇 | J11: =IF(記録!I49="","",記録!I49)
B12: 2射 | C12: =IF(記録!B68="","",記録!B68) | D12: =IF(記録!C68="","",記録!C68) | E12: =IF(記録!D68="","",記録!D68) | F12: =IF(記録!E68="","",記録!E68) | G12: =IF(記録!F50="","",記録!F50) | H12: =IF(記録!G50="","",記録!G50) -> 〇 | I12: =IF(記録!H50="","",記録!H50) -> 〇 | J12: =IF(記録!I50="","",記録!I50)
B13: 1射 | C13: =IF(記録!B69="","",記録!B69) | D13: =IF(記録!C69="","",記録!C69) | E13: =IF(記録!D69="","",記録!D69) | F13: =IF(記録!E69="","",記録!E69) | G13: =IF(記録!F51="","",記録!F51) | H13: =IF(記録!G51="","",記録!G51) -> 〇 | I13: =IF(記録!H51="","",記録!H51) | J13: =IF(記録!I51="","",記録!I51) -> 〇
B14: No. | C14: =IF(記録!B70="","",記録!B70) -> 64 | D14: =IF(記録!C70="","",記録!C70) -> 63 | E14: =IF(記録!D70="","",記録!D70) -> 62 | F14: =IF(記録!E70="","",記録!E70) -> 61 | G14: =IF(記録!F52="","",記録!F52) -> 60 | H14: =IF(記録!G52="","",記録!G52) -> 59 | I14: =IF(記録!H52="","",記録!H52) -> 58 | J14: =IF(記録!I52="","",記録!I52) -> 57
... B16: 氏 名 | C16: =IF(記録!B72="","",記録!B72) | D16: =IF(記録!C72="","",記録!C72) | E16: =IF(記録!D72="","",記録!D72) | F16: =IF(記録!E72="","",記録!E72) | G16: =IF(記録!F54="","",記録!F54) -> 原 由美子 | H16: =IF(記録!G54="","",記録!G54) -> 瀬山 博子 | I16: =IF(記録!H54="","",記録!H54) -> 加藤 節子 | J16: =IF(記録!I54="","",記録!I54) -> 谷口 弥生

Sheet 記録 (2)
B2: =選手!B22 -> 日進B | F2: =選手!B18 -> 日進A | J2: =選手!B14 -> 豊明B | N2: =選手!B10 -> 豊明A | R2: =選手!B6 -> 春日井B | V2: =選手!B2 -> 春日井A | Z2: チーム | AA2: 第 一 グ ル ー プ
B3: =SUM(B5:E5) -> 0 | F3: =SUM(F5:I5) -> 0 | J3: =SUM(J5:M5) -> 0 | N3: =SUM(N5:Q5) -> 0 | R3: =SUM(R5:U5) -> 0 | V3: =SUM(V5:Y5) -> 0 | Z3: チーム合計
B4: =B5+0.1+(IF(B15="〇",1,0)*0.01)+(IF(B14="〇",1,0)*0.001)+(IF(B13="〇",1,0)*0.0001)+(IF(B12="〇",1,0)*0.00001)+(IF(B10="〇",1,0)*0.000001)+(IF(B9="〇",1,0)*0.0000001)+(IF(B8="〇",1,0)*0.00000001)+(IF(B7="〇",1,0)*0.000000001) -> 0.1 | C4: =C5+0.1+(IF(C15="〇",1,0)*0.01)+(IF(C14="〇",1,0)*0.001)+(IF(C13="〇",1,0)*0.0001)+(IF(C12="〇",1,0)*0.00001)+(IF(C10="〇",1,0)*0.000001)+(IF(C9="〇",1,0)*0.0000001)+(IF(C8="〇",1,0)*0.00000001)+(IF(C7="〇",1,0)*0.000000001) -> 0.1 | D4: =D5+0.1+(IF(D15="〇",1,0)*0.01)+(IF(D14="〇",1,0)*0.001)+(IF(D13="〇",1,0)*0.0001)+(IF(D12="〇",1,0)*0.00001)+(IF(D10="〇",1,0)*0.000001)+(IF(D9="〇",1,0)*0.0000001)+(IF(D8="〇",1,0)*0.00000001)+(IF(D7="〇",1,0)*0.000000001) -> 0.1 | E4: =E5+0.1+(IF(E15="〇",1,0)*0.01)+(IF(E14="〇",1,0)*0.001)+(IF(E13="〇",1,0)*0.0001)+(IF(E12="〇",1,0)*0.00001)+(IF(E10="〇",1,0)*0.000001)+(IF(E9="〇",1,0)*0.0000001)+(IF(E8="〇",1,0)*0.00000001)+(IF(E7="〇",1,0)*0.000000001) -> 0.1 | F4: =F5+0.1+(IF(F15="〇",1,0)*0.01)+(IF(F14="〇",1,0)*0.001)+(IF(F13="〇",1,0)*0.0001)+(IF(F12="〇",1,0)*0.00001)+(IF(F10="〇",1,0)*0.000001)+(IF(F9="〇",1,0)*0.0000001)+(IF(F8="〇",1,0)*0.00000001)+(IF(F7="〇",1,0)*0.000000001) -> 0.1 | G4: =G5+0.1+(IF(G15="〇",1,0)*0.01)+(IF(G14="〇",1,0)*0.001)+(IF(G13="〇",1,0)*0.0001)+(IF(G12="〇",1,0)*0.00001)+(IF(G10="〇",1,0)*0.000001)+(IF(G9="〇",1,0)*0.0000001)+(IF(G8="〇",1,0)*0.00000001)+(IF(G7="〇",1,0)*0.000000001) -> 0.1 | H4: =H5+0.1+(IF(H15="〇",1,0)*0.01)+(IF(H14="〇",1,0)*0.001)+(IF(H13="〇",1,0)*0.0001)+(IF(H12="〇",1,0)*0.00001)+(IF(H10="〇",1,0)*0.000001)+(IF(H9="〇",1,0)*0.0000001)+(IF(H8="〇",1,0)*0.00000001)+(IF(H7="〇",1,0)*0.000000001) -> 0.1 | I4: =I5+0.1+(IF(I15="〇",1,0)*0.01)+(IF(I14="〇",1,0)*0.001)+(IF(I13="〇",1,0)*0.0001)+(IF(I12="〇",1,0)*0.00001)+(IF(I10="〇",1,0)*0.000001)+(IF(I9="〇",1,0)*0.0000001)+(IF(I8="〇",1,0)*0.00000001)+(IF(I7="〇",1,0)*0.000000001) -> 0.1 | ... Y4: =Y5+0.1+(IF(Y15="〇",1,0)*0.01)+(IF(Y14="〇",1,0)*0.001)+(IF(Y13="〇",1,0)*0.0001)+(IF(Y12="〇",1,0)*0.00001)+(IF(Y10="〇",1,0)*0.000001)+(IF(Y9="〇",1,0)*0.0000001)+(IF(Y8="〇",1,0)*0.00000001)+(IF(Y7="〇",1,0)*0.000000001) -> 0.1 | Z4: 個人順位用
B5: =B6+B11 -> 0 | C5: =C6+C11 -> 0 | D5: =D6+D11 -> 0 | E5: =E6+E11 -> 0 | F5: =F6+F11 -> 0 | G5: =G6+G11 -> 0 | H5: =H6+H11 -> 0 | I5: =I6+I11 -> 0 | ... Y5: =Y6+Y11 -> 0 | Z5: 個人合計
B6: =COUNTIF(B7:B10,"〇") -> 0 | C6: =COUNTIF(C7:C10,"〇") -> 0 | D6: =COUNTIF(D7:D10,"〇") -> 0 | E6: =COUNTIF(E7:E10,"〇") -> 0 | F6: =COUNTIF(F7:F10,"〇") -> 0 | G6: =COUNTIF(G7:G10,"〇") -> 0 | H6: =COUNTIF(H7:H10,"〇") -> 0 | I6: =COUNTIF(I7:I10,"〇") -> 0 | ... Y6: =COUNTIF(Y7:Y10,"〇") -> 0 | Z6: 2立目 合計
Z7: 4射
Z8: 3射
Z9: 2射
Z10: 1射
B11: =COUNTIF(B12:B15,"〇") -> 0 | C11: =COUNTIF(C12:C15,"〇") -> 0 | D11: =COUNTIF(D12:D15,"〇") -> 0 | E11: =COUNTIF(E12:E15,"〇") -> 0 | F11: =COUNTIF(F12:F15,"〇") -> 0 | G11: =COUNTIF(G12:G15,"〇") -> 0 | H11: =COUNTIF(H12:H15,"〇") -> 0 | I11: =COUNTIF(I12:I15,"〇") -> 0 | ... Y11: =COUNTIF(Y12:Y15,"〇") -> 0 | Z11: 1立目 合計
Z12: 4射
Z13: 3射
Z14: 2射
Z15: 1射
B16: =IF(選手!C25<>"",選手!C25,"") -> 24 | C16: =IF(選手!C24<>"",選手!C24,"") -> 23 | D16: =IF(選手!C23<>"",選手!C23,"") -> 22 | E16: =IF(選手!C22<>"",選手!C22,"") -> 21 | F16: =IF(選手!C21<>"",選手!C21,"") -> 20 | G16: =IF(選手!C20<>"",選手!C20,"") -> 19 | H16: =IF(選手!C19<>"",選手!C19,"") -> 18 | I16: =IF(選手!C18<>"",選手!C18,"") -> 17 | J16: =IF(選手!C17<>"",選手!C17,"") -> 16 | K16: =IF(選手!C16<>"",選手!C16,"") -> 15 | L16: =IF(選手!C15<>"",選手!C15,"") -> 14 | M16: =IF(選手!C14<>"",選手!C14,"") -> 13 | N16: =IF(選手!C13<>"",選手!C13,"") -> 12 | O16: =IF(選手!C12<>"",選手!C12,"") -> 11 | P16: =IF(選手!C11<>"",選手!C11,"") -> 10 | Q16: =IF(選手!C10<>"",選手!C10,"") -> 9 | R16: =IF(選手!C9<>"",選手!C9,"") -> 8 | S16: =IF(選手!C8<>"",選手!C8,"") -> 7 | T16: =IF(選手!C7<>"",選手!C7,"") -> 6 | U16: =IF(選手!C6<>"",選手!C6,"") -> 5 | V16: =IF(選手!C5<>"",選手!C5,"") -> 4 | W16: =IF(選手!C4<>"",選手!C4,"") -> 3 | X16: =IF(選手!C3<>"",選手!C3,"") -> 2 | Y16: =IF(選手!C2<>"",選手!C2,"") -> 1 | Z16: No.
B17: =IF(選手!E25<>"",選手!E25,"") -> 女 | C17: =IF(選手!E24<>"",選手!E24,"") -> 女 | D17: =IF(選手!E23<>"",選手!E23,"") -> 女 | E17: =IF(選手!E22<>"",選手!E22,"") -> 女 | F17: =IF(選手!E21<>"",選手!E21,"") -> 男 | G17: =IF(選手!E20<>"",選手!E20,"") -> 男 | H17: =IF(選手!E19<>"",選手!E19,"") -> 男 | I17: =IF(選手!E18<>"",選手!E18,"") -> 男 | J17: =IF(選手!E17<>"",選手!E17,"") -> 女 | K17: =IF(選手!E16<>"",選手!E16,"") -> 女 | L17: =IF(選手!E15<>"",選手!E15,"") -> 女 | M17: =IF(選手!E14<>"",選手!E14,"") -> 女 | N17: =IF(選手!E13<>"",選手!E13,"") -> 男 | O17: =IF(選手!E12<>"",選手!E12,"") -> 男 | P17: =IF(選手!E11<>"",選手!E11,"") -> 男 | Q17: =IF(選手!E10<>"",選手!E10,"") -> 男 | R17: =IF(選手!E9<>"",選手!E9,"") -> 女 | S17: =IF(選手!E8<>"",選手!E8,"") -> 女 | T17: =IF(選手!E7<>"",選手!E7,"") -> 女 | U17: =IF(選手!E6<>"",選手!E6,"") -> 女 | V17: =IF(選手!E5<>"",選手!E5,"") -> 男 | W17: =IF(選手!E4<>"",選手!E4,"") -> 男 | X17: =IF(選手!E3<>"",選手!E3,"") -> 男 | Y17: =IF(選手!E2<>"",選手!E2,"") -> 男 | Z17: 性別
B18: =IF(選手!D25<>"",選手!D25,"") -> 谷口 洋子 | C18: =IF(選手!D24<>"",選手!D24,"") -> 入江 美讃 | D18: =IF(選手!D23<>"",選手!D23,"") -> 越後 奈緒美 | E18: =IF(選手!D22<>"",選手!D22,"") -> 後藤 徳子 | F18: =IF(選手!D21<>"",選手!D21,"") -> 志手 俊二 | G18: =IF(選手!D20<>"",選手!D20,"") -> 谷田 直樹 | H18: =IF(選手!D19<>"",選手!D19,"") -> 笠井 大督 | I18: =IF(選手!D18<>"",選手!D18,"") -> 新美 友治 | J18: =IF(選手!D17<>"",選手!D17,"") -> 谷口 祥子 | K18: =IF(選手!D16<>"",選手!D16,"") -> 樋田 良子 | L18: =IF(選手!D15<>"",選手!D15,"") -> 深見 裕子 | M18: =IF(選手!D14<>"",選手!D14,"") -> 堀井 恵美子 | N18: =IF(選手!D13<>"",選手!D13,"") -> 榊原 隆一 | O18: =IF(選手!D12<>"",選手!D12,"") -> 外山 康彦 | P18: =IF(選手!D11<>"",選手!D11,"") -> 近藤 治 | Q18: =IF(選手!D10<>"",選手!D10,"") -> 近藤 雄介 | R18: =IF(選手!D9<>"",選手!D9,"") -> 伊藤 洋子 | S18: =IF(選手!D8<>"",選手!D8,"") -> 片桐 志保 | T18: =IF(選手!D7<>"",選手!D7,"") -> 渡會 あすか | U18: =IF(選手!D6<>"",選手!D6,"") -> 佃 弘美 | V18: =IF(選手!D5<>"",選手!D5,"") -> 田井 泰 | W18: =IF(選手!D4<>"",選手!D4,"") -> 大嶋 啓嗣 | X18: =IF(選手!D3<>"",選手!D3,"") -> 伊藤 恭浩 | Y18: =IF(選手!D2<>"",選手!D2,"") -> 峯 徹 | Z18: 氏 名
J20: =選手!B38 -> 尾張旭B | N20: =選手!B34 -> 尾張旭A | R20: =選手!B30 -> 長久手B | V20: =選手!B26 -> 長久手A | Z20: チーム | AA20: 第 二 グ ル ー プ
J21: =SUM(J23:M23) -> 0 | N21: =SUM(N23:Q23) -> 0 | R21: =SUM(R23:U23) -> 0 | V21: =SUM(V23:Y23) -> 0 | Z21: チーム合計
J22: =J23+0.1+(IF(J33="〇",1,0)*0.01)+(IF(J32="〇",1,0)*0.001)+(IF(J31="〇",1,0)*0.0001)+(IF(J30="〇",1,0)*0.00001)+(IF(J28="〇",1,0)*0.000001)+(IF(J27="〇",1,0)*0.0000001)+(IF(J26="〇",1,0)*0.00000001)+(IF(J25="〇",1,0)*0.000000001) -> 0.1 | K22: =K23+0.1+(IF(K33="〇",1,0)*0.01)+(IF(K32="〇",1,0)*0.001)+(IF(K31="〇",1,0)*0.0001)+(IF(K30="〇",1,0)*0.00001)+(IF(K28="〇",1,0)*0.000001)+(IF(K27="〇",1,0)*0.0000001)+(IF(K26="〇",1,0)*0.00000001)+(IF(K25="〇",1,0)*0.000000001) -> 0.1 | L22: =L23+0.1+(IF(L33="〇",1,0)*0.01)+(IF(L32="〇",1,0)*0.001)+(IF(L31="〇",1,0)*0.0001)+(IF(L30="〇",1,0)*0.00001)+(IF(L28="〇",1,0)*0.000001)+(IF(L27="〇",1,0)*0.0000001)+(IF(L26="〇",1,0)*0.00000001)+(IF(L25="〇",1,0)*0.000000001) -> 0.1 | M22: =M23+0.1+(IF(M33="〇",1,0)*0.01)+(IF(M32="〇",1,0)*0.001)+(IF(M31="〇",1,0)*0.0001)+(IF(M30="〇",1,0)*0.00001)+(IF(M28="〇",1,0)*0.000001)+(IF(M27="〇",1,0)*0.0000001)+(IF(M26="〇",1,0)*0.00000001)+(IF(M25="〇",1,0)*0.000000001) -> 0.1 | N22: =N23+0.1+(IF(N33="〇",1,0)*0.01)+(IF(N32="〇",1,0)*0.001)+(IF(N31="〇",1,0)*0.0001)+(IF(N30="〇",1,0)*0.00001)+(IF(N28="〇",1,0)*0.000001)+(IF(N27="〇",1,0)*0.0000001)+(IF(N26="〇",1,0)*0.00000001)+(IF(N25="〇",1,0)*0.000000001) -> 0.1 | O22: =O23+0.1+(IF(O33="〇",1,0)*0.01)+(IF(O32="〇",1,0)*0.001)+(IF(O31="〇",1,0)*0.0001)+(IF(O30="〇",1,0)*0.00001)+(IF(O28="〇",1,0)*0.000001)+(IF(O27="〇",1,0)*0.0000001)+(IF(O26="〇",1,0)*0.00000001)+(IF(O25="〇",1,0)*0.000000001) -> 0.1 | P22: =P23+0.1+(IF(P33="〇",1,0)*0.01)+(IF(P32="〇",1,0)*0.001)+(IF(P31="〇",1,0)*0.0001)+(IF(P30="〇",1,0)*0.00001)+(IF(P28="〇",1,0)*0.000001)+(IF(P27="〇",1,0)*0.0000001)+(IF(P26="〇",1,0)*0.00000001)+(IF(P25="〇",1,0)*0.000000001) -> 0.1 | Q22: =Q23+0.1+(IF(Q33="〇",1,0)*0.01)+(IF(Q32="〇",1,0)*0.001)+(IF(Q31="〇",1,0)*0.0001)+(IF(Q30="〇",1,0)*0.00001)+(IF(Q28="〇",1,0)*0.000001)+(IF(Q27="〇",1,0)*0.0000001)+(IF(Q26="〇",1,0)*0.00000001)+(IF(Q25="〇",1,0)*0.000000001) -> 0.1 | ... Y22: =Y23+0.1+(IF(Y33="〇",1,0)*0.01)+(IF(Y32="〇",1,0)*0.001)+(IF(Y31="〇",1,0)*0.0001)+(IF(Y30="〇",1,0)*0.00001)+(IF(Y28="〇",1,0)*0.000001)+(IF(Y27="〇",1,0)*0.0000001)+(IF(Y26="〇",1,0)*0.00000001)+(IF(Y25="〇",1,0)*0.000000001) -> 0.1 | Z22: 個人順位用
J23: =J24+J29 -> 0 | K23: =K24+K29 -> 0 | L23: =L24+L29 -> 0 | M23: =M24+M29 -> 0 | N23: =N24+N29 -> 0 | O23: =O24+O29 -> 0 | P23: =P24+P29 -> 0 | Q23: =Q24+Q29 -> 0 | ... Y23: =Y24+Y29 -> 0 | Z23: 個人合計
K24: =COUNTIF(K25:K28,"〇") -> 0 | L24: =COUNTIF(L25:L28,"〇") -> 0 | M24: =COUNTIF(M25:M28,"〇") -> 0 | N24: =COUNTIF(N25:N28,"〇") -> 0 | O24: =COUNTIF(O25:O28,"〇") -> 0 | P24: =COUNTIF(P25:P28,"〇") -> 0 | Q24: =COUNTIF(Q25:Q28,"〇") -> 0 | R24: =COUNTIF(R25:R28,"〇") -> 0 | ... Y24: =COUNTIF(Y25:Y28,"〇") -> 0 | Z24: 2立目 合計
Z25: 4射
Z26: 3射
Z27: 2射
Z28: 1射
J29: =COUNTIF(J30:J33,"〇") -> 0 | K29: =COUNTIF(K30:K33,"〇") -> 0 | L29: =COUNTIF(L30:L33,"〇") -> 0 | M29: =COUNTIF(M30:M33,"〇") -> 0 | N29: =COUNTIF(N30:N33,"〇") -> 0 | O29: =COUNTIF(O30:O33,"〇") -> 0 | P29: =COUNTIF(P30:P33,"〇") -> 0 | Q29: =COUNTIF(Q30:Q33,"〇") -> 0 | ... Y29: =COUNTIF(Y30:Y33,"〇") -> 0 | Z29: 1立目 合計
Z30: 4射
Z31: 3射
Z32: 2射
Z33: 1射
J34: =IF(選手!C41<>"",選手!C41,"") -> 40 | K34: =IF(選手!C40<>"",選手!C40,"") -> 39 | L34: =IF(選手!C39<>"",選手!C39,"") -> 38 | M34: =IF(選手!C38<>"",選手!C38,"") -> 37 | N34: =IF(選手!C37<>"",選手!C37,"") -> 36 | O34: =IF(選手!C36<>"",選手!C36,"") -> 35 | P34: =IF(選手!C35<>"",選手!C35,"") -> 34 | Q34: =IF(選手!C34<>"",選手!C34,"") -> 33 | R34: =IF(選手!C33<>"",選手!C33,"") -> 32 | S34: =IF(選手!C32<>"",選手!C32,"") -> 31 | T34: =IF(選手!C31<>"",選手!C31,"") -> 30 | U34: =IF(選手!C30<>"",選手!C30,"") -> 29 | V34: =IF(選手!C29<>"",選手!C29,"") -> 28 | W34: =IF(選手!C28<>"",選手!C28,"") -> 27 | X34: =IF(選手!C27<>"",選手!C27,"") -> 26 | Y34: =IF(選手!C26<>"",選手!C26,"") -> 25 | Z34: No.
J35: =IF(選手!E41<>"",選手!E41,"") -> 女 | K35: =IF(選手!E40<>"",選手!E40,"") -> 女 | L35: =IF(選手!E39<>"",選手!E39,"") -> 女 | M35: =IF(選手!E38<>"",選手!E38,"") -> 女 | N35: =IF(選手!E37<>"",選手!E37,"") -> 男 | O35: =IF(選手!E36<>"",選手!E36,"") -> 男 | P35: =IF(選手!E35<>"",選手!E35,"") -> 男 | Q35: =IF(選手!E34<>"",選手!E34,"") -> 男 | R35: =IF(選手!E33<>"",選手!E33,"") -> 女 | S35: =IF(選手!E32<>"",選手!E32,"") -> 女 | T35: =IF(選手!E31<>"",選手!E31,"") -> 女 | U35: =IF(選手!E30<>"",選手!E30,"") -> 女 | V35: =IF(選手!E29<>"",選手!E29,"") -> 男 | W35: =IF(選手!E28<>"",選手!E28,"") -> 男 | X35: =IF(選手!E27<>"",選手!E27,"") -> 男 | Y35: =IF(選手!E26<>"",選手!E26,"") -> 男 | Z35: 性別
J36: =IF(選手!D41<>"",選手!D41,"") -> 加藤 康子 | K36: =IF(選手!D40<>"",選手!D40,"") -> 安達 初枝 | L36: =IF(選手!D39<>"",選手!D39,"") -> 北川 裕希子 | M36: =IF(選手!D38<>"",選手!D38,"") -> 田中 沙紀子 | N36: =IF(選手!D37<>"",選手!D37,"") -> 山田 英治 | O36: =IF(選手!D36<>"",選手!D36,"") -> 大竹 誠 | P36: =IF(選手!D35<>"",選手!D35,"") -> 角谷 昌紀 | Q36: =IF(選手!D34<>"",選手!D34,"") -> 西尾 雅司 | R36: =IF(選手!D33<>"",選手!D33,"") -> 野々垣 奈緒子 | S36: =IF(選手!D32<>"",選手!D32,"") -> 水野 三穂 | T36: =IF(選手!D31<>"",選手!D31,"") -> 上平 佳織 | U36: =IF(選手!D30<>"",選手!D30,"") -> 澤田 圭子 | V36: =IF(選手!D27<>"",選手!D27,"") -> 松永 安太郎 | W36: =IF(選手!D29<>"",選手!D29,"") -> 芝田 典久 | X36: =IF(選手!D28<>"",選手!D28,"") -> 山本 三郎 | Y36: =IF(選手!D26<>"",選手!D26,"") -> 葛西 裕文 | Z36: 氏 名
F38: =選手!B58 -> 瀬戸B | J38: =選手!B54 -> 瀬戸A | N38: =選手!B50 -> 愛知A | R38: =選手!B46 -> 西春日井B | V38: =選手!B42 -> 西春日井A | Z38: チーム | AA38: 第 三 グ ル ー プ
F39: =SUM(F41:I41) -> 0 | J39: =SUM(J41:M41) -> 0 | N39: =SUM(N41:Q41) -> 0 | R39: =SUM(R41:U41) -> 0 | V39: =SUM(V41:Y41) -> 0 | Z39: チーム合計
F40: =F41+0.1+(IF(F51="〇",1,0)*0.01)+(IF(F50="〇",1,0)*0.001)+(IF(F49="〇",1,0)*0.0001)+(IF(F48="〇",1,0)*0.00001)+(IF(F46="〇",1,0)*0.000001)+(IF(F45="〇",1,0)*0.0000001)+(IF(F44="〇",1,0)*0.00000001)+(IF(F43="〇",1,0)*0.000000001) -> 0.1 | G40: =G41+0.1+(IF(G51="〇",1,0)*0.01)+(IF(G50="〇",1,0)*0.001)+(IF(G49="〇",1,0)*0.0001)+(IF(G48="〇",1,0)*0.00001)+(IF(G46="〇",1,0)*0.000001)+(IF(G45="〇",1,0)*0.0000001)+(IF(G44="〇",1,0)*0.00000001)+(IF(G43="〇",1,0)*0.000000001) -> 0.1 | H40: =H41+0.1+(IF(H51="〇",1,0)*0.01)+(IF(H50="〇",1,0)*0.001)+(IF(H49="〇",1,0)*0.0001)+(IF(H48="〇",1,0)*0.00001)+(IF(H46="〇",1,0)*0.000001)+(IF(H45="〇",1,0)*0.0000001)+(IF(H44="〇",1,0)*0.00000001)+(IF(H43="〇",1,0)*0.000000001) -> 0.1 | I40: =I41+0.1+(IF(I51="〇",1,0)*0.01)+(IF(I50="〇",1,0)*0.001)+(IF(I49="〇",1,0)*0.0001)+(IF(I48="〇",1,0)*0.00001)+(IF(I46="〇",1,0)*0.000001)+(IF(I45="〇",1,0)*0.0000001)+(IF(I44="〇",1,0)*0.00000001)+(IF(I43="〇",1,0)*0.000000001) -> 0.1 | J40: =J41+0.1+(IF(J51="〇",1,0)*0.01)+(IF(J50="〇",1,0)*0.001)+(IF(J49="〇",1,0)*0.0001)+(IF(J48="〇",1,0)*0.00001)+(IF(J46="〇",1,0)*0.000001)+(IF(J45="〇",1,0)*0.0000001)+(IF(J44="〇",1,0)*0.00000001)+(IF(J43="〇",1,0)*0.000000001) -> 0.1 | K40: =K41+0.1+(IF(K51="〇",1,0)*0.01)+(IF(K50="〇",1,0)*0.001)+(IF(K49="〇",1,0)*0.0001)+(IF(K48="〇",1,0)*0.00001)+(IF(K46="〇",1,0)*0.000001)+(IF(K45="〇",1,0)*0.0000001)+(IF(K44="〇",1,0)*0.00000001)+(IF(K43="〇",1,0)*0.000000001) -> 0.1 | L40: =L41+0.1+(IF(L51="〇",1,0)*0.01)+(IF(L50="〇",1,0)*0.001)+(IF(L49="〇",1,0)*0.0001)+(IF(L48="〇",1,0)*0.00001)+(IF(L46="〇",1,0)*0.000001)+(IF(L45="〇",1,0)*0.0000001)+(IF(L44="〇",1,0)*0.00000001)+(IF(L43="〇",1,0)*0.000000001) -> 0.1 | M40: =M41+0.1+(IF(M51="〇",1,0)*0.01)+(IF(M50="〇",1,0)*0.001)+(IF(M49="〇",1,0)*0.0001)+(IF(M48="〇",1,0)*0.00001)+(IF(M46="〇",1,0)*0.000001)+(IF(M45="〇",1,0)*0.0000001)+(IF(M44="〇",1,0)*0.00000001)+(IF(M43="〇",1,0)*0.000000001) -> 0.1 | ... Y40: =Y41+0.1+(IF(Y51="〇",1,0)*0.01)+(IF(Y50="〇",1,0)*0.001)+(IF(Y49="〇",1,0)*0.0001)+(IF(Y48="〇",1,0)*0.00001)+(IF(Y46="〇",1,0)*0.000001)+(IF(Y45="〇",1,0)*0.0000001)+(IF(Y44="〇",1,0)*0.00000001)+(IF(Y43="〇",1,0)*0.000000001) -> 0.1 | Z40: 個人順位用
F41: =F42+F47 -> 0 | G41: =G42+G47 -> 0 | H41: =H42+H47 -> 0 | I41: =I42+I47 -> 0 | J41: =J42+J47 -> 0 | K41: =K42+K47 -> 0 | L41: =L42+L47 -> 0 | M41: =M42+M47 -> 0 | ... Y41: =Y42+Y47 -> 0 | Z41: 個人合計
F42: =COUNTIF(F43:F46,"〇") -> 0 | G42: =COUNTIF(G43:G46,"〇") -> 0 | H42: =COUNTIF(H43:H46,"〇") -> 0 | I42: =COUNTIF(I43:I46,"〇") -> 0 | J42: =COUNTIF(J43:J46,"〇") -> 0 | K42: =COUNTIF(K43:K46,"〇") -> 0 | L42: =COUNTIF(L43:L46,"〇") -> 0 | M42: =COUNTIF(M43:M46,"〇") -> 0 | ... Y42: =COUNTIF(Y43:Y46,"〇") -> 0 | Z42: 2立目 合計
Z43: 4射
Z44: 3射
Z45: 2射
Z46: 1射
F47: =COUNTIF(F48:F51,"〇") -> 0 | G47: =COUNTIF(G48:G51,"〇") -> 0 | H47: =COUNTIF(H48:H51,"〇") -> 0 | I47: =COUNTIF(I48:I51,"〇") -> 0 | J47: =COUNTIF(J48:J51,"〇") -> 0 | K47: =COUNTIF(K48:K51,"〇") -> 0 | L47: =COUNTIF(L48:L51,"〇") -> 0 | M47: =COUNTIF(M48:M51,"〇") -> 0 | ... Y47: =COUNTIF(Y48:Y51,"〇") -> 0 | Z47: 1立目 合計
Z48: 4射
Z49: 3射
Z50: 2射
Z51: 1射
F52: 60 | G52: 59 | H52: 58 | I52: 57 | J52: 56 | K52: 55 | L52: 54 | M52: 53 | N52: 52 | O52: 51 | P52: 50 | Q52: 49 | R52: 48 | S52: 47 | T52: 46 | U52: 45 | V52: 44 | W52: 43 | X52: 42 | Y52: 41 | Z52: No.
F53: =IF(選手!E61<>"",選手!E61,"") -> 女 | G53: =IF(選手!E60<>"",選手!E60,"") -> 女 | H53: =IF(選手!E59<>"",選手!E59,"") -> 女 | I53: =IF(選手!E58<>"",選手!E58,"") -> 女 | J53: =IF(選手!E57<>"",選手!E57,"") -> 男 | K53: =IF(選手!E56<>"",選手!E56,"") -> 男 | L53: =IF(選手!E55<>"",選手!E55,"") -> 男 | M53: =IF(選手!E54<>"",選手!E54,"") -> 男 | N53: =IF(選手!E53<>"",選手!E53,"") -> 男 | O53: =IF(選手!E52<>"",選手!E52,"") -> 男 | P53: =IF(選手!E51<>"",選手!E51,"") -> 男 | Q53: =IF(選手!E50<>"",選手!E50,"") -> 男 | R53: =IF(選手!E49<>"",選手!E49,"") -> 女 | S53: =IF(選手!E48<>"",選手!E48,"") -> 女 | T53: =IF(選手!E47<>"",選手!E47,"") -> 女 | U53: =IF(選手!E46<>"",選手!E46,"") -> 女 | V53: =IF(選手!E45<>"",選手!E45,"") -> 男 | W53: =IF(選手!E44<>"",選手!E44,"") -> 男 | X53: =IF(選手!E43<>"",選手!E43,"") -> 男 | Y53: =IF(選手!E42<>"",選手!E42,"") -> 男 | Z53: 性別
F54: =IF(選手!D61<>"",選手!D61,"") -> 原 由美子 | G54: =IF(選手!D60<>"",選手!D60,"") -> 瀬山 博子 | H54: =IF(選手!D59<>"",選手!D59,"") -> 加藤 節子 | I54: =IF(選手!D58<>"",選手!D58,"") -> 谷口 弥生 | J54: =IF(選手!D57<>"",選手!D57,"") -> 長江 辰彦 | K54: =IF(選手!D56<>"",選手!D56,"") -> 加藤 広史 | L54: =IF(選手!D55<>"",選手!D55,"") -> 野村 清美 | M54: =IF(選手!D54<>"",選手!D54,"") -> 矢島 悟朗 | N54: =IF(選手!D53<>"",選手!D53,"") -> 木村 憲司 | O54: =IF(選手!D52<>"",選手!D52,"") -> 小沢 浩寿 | P54: =IF(選手!D51<>"",選手!D51,"") -> 平野 良則 | Q54: =IF(選手!D50<>"",選手!D50,"") -> 門矢 誠 | R54: =IF(選手!D49<>"",選手!D49,"") -> 白井 千鶴子 | S54: =IF(選手!D48<>"",選手!D48,"") -> 荒川 花子 | T54: =IF(選手!D47<>"",選手!D47,"") -> 中神 佐知子 | U54: =IF(選手!D46<>"",選手!D46,"") -> 村瀬 沙織 | V54: =IF(選手!D45<>"",選手!D45,"") -> 加藤 忠人 | W54: =IF(選手!D44<>"",選手!D44,"") -> 大槻 成実 | X54: =IF(選手!D43<>"",選手!D43,"") -> 杉原 伸哉 | Y54: =IF(選手!D42<>"",選手!D42,"") -> 丹羽 泰生 | Z54: 氏 名
B56: =選手!B62 -> ダミーA
B57: =SUM(B59:E59) -> 0
B58: =B59+0.1+(IF(B69="〇",1,0)*0.01)+(IF(B68="〇",1,0)*0.001)+(IF(B67="〇",1,0)*0.0001)+(IF(B66="〇",1,0)*0.00001)+(IF(B64="〇",1,0)*0.000001)+(IF(B63="〇",1,0)*0.0000001)+(IF(B62="〇",1,0)*0.00000001)+(IF(B61="〇",1,0)*0.000000001) -> 0.1 | C58: =C59+0.1+(IF(C69="〇",1,0)*0.01)+(IF(C68="〇",1,0)*0.001)+(IF(C67="〇",1,0)*0.0001)+(IF(C66="〇",1,0)*0.00001)+(IF(C64="〇",1,0)*0.000001)+(IF(C63="〇",1,0)*0.0000001)+(IF(C62="〇",1,0)*0.00000001)+(IF(C61="〇",1,0)*0.000000001) -> 0.1 | D58: =D59+0.1+(IF(D69="〇",1,0)*0.01)+(IF(D68="〇",1,0)*0.001)+(IF(D67="〇",1,0)*0.0001)+(IF(D66="〇",1,0)*0.00001)+(IF(D64="〇",1,0)*0.000001)+(IF(D63="〇",1,0)*0.0000001)+(IF(D62="〇",1,0)*0.00000001)+(IF(D61="〇",1,0)*0.000000001) -> 0.1 | E58: =E59+0.1+(IF(E69="〇",1,0)*0.01)+(IF(E68="〇",1,0)*0.001)+(IF(E67="〇",1,0)*0.0001)+(IF(E66="〇",1,0)*0.00001)+(IF(E64="〇",1,0)*0.000001)+(IF(E63="〇",1,0)*0.0000001)+(IF(E62="〇",1,0)*0.00000001)+(IF(E61="〇",1,0)*0.000000001) -> 0.1
B59: =B60+B65 -> 0 | C59: =C60+C65 -> 0 | D59: =D60+D65 -> 0 | E59: =E60+E65 -> 0
B60: =COUNTIF(B61:B64,"〇") -> 0 | C60: =COUNTIF(C61:C64,"〇") -> 0 | D60: =COUNTIF(D61:D64,"〇") -> 0 | E60: =COUNTIF(E61:E64,"〇") -> 0
B65: =COUNTIF(B66:B69,"〇") -> 0 | C65: =COUNTIF(C66:C69,"〇") -> 0 | D65: =COUNTIF(D66:D69,"〇") -> 0 | E65: =COUNTIF(E66:E69,"〇") -> 0
B70: =IF(選手!C65<>"",選手!C65,"") -> 64 | C70: =IF(選手!C64<>"",選手!C64,"") -> 63 | D70: =IF(選手!C63<>"",選手!C63,"") -> 62 | E70: =IF(選手!C62<>"",選手!C62,"") -> 61
B71: =IF(選手!E65<>"",選手!E65,"") | C71: =IF(選手!E64<>"",選手!E64,"") | D71: =IF(選手!E63<>"",選手!E63,"") | E71: =IF(選手!E62<>"",選手!E62,"")
B72: =IF(選手!D65<>"",選手!D65,"") | C72: =IF(選手!D64<>"",選手!D64,"") | D72: =IF(選手!D63<>"",選手!D63,"") | E72: =IF(選手!D62<>"",選手!D62,"")

Sheet 立順表
B2: =選手!B22 -> 日進B | F2: =選手!B18 -> 日進A | J2: =選手!B14 -> 豊明B | N2: =選手!B10 -> 豊明A | R2: =選手!B6 -> 春日井B | V2: =選手!B2 -> 春日井A | Z2: チーム | AA2: 第一グループ
B3: =SUM(B5:E5) -> 0 | F3: =SUM(F5:I5) -> 0 | J3: =SUM(J5:M5) -> 0 | N3: =SUM(N5:Q5) -> 0 | R3: =SUM(R5:U5) -> 0 | V3: =SUM(V5:Y5) -> 0 | Z3: チーム合計
B4: =B5+0.1+(IF(B15="〇",1,0)*0.01)+(IF(B14="〇",1,0)*0.001)+(IF(B13="〇",1,0)*0.0001)+(IF(B12="〇",1,0)*0.00001)+(IF(B10="〇",1,0)*0.000001)+(IF(B9="〇",1,0)*0.0000001)+(IF(B8="〇",1,0)*0.00000001)+(IF(B7="〇",1,0)*0.000000001) -> 0.1 | C4: =C5+0.1+(IF(C15="〇",1,0)*0.01)+(IF(C14="〇",1,0)*0.001)+(IF(C13="〇",1,0)*0.0001)+(IF(C12="〇",1,0)*0.00001)+(IF(C10="〇",1,0)*0.000001)+(IF(C9="〇",1,0)*0.0000001)+(IF(C8="〇",1,0)*0.00000001)+(IF(C7="〇",1,0)*0.000000001) -> 0.1 | D4: =D5+0.1+(IF(D15="〇",1,0)*0.01)+(IF(D14="〇",1,0)*0.001)+(IF(D13="〇",1,0)*0.0001)+(IF(D12="〇",1,0)*0.00001)+(IF(D10="〇",1,0)*0.000001)+(IF(D9="〇",1,0)*0.0000001)+(IF(D8="〇",1,0)*0.00000001)+(IF(D7="〇",1,0)*0.000000001) -> 0.1 | E4: =E5+0.1+(IF(E15="〇",1,0)*0.01)+(IF(E14="〇",1,0)*0.001)+(IF(E13="〇",1,0)*0.0001)+(IF(E12="〇",1,0)*0.00001)+(IF(E10="〇",1,0)*0.000001)+(IF(E9="〇",1,0)*0.0000001)+(IF(E8="〇",1,0)*0.00000001)+(IF(E7="〇",1,0)*0.000000001) -> 0.1 | F4: =F5+0.1+(IF(F15="〇",1,0)*0.01)+(IF(F14="〇",1,0)*0.001)+(IF(F13="〇",1,0)*0.0001)+(IF(F12="〇",1,0)*0.00001)+(IF(F10="〇",1,0)*0.000001)+(IF(F9="〇",1,0)*0.0000001)+(IF(F8="〇",1,0)*0.00000001)+(IF(F7="〇",1,0)*0.000000001) -> 0.1 | G4: =G5+0.1+(IF(G15="〇",1,0)*0.01)+(IF(G14="〇",1,0)*0.001)+(IF(G13="〇",1,0)*0.0001)+(IF(G12="〇",1,0)*0.00001)+(IF(G10="〇",1,0)*0.000001)+(IF(G9="〇",1,0)*0.0000001)+(IF(G8="〇",1,0)*0.00000001)+(IF(G7="〇",1,0)*0.000000001) -> 0.1 | H4: =H5+0.1+(IF(H15="〇",1,0)*0.01)+(IF(H14="〇",1,0)*0.001)+(IF(H13="〇",1,0)*0.0001)+(IF(H12="〇",1,0)*0.00001)+(IF(H10="〇",1,0)*0.000001)+(IF(H9="〇",1,0)*0.0000001)+(IF(H8="〇",1,0)*0.00000001)+(IF(H7="〇",1,0)*0.000000001) -> 0.1 | I4: =I5+0.1+(IF(I15="〇",1,0)*0.01)+(IF(I14="〇",1,0)*0.001)+(IF(I13="〇",1,0)*0.0001)+(IF(I12="〇",1,0)*0.00001)+(IF(I10="〇",1,0)*0.000001)+(IF(I9="〇",1,0)*0.0000001)+(IF(I8="〇",1,0)*0.00000001)+(IF(I7="〇",1,0)*0.000000001) -> 0.1 | ... Y4: =Y5+0.1+(IF(Y15="〇",1,0)*0.01)+(IF(Y14="〇",1,0)*0.001)+(IF(Y13="〇",1,0)*0.0001)+(IF(Y12="〇",1,0)*0.00001)+(IF(Y10="〇",1,0)*0.000001)+(IF(Y9="〇",1,0)*0.0000001)+(IF(Y8="〇",1,0)*0.00000001)+(IF(Y7="〇",1,0)*0.000000001) -> 0.1 | Z4: 個人順位用
B5: =B6+B11 -> 0 | C5: =C6+C11 -> 0 | D5: =D6+D11 -> 0 | E5: =E6+E11 -> 0 | F5: =F6+F11 -> 0 | G5: =G6+G11 -> 0 | H5: =H6+H11 -> 0 | I5: =I6+I11 -> 0 | ... Y5: =Y6+Y11 -> 0 | Z5: 個人合計
B6: =COUNTIF(B7:B10,"〇") -> 0 | C6: =COUNTIF(C7:C10,"〇") -> 0 | D6: =COUNTIF(D7:D10,"〇") -> 0 | E6: =COUNTIF(E7:E10,"〇") -> 0 | F6: =COUNTIF(F7:F10,"〇") -> 0 | G6: =COUNTIF(G7:G10,"〇") -> 0 | H6: =COUNTIF(H7:H10,"〇") -> 0 | I6: =COUNTIF(I7:I10,"〇") -> 0 | ... Y6: =COUNTIF(Y7:Y10,"〇") -> 0 | Z6: 2立目 合計
Z7: 4射
Z8: 3射
Z9: 2射
Z10: 1射
B11: =COUNTIF(B12:B15,"〇") -> 0 | C11: =COUNTIF(C12:C15,"〇") -> 0 | D11: =COUNTIF(D12:D15,"〇") -> 0 | E11: =COUNTIF(E12:E15,"〇") -> 0 | F11: =COUNTIF(F12:F15,"〇") -> 0 | G11: =COUNTIF(G12:G15,"〇") -> 0 | H11: =COUNTIF(H12:H15,"〇") -> 0 | I11: =COUNTIF(I12:I15,"〇") -> 0 | ... Y11: =COUNTIF(Y12:Y15,"〇") -> 0 | Z11: 1立目 合計
Z12: 4射
Z13: 3射
Z14: 2射
Z15: 1射
B16: =IF(選手!C25<>"",選手!C25,"") -> 24 | C16: =IF(選手!C24<>"",選手!C24,"") -> 23 | D16: =IF(選手!C23<>"",選手!C23,"") -> 22 | E16: =IF(選手!C22<>"",選手!C22,"") -> 21 | F16: =IF(選手!C21<>"",選手!C21,"") -> 20 | G16: =IF(選手!C20<>"",選手!C20,"") -> 19 | H16: =IF(選手!C19<>"",選手!C19,"") -> 18 | I16: =IF(選手!C18<>"",選手!C18,"") -> 17 | J16: =IF(選手!C17<>"",選手!C17,"") -> 16 | K16: =IF(選手!C16<>"",選手!C16,"") -> 15 | L16: =IF(選手!C15<>"",選手!C15,"") -> 14 | M16: =IF(選手!C14<>"",選手!C14,"") -> 13 | N16: =IF(選手!C13<>"",選手!C13,"") -> 12 | O16: =IF(選手!C12<>"",選手!C12,"") -> 11 | P16: =IF(選手!C11<>"",選手!C11,"") -> 10 | Q16: =IF(選手!C10<>"",選手!C10,"") -> 9 | R16: =IF(選手!C9<>"",選手!C9,"") -> 8 | S16: =IF(選手!C8<>"",選手!C8,"") -> 7 | T16: =IF(選手!C7<>"",選手!C7,"") -> 6 | U16: =IF(選手!C6<>"",選手!C6,"") -> 5 | V16: =IF(選手!C5<>"",選手!C5,"") -> 4 | W16: =IF(選手!C4<>"",選手!C4,"") -> 3 | X16: =IF(選手!C3<>"",選手!C3,"") -> 2 | Y16: =IF(選手!C2<>"",選手!C2,"") -> 1 | Z16: No.
B17: =IF(選手!E25<>"",選手!E25,"") -> 女 | C17: =IF(選手!E24<>"",選手!E24,"") -> 女 | D17: =IF(選手!E23<>"",選手!E23,"") -> 女 | E17: =IF(選手!E22<>"",選手!E22,"") -> 女 | F17: =IF(選手!E21<>"",選手!E21,"") -> 男 | G17: =IF(選手!E20<>"",選手!E20,"") -> 男 | H17: =IF(選手!E19<>"",選手!E19,"") -> 男 | I17: =IF(選手!E18<>"",選手!E18,"") -> 男 | J17: =IF(選手!E17<>"",選手!E17,"") -> 女 | K17: =IF(選手!E16<>"",選手!E16,"") -> 女 | L17: =IF(選手!E15<>"",選手!E15,"") -> 女 | M17: =IF(選手!E14<>"",選手!E14,"") -> 女 | N17: =IF(選手!E13<>"",選手!E13,"") -> 男 | O17: =IF(選手!E12<>"",選手!E12,"") -> 男 | P17: =IF(選手!E11<>"",選手!E11,"") -> 男 | Q17: =IF(選手!E10<>"",選手!E10,"") -> 男 | R17: =IF(選手!E9<>"",選手!E9,"") -> 女 | S17: =IF(選手!E8<>"",選手!E8,"") -> 女 | T17: =IF(選手!E7<>"",選手!E7,"") -> 女 | U17: =IF(選手!E6<>"",選手!E6,"") -> 女 | V17: =IF(選手!E5<>"",選手!E5,"") -> 男 | W17: =IF(選手!E4<>"",選手!E4,"") -> 男 | X17: =IF(選手!E3<>"",選手!E3,"") -> 男 | Y17: =IF(選手!E2<>"",選手!E2,"") -> 男 | Z17: 性別
B18: =IF(選手!D25<>"",選手!D25,"") -> 谷口 洋子 | C18: =IF(選手!D24<>"",選手!D24,"") -> 入江 美讃 | D18: =IF(選手!D23<>"",選手!D23,"") -> 越後 奈緒美 | E18: =IF(選手!D22<>"",選手!D22,"") -> 後藤 徳子 | F18: =IF(選手!D21<>"",選手!D21,"") -> 志手 俊二 | G18: =IF(選手!D20<>"",選手!D20,"") -> 谷田 直樹 | H18: =IF(選手!D19<>"",選手!D19,"") -> 笠井 大督 | I18: =IF(選手!D18<>"",選手!D18,"") -> 新美 友治 | J18: =IF(選手!D17<>"",選手!D17,"") -> 谷口 祥子 | K18: =IF(選手!D16<>"",選手!D16,"") -> 樋田 良子 | L18: =IF(選手!D15<>"",選手!D15,"") -> 深見 裕子 | M18: =IF(選手!D14<>"",選手!D14,"") -> 堀井 恵美子 | N18: =IF(選手!D13<>"",選手!D13,"") -> 榊原 隆一 | O18: =IF(選手!D12<>"",選手!D12,"") -> 外山 康彦 | P18: =IF(選手!D11<>"",選手!D11,"") -> 近藤 治 | Q18: =IF(選手!D10<>"",選手!D10,"") -> 近藤 雄介 | R18: =IF(選手!D9<>"",選手!D9,"") -> 伊藤 洋子 | S18: =IF(選手!D8<>"",選手!D8,"") -> 片桐 志保 | T18: =IF(選手!D7<>"",選手!D7,"") -> 渡會 あすか | U18: =IF(選手!D6<>"",選手!D6,"") -> 佃 弘美 | V18: =IF(選手!D5<>"",選手!D5,"") -> 田井 泰 | W18: =IF(選手!D4<>"",選手!D4,"") -> 大嶋 啓嗣 | X18: =IF(選手!D3<>"",選手!D3,"") -> 伊藤 恭浩 | Y18: =IF(選手!D2<>"",選手!D2,"") -> 峯 徹 | Z18: 氏 名
J20: =選手!B38 -> 尾張旭B | N20: =選手!B34 -> 尾張旭A | R20: =選手!B30 -> 長久手B | V20: =選手!B26 -> 長久手A | Z20: チーム | AA20: 第二グループ
J21: =SUM(J23:M23) -> 0 | N21: =SUM(N23:Q23) -> 0 | R21: =SUM(R23:U23) -> 0 | V21: =SUM(V23:Y23) -> 0 | Z21: チーム合計
J22: =J23+0.1+(IF(J33="〇",1,0)*0.01)+(IF(J32="〇",1,0)*0.001)+(IF(J31="〇",1,0)*0.0001)+(IF(J30="〇",1,0)*0.00001)+(IF(J28="〇",1,0)*0.000001)+(IF(J27="〇",1,0)*0.0000001)+(IF(J26="〇",1,0)*0.00000001)+(IF(J25="〇",1,0)*0.000000001) -> 0.1 | K22: =K23+0.1+(IF(K33="〇",1,0)*0.01)+(IF(K32="〇",1,0)*0.001)+(IF(K31="〇",1,0)*0.0001)+(IF(K30="〇",1,0)*0.00001)+(IF(K28="〇",1,0)*0.000001)+(IF(K27="〇",1,0)*0.0000001)+(IF(K26="〇",1,0)*0.00000001)+(IF(K25="〇",1,0)*0.000000001) -> 0.1 | L22: =L23+0.1+(IF(L33="〇",1,0)*0.01)+(IF(L32="〇",1,0)*0.001)+(IF(L31="〇",1,0)*0.0001)+(IF(L30="〇",1,0)*0.00001)+(IF(L28="〇",1,0)*0.000001)+(IF(L27="〇",1,0)*0.0000001)+(IF(L26="〇",1,0)*0.00000001)+(IF(L25="〇",1,0)*0.000000001) -> 0.1 | M22: =M23+0.1+(IF(M33="〇",1,0)*0.01)+(IF(M32="〇",1,0)*0.001)+(IF(M31="〇",1,0)*0.0001)+(IF(M30="〇",1,0)*0.00001)+(IF(M28="〇",1,0)*0.000001)+(IF(M27="〇",1,0)*0.0000001)+(IF(M26="〇",1,0)*0.00000001)+(IF(M25="〇",1,0)*0.000000001) -> 0.1 | N22: =N23+0.1+(IF(N33="〇",1,0)*0.01)+(IF(N32="〇",1,0)*0.001)+(IF(N31="〇",1,0)*0.0001)+(IF(N30="〇",1,0)*0.00001)+(IF(N28="〇",1,0)*0.000001)+(IF(N27="〇",1,0)*0.0000001)+(IF(N26="〇",1,0)*0.00000001)+(IF(N25="〇",1,0)*0.000000001) -> 0.1 | O22: =O23+0.1+(IF(O33="〇",1,0)*0.01)+(IF(O32="〇",1,0)*0.001)+(IF(O31="〇",1,0)*0.0001)+(IF(O30="〇",1,0)*0.00001)+(IF(O28="〇",1,0)*0.000001)+(IF(O27="〇",1,0)*0.0000001)+(IF(O26="〇",1,0)*0.00000001)+(IF(O25="〇",1,0)*0.000000001) -> 0.1 | P22: =P23+0.1+(IF(P33="〇",1,0)*0.01)+(IF(P32="〇",1,0)*0.001)+(IF(P31="〇",1,0)*0.0001)+(IF(P30="〇",1,0)*0.00001)+(IF(P28="〇",1,0)*0.000001)+(IF(P27="〇",1,0)*0.0000001)+(IF(P26="〇",1,0)*0.00000001)+(IF(P25="〇",1,0)*0.000000001) -> 0.1 | Q22: =Q23+0.1+(IF(Q33="〇",1,0)*0.01)+(IF(Q32="〇",1,0)*0.001)+(IF(Q31="〇",1,0)*0.0001)+(IF(Q30="〇",1,0)*0.00001)+(IF(Q28="〇",1,0)*0.000001)+(IF(Q27="〇",1,0)*0.0000001)+(IF(Q26="〇",1,0)*0.00000001)+(IF(Q25="〇",1,0)*0.000000001) -> 0.1 | ... Y22: =Y23+0.1+(IF(Y33="〇",1,0)*0.01)+(IF(Y32="〇",1,0)*0.001)+(IF(Y31="〇",1,0)*0.0001)+(IF(Y30="〇",1,0)*0.00001)+(IF(Y28="〇",1,0)*0.000001)+(IF(Y27="〇",1,0)*0.0000001)+(IF(Y26="〇",1,0)*0.00000001)+(IF(Y25="〇",1,0)*0.000000001) -> 0.1 | Z22: 個人順位用
J23: =J24+J29 -> 0 | K23: =K24+K29 -> 0 | L23: =L24+L29 -> 0 | M23: =M24+M29 -> 0 | N23: =N24+N29 -> 0 | O23: =O24+O29 -> 0 | P23: =P24+P29 -> 0 | Q23: =Q24+Q29 -> 0 | ... Y23: =Y24+Y29 -> 0 | Z23: 個人合計
K24: =COUNTIF(K25:K28,"〇") -> 0 | L24: =COUNTIF(L25:L28,"〇") -> 0 | M24: =COUNTIF(M25:M28,"〇") -> 0 | N24: =COUNTIF(N25:N28,"〇") -> 0 | O24: =COUNTIF(O25:O28,"〇") -> 0 | P24: =COUNTIF(P25:P28,"〇") -> 0 | Q24: =COUNTIF(Q25:Q28,"〇") -> 0 | R24: =COUNTIF(R25:R28,"〇") -> 0 | ... Y24: =COUNTIF(Y25:Y28,"〇") -> 0 | Z24: 2立目 合計
Z25: 4射
Z26: 3射
Z27: 2射
Z28: 1射
J29: =COUNTIF(J30:J33,"〇") -> 0 | K29: =COUNTIF(K30:K33,"〇") -> 0 | L29: =COUNTIF(L30:L33,"〇") -> 0 | M29: =COUNTIF(M30:M33,"〇") -> 0 | N29: =COUNTIF(N30:N33,"〇") -> 0 | O29: =COUNTIF(O30:O33,"〇") -> 0 | P29: =COUNTIF(P30:P33,"〇") -> 0 | Q29: =COUNTIF(Q30:Q33,"〇") -> 0 | ... Y29: =COUNTIF(Y30:Y33,"〇") -> 0 | Z29: 1立目 合計
Z30: 4射
Z31: 3射
Z32: 2射
Z33: 1射
J34: =IF(選手!C41<>"",選手!C41,"") -> 40 | K34: =IF(選手!C40<>"",選手!C40,"") -> 39 | L34: =IF(選手!C39<>"",選手!C39,"") -> 38 | M34: =IF(選手!C38<>"",選手!C38,"") -> 37 | N34: =IF(選手!C37<>"",選手!C37,"") -> 36 | O34: =IF(選手!C36<>"",選手!C36,"") -> 35 | P34: =IF(選手!C35<>"",選手!C35,"") -> 34 | Q34: =IF(選手!C34<>"",選手!C34,"") -> 33 | R34: =IF(選手!C33<>"",選手!C33,"") -> 32 | S34: =IF(選手!C32<>"",選手!C32,"") -> 31 | T34: =IF(選手!C31<>"",選手!C31,"") -> 30 | U34: =IF(選手!C30<>"",選手!C30,"") -> 29 | V34: =IF(選手!C29<>"",選手!C29,"") -> 28 | W34: =IF(選手!C28<>"",選手!C28,"") -> 27 | X34: =IF(選手!C27<>"",選手!C27,"") -> 26 | Y34: =IF(選手!C26<>"",選手!C26,"") -> 25 | Z34: No.
J35: =IF(選手!E41<>"",選手!E41,"") -> 女 | K35: =IF(選手!E40<>"",選手!E40,"") -> 女 | L35: =IF(選手!E39<>"",選手!E39,"") -> 女 | M35: =IF(選手!E38<>"",選手!E38,"") -> 女 | N35: =IF(選手!E37<>"",選手!E37,"") -> 男 | O35: =IF(選手!E36<>"",選手!E36,"") -> 男 | P35: =IF(選手!E35<>"",選手!E35,"") -> 男 | Q35: =IF(選手!E34<>"",選手!E34,"") -> 男 | R35: =IF(選手!E33<>"",選手!E33,"") -> 女 | S35: =IF(選手!E32<>"",選手!E32,"") -> 女 | T35: =IF(選手!E31<>"",選手!E31,"") -> 女 | U35: =IF(選手!E30<>"",選手!E30,"") -> 女 | V35: =IF(選手!E29<>"",選手!E29,"") -> 男 | W35: =IF(選手!E28<>"",選手!E28,"") -> 男 | X35: =IF(選手!E27<>"",選手!E27,"") -> 男 | Y35: =IF(選手!E26<>"",選手!E26,"") -> 男 | Z35: 性別
J36: =IF(選手!D41<>"",選手!D41,"") -> 加藤 康子 | K36: =IF(選手!D40<>"",選手!D40,"") -> 安達 初枝 | L36: =IF(選手!D39<>"",選手!D39,"") -> 北川 裕希子 | M36: =IF(選手!D38<>"",選手!D38,"") -> 田中 沙紀子 | N36: =IF(選手!D37<>"",選手!D37,"") -> 山田 英治 | O36: =IF(選手!D36<>"",選手!D36,"") -> 大竹 誠 | P36: =IF(選手!D35<>"",選手!D35,"") -> 角谷 昌紀 | Q36: =IF(選手!D34<>"",選手!D34,"") -> 西尾 雅司 | R36: =IF(選手!D33<>"",選手!D33,"") -> 野々垣 奈緒子 | S36: =IF(選手!D32<>"",選手!D32,"") -> 水野 三穂 | T36: =IF(選手!D31<>"",選手!D31,"") -> 上平 佳織 | U36: =IF(選手!D30<>"",選手!D30,"") -> 澤田 圭子 | V36: =IF(選手!D27<>"",選手!D27,"") -> 松永 安太郎 | W36: =IF(選手!D29<>"",選手!D29,"") -> 芝田 典久 | X36: =IF(選手!D28<>"",選手!D28,"") -> 山本 三郎 | Y36: =IF(選手!D26<>"",選手!D26,"") -> 葛西 裕文 | Z36: 氏 名
F38: =選手!B58 -> 瀬戸B | J38: =選手!B54 -> 瀬戸A | N38: =選手!B50 -> 愛知A | R38: =選手!B46 -> 西春日井B | V38: =選手!B42 -> 西春日井A | Z38: チーム | AA38: 第三グループ
F39: =SUM(F41:I41) -> 0 | J39: =SUM(J41:M41) -> 0 | N39: =SUM(N41:Q41) -> 0 | R39: =SUM(R41:U41) -> 0 | V39: =SUM(V41:Y41) -> 0 | Z39: チーム合計
F40: =F41+0.1+(IF(F51="〇",1,0)*0.01)+(IF(F50="〇",1,0)*0.001)+(IF(F49="〇",1,0)*0.0001)+(IF(F48="〇",1,0)*0.00001)+(IF(F46="〇",1,0)*0.000001)+(IF(F45="〇",1,0)*0.0000001)+(IF(F44="〇",1,0)*0.00000001)+(IF(F43="〇",1,0)*0.000000001) -> 0.1 | G40: =G41+0.1+(IF(G51="〇",1,0)*0.01)+(IF(G50="〇",1,0)*0.001)+(IF(G49="〇",1,0)*0.0001)+(IF(G48="〇",1,0)*0.00001)+(IF(G46="〇",1,0)*0.000001)+(IF(G45="〇",1,0)*0.0000001)+(IF(G44="〇",1,0)*0.00000001)+(IF(G43="〇",1,0)*0.000000001) -> 0.1 | H40: =H41+0.1+(IF(H51="〇",1,0)*0.01)+(IF(H50="〇",1,0)*0.001)+(IF(H49="〇",1,0)*0.0001)+(IF(H48="〇",1,0)*0.00001)+(IF(H46="〇",1,0)*0.000001)+(IF(H45="〇",1,0)*0.0000001)+(IF(H44="〇",1,0)*0.00000001)+(IF(H43="〇",1,0)*0.000000001) -> 0.1 | I40: =I41+0.1+(IF(I51="〇",1,0)*0.01)+(IF(I50="〇",1,0)*0.001)+(IF(I49="〇",1,0)*0.0001)+(IF(I48="〇",1,0)*0.00001)+(IF(I46="〇",1,0)*0.000001)+(IF(I45="〇",1,0)*0.0000001)+(IF(I44="〇",1,0)*0.00000001)+(IF(I43="〇",1,0)*0.000000001) -> 0.1 | J40: =J41+0.1+(IF(J51="〇",1,0)*0.01)+(IF(J50="〇",1,0)*0.001)+(IF(J49="〇",1,0)*0.0001)+(IF(J48="〇",1,0)*0.00001)+(IF(J46="〇",1,0)*0.000001)+(IF(J45="〇",1,0)*0.0000001)+(IF(J44="〇",1,0)*0.00000001)+(IF(J43="〇",1,0)*0.000000001) -> 0.1 | K40: =K41+0.1+(IF(K51="〇",1,0)*0.01)+(IF(K50="〇",1,0)*0.001)+(IF(K49="〇",1,0)*0.0001)+(IF(K48="〇",1,0)*0.00001)+(IF(K46="〇",1,0)*0.000001)+(IF(K45="〇",1,0)*0.0000001)+(IF(K44="〇",1,0)*0.00000001)+(IF(K43="〇",1,0)*0.000000001) -> 0.1 | L40: =L41+0.1+(IF(L51="〇",1,0)*0.01)+(IF(L50="〇",1,0)*0.001)+(IF(L49="〇",1,0)*0.0001)+(IF(L48="〇",1,0)*0.00001)+(IF(L46="〇",1,0)*0.000001)+(IF(L45="〇",1,0)*0.0000001)+(IF(L44="〇",1,0)*0.00000001)+(IF(L43="〇",1,0)*0.000000001) -> 0.1 | M40: =M41+0.1+(IF(M51="〇",1,0)*0.01)+(IF(M50="〇",1,0)*0.001)+(IF(M49="〇",1,0)*0.0001)+(IF(M48="〇",1,0)*0.00001)+(IF(M46="〇",1,0)*0.000001)+(IF(M45="〇",1,0)*0.0000001)+(IF(M44="〇",1,0)*0.00000001)+(IF(M43="〇",1,0)*0.000000001) -> 0.1 | ... Y40: =Y41+0.1+(IF(Y51="〇",1,0)*0.01)+(IF(Y50="〇",1,0)*0.001)+(IF(Y49="〇",1,0)*0.0001)+(IF(Y48="〇",1,0)*0.00001)+(IF(Y46="〇",1,0)*0.000001)+(IF(Y45="〇",1,0)*0.0000001)+(IF(Y44="〇",1,0)*0.00000001)+(IF(Y43="〇",1,0)*0.000000001) -> 0.1 | Z40: 個人順位用
F41: =F42+F47 -> 0 | G41: =G42+G47 -> 0 | H41: =H42+H47 -> 0 | I41: =I42+I47 -> 0 | J41: =J42+J47 -> 0 | K41: =K42+K47 -> 0 | L41: =L42+L47 -> 0 | M41: =M42+M47 -> 0 | ... Y41: =Y42+Y47 -> 0 | Z41: 個人合計
F42: =COUNTIF(F43:F46,"〇") -> 0 | G42: =COUNTIF(G43:G46,"〇") -> 0 | H42: =COUNTIF(H43:H46,"〇") -> 0 | I42: =COUNTIF(I43:I46,"〇") -> 0 | J42: =COUNTIF(J43:J46,"〇") -> 0 | K42: =COUNTIF(K43:K46,"〇") -> 0 | L42: =COUNTIF(L43:L46,"〇") -> 0 | M42: =COUNTIF(M43:M46,"〇") -> 0 | ... Y42: =COUNTIF(Y43:Y46,"〇") -> 0 | Z42: 2立目 合計
Z43: 4射
Z44: 3射
Z45: 2射
Z46: 1射
F47: =COUNTIF(F48:F51,"〇") -> 0 | G47: =COUNTIF(G48:G51,"〇") -> 0 | H47: =COUNTIF(H48:H51,"〇") -> 0 | I47: =COUNTIF(I48:I51,"〇") -> 0 | J47: =COUNTIF(J48:J51,"〇") -> 0 | K47: =COUNTIF(K48:K51,"〇") -> 0 | L47: =COUNTIF(L48:L51,"〇") -> 0 | M47: =COUNTIF(M48:M51,"〇") -> 0 | ... Y47: =COUNTIF(Y48:Y51,"〇") -> 0 | Z47: 1立目 合計
Z48: 4射
Z49: 3射
Z50: 2射
Z51: 1射
F52: =IF(選手!C61<>"",選手!C61,"") -> 60 | G52: =IF(選手!C60<>"",選手!C60,"") -> 59 | H52: =IF(選手!C59<>"",選手!C59,"") -> 58 | I52: =IF(選手!C58<>"",選手!C58,"") -> 57 | J52: =IF(選手!C57<>"",選手!C57,"") -> 56 | K52: =IF(選手!C56<>"",選手!C56,"") -> 55 | L52: =IF(選手!C55<>"",選手!C55,"") -> 54 | M52: =IF(選手!C54<>"",選手!C54,"") -> 53 | N52: =IF(選手!C53<>"",選手!C53,"") -> 52 | O52: =IF(選手!C52<>"",選手!C52,"") -> 51 | P52: =IF(選手!C51<>"",選手!C51,"") -> 50 | Q52: =IF(選手!C50<>"",選手!C50,"") -> 49 | R52: =IF(選手!C49<>"",選手!C49,"") -> 48 | S52: =IF(選手!C48<>"",選手!C48,"") -> 47 | T52: =IF(選手!C47<>"",選手!C47,"") -> 46 | U52: =IF(選手!C46<>"",選手!C46,"") -> 45 | V52: =IF(選手!C45<>"",選手!C45,"") -> 44 | W52: =IF(選手!C44<>"",選手!C44,"") -> 43 | X52: =IF(選手!C43<>"",選手!C43,"") -> 42 | Y52: =IF(選手!C42<>"",選手!C42,"") -> 41 | Z52: No.
F53: =IF(選手!E61<>"",選手!E61,"") -> 女 | G53: =IF(選手!E60<>"",選手!E60,"") -> 女 | H53: =IF(選手!E59<>"",選手!E59,"") -> 女 | I53: =IF(選手!E58<>"",選手!E58,"") -> 女 | J53: =IF(選手!E57<>"",選手!E57,"") -> 男 | K53: =IF(選手!E56<>"",選手!E56,"") -> 男 | L53: =IF(選手!E55<>"",選手!E55,"") -> 男 | M53: =IF(選手!E54<>"",選手!E54,"") -> 男 | N53: =IF(選手!E53<>"",選手!E53,"") -> 男 | O53: =IF(選手!E52<>"",選手!E52,"") -> 男 | P53: =IF(選手!E51<>"",選手!E51,"") -> 男 | Q53: =IF(選手!E50<>"",選手!E50,"") -> 男 | R53: =IF(選手!E49<>"",選手!E49,"") -> 女 | S53: =IF(選手!E48<>"",選手!E48,"") -> 女 | T53: =IF(選手!E47<>"",選手!E47,"") -> 女 | U53: =IF(選手!E46<>"",選手!E46,"") -> 女 | V53: =IF(選手!E45<>"",選手!E45,"") -> 男 | W53: =IF(選手!E44<>"",選手!E44,"") -> 男 | X53: =IF(選手!E43<>"",選手!E43,"") -> 男 | Y53: =IF(選手!E42<>"",選手!E42,"") -> 男 | Z53: 性別
F54: =IF(選手!D61<>"",選手!D61,"") -> 原 由美子 | G54: =IF(選手!D60<>"",選手!D60,"") -> 瀬山 博子 | H54: =IF(選手!D59<>"",選手!D59,"") -> 加藤 節子 | I54: =IF(選手!D58<>"",選手!D58,"") -> 谷口 弥生 | J54: =IF(選手!D57<>"",選手!D57,"") -> 長江 辰彦 | K54: =IF(選手!D56<>"",選手!D56,"") -> 加藤 広史 | L54: =IF(選手!D55<>"",選手!D55,"") -> 野村 清美 | M54: =IF(選手!D54<>"",選手!D54,"") -> 矢島 悟朗 | N54: =IF(選手!D53<>"",選手!D53,"") -> 木村 憲司 | O54: =IF(選手!D52<>"",選手!D52,"") -> 小沢 浩寿 | P54: =IF(選手!D51<>"",選手!D51,"") -> 平野 良則 | Q54: =IF(選手!D50<>"",選手!D50,"") -> 門矢 誠 | R54: =IF(選手!D49<>"",選手!D49,"") -> 白井 千鶴子 | S54: =IF(選手!D48<>"",選手!D48,"") -> 荒川 花子 | T54: =IF(選手!D47<>"",選手!D47,"") -> 中神 佐知子 | U54: =IF(選手!D46<>"",選手!D46,"") -> 村瀬 沙織 | V54: =IF(選手!D45<>"",選手!D45,"") -> 加藤 忠人 | W54: =IF(選手!D44<>"",選手!D44,"") -> 大槻 成実 | X54: =IF(選手!D43<>"",選手!D43,"") -> 杉原 伸哉 | Y54: =IF(選手!D42<>"",選手!D42,"") -> 丹羽 泰生 | Z54: 氏 名
B56: =選手!B62 -> ダミーA
B57: =SUM(B59:E59) -> 0
B58: =B59+0.1+(IF(B69="〇",1,0)*0.01)+(IF(B68="〇",1,0)*0.001)+(IF(B67="〇",1,0)*0.0001)+(IF(B66="〇",1,0)*0.00001)+(IF(B64="〇",1,0)*0.000001)+(IF(B63="〇",1,0)*0.0000001)+(IF(B62="〇",1,0)*0.00000001)+(IF(B61="〇",1,0)*0.000000001) -> 0.1 | C58: =C59+0.1+(IF(C69="〇",1,0)*0.01)+(IF(C68="〇",1,0)*0.001)+(IF(C67="〇",1,0)*0.0001)+(IF(C66="〇",1,0)*0.00001)+(IF(C64="〇",1,0)*0.000001)+(IF(C63="〇",1,0)*0.0000001)+(IF(C62="〇",1,0)*0.00000001)+(IF(C61="〇",1,0)*0.000000001) -> 0.1 | D58: =D59+0.1+(IF(D69="〇",1,0)*0.01)+(IF(D68="〇",1,0)*0.001)+(IF(D67="〇",1,0)*0.0001)+(IF(D66="〇",1,0)*0.00001)+(IF(D64="〇",1,0)*0.000001)+(IF(D63="〇",1,0)*0.0000001)+(IF(D62="〇",1,0)*0.00000001)+(IF(D61="〇",1,0)*0.000000001) -> 0.1 | E58: =E59+0.1+(IF(E69="〇",1,0)*0.01)+(IF(E68="〇",1,0)*0.001)+(IF(E67="〇",1,0)*0.0001)+(IF(E66="〇",1,0)*0.00001)+(IF(E64="〇",1,0)*0.000001)+(IF(E63="〇",1,0)*0.0000001)+(IF(E62="〇",1,0)*0.00000001)+(IF(E61="〇",1,0)*0.000000001) -> 0.1
B59: =B60+B65 -> 0 | C59: =C60+C65 -> 0 | D59: =D60+D65 -> 0 | E59: =E60+E65 -> 0
B60: =COUNTIF(B61:B64,"〇") -> 0 | C60: =COUNTIF(C61:C64,"〇") -> 0 | D60: =COUNTIF(D61:D64,"〇") -> 0 | E60: =COUNTIF(E61:E64,"〇") -> 0
B65: =COUNTIF(B66:B69,"〇") -> 0 | C65: =COUNTIF(C66:C69,"〇") -> 0 | D65: =COUNTIF(D66:D69,"〇") -> 0 | E65: =COUNTIF(E66:E69,"〇") -> 0
B70: =IF(選手!C65<>"",選手!C65,"") -> 64 | C70: =IF(選手!C64<>"",選手!C64,"") -> 63 | D70: =IF(選手!C63<>"",選手!C63,"") -> 62 | E70: =IF(選手!C62<>"",選手!C62,"") -> 61
B71: =IF(選手!E65<>"",選手!E65,"") | C71: =IF(選手!E64<>"",選手!E64,"") | D71: =IF(選手!E63<>"",選手!E63,"") | E71: =IF(選手!E62<>"",選手!E62,"")
B72: =IF(選手!D65<>"",選手!D65,"") | C72: =IF(選手!D64<>"",選手!D64,"") | D72: =IF(選手!D63<>"",選手!D63,"") | E72: =IF(選手!D62<>"",選手!D62,"")

Sheet 選手 (2)
A2: 立順 | B2: 背番号 | C2: 団体名 | D2: 選手名 | E2: 性別 | F2: 1回目 | G2: 2回目 | H2: 個人女子 | J2: 個人男子 | L2: 団体女子 | N2: 団体男子
F3: 的中数 | G3: 的中数 | H3: 合計 | I3: 順位 | J3: 合計 | K3: 順位 | L3: 合計 | M3: 順位 | N3: 合計 | O3: 順位
A4: 1 | B4: 1 | C4: 春日井A | D4: 峯 徹 | E4: 男 | H4: ― | I4: ― | L4: ― | M4: ―
B5: 2 | D5: 伊藤 恭浩 | E5: 男 | H5: ― | I5: ― | L5: ― | M5: ―
B6: 3 | D6: 大嶋 啓嗣 | E6: 男 | H6: ― | I6: ― | L6: ― | M6: ―
B7: 4 | D7: 田井 泰 | E7: 男 | H7: ― | I7: ― | L7: ― | M7: ―
A8: 2 | B8: 5 | C8: 春日井B | D8: 佃 弘美 | E8: 女 | J8: ― | K8: ― | N8: ― | O8: ―
B9: 6 | D9: 渡會 あすか | E9: 女 | J9: ― | K9: ― | N9: ― | O9: ―
B10: 7 | D10: 片桐 志保 | E10: 女 | J10: ― | K10: ― | N10: ― | O10: ―
B11: 8 | D11: 伊藤 洋子 | E11: 女 | J11: ― | K11: ― | N11: ― | O11: ―
A12: 3 | B12: 9 | C12: 豊明A | D12: 近藤 雄介 | E12: 男 | H12: ― | I12: ― | L12: ― | M12: ―
B13: 10 | D13: 近藤 治 | E13: 男 | H13: ― | I13: ― | L13: ― | M13: ―
B14: 11 | D14: 外山 康彦 | E14: 男 | H14: ― | I14: ― | L14: ― | M14: ―
B15: 12 | D15: 榊原 隆一 | E15: 男 | H15: ― | I15: ― | L15: ― | M15: ―
A16: 4 | B16: 13 | C16: 豊明B | D16: 堀井 恵美子 | E16: 女 | J16: ― | K16: ― | N16: ― | O16: ―
B17: 14 | D17: 深見 裕子 | E17: 女 | J17: ― | K17: ― | N17: ― | O17: ―
B18: 15 | D18: 樋田 良子 | E18: 女 | J18: ― | K18: ― | N18: ― | O18: ―
B19: 16 | D19: 谷口 祥子 | E19: 女 | J19: ― | K19: ― | N19: ― | O19: ―
A20: 5 | B20: 17 | C20: 日進A | D20: 新美 友治 | E20: 男 | H20: ― | I20: ― | L20: ― | M20: ―
B21: 18 | D21: 笠井 大督 | E21: 男 | H21: ― | I21: ― | L21: ― | M21: ―
B22: 19 | D22: 谷田 直樹 | E22: 男 | H22: ― | I22: ― | L22: ― | M22: ―
B23: 20 | D23: 志手 俊二 | E23: 男 | H23: ― | I23: ― | L23: ― | M23: ―
A24: 6 | B24: 21 | C24: 日進B | D24: 後藤 徳子 | E24: 女 | J24: ― | K24: ― | N24: ― | O24: ―
B25: 22 | D25: 越後 奈緒美 | E25: 女 | J25: ― | K25: ― | N25: ― | O25: ―
B26: 23 | D26: 入江 美讃 | E26: 女 | J26: ― | K26: ― | N26: ― | O26: ―
B27: 24 | D27: 谷口 洋子 | E27: 女 | J27: ― | K27: ― | N27: ― | O27: ―
A28: 7 | B28: 25 | C28: 長久手A | D28: 葛西 裕文 | E28: 男 | H28: ― | I28: ― | L28: ― | M28: ―
B29: 26 | D29: 松永 安太郎 | E29: 男 | H29: ― | I29: ― | L29: ― | M29: ―
B30: 27 | D30: 山本 三郎 | E30: 男 | H30: ― | I30: ― | L30: ― | M30: ―
B31: 28 | D31: 芝田 典久 | E31: 男 | H31: ― | I31: ― | L31: ― | M31: ―
A32: 8 | B32: 29 | C32: 長久手B | D32: 澤田 圭子 | E32: 女 | J32: ― | K32: ― | N32: ― | O32: ―
B33: 30 | D33: 上平 佳織 | E33: 女 | J33: ― | K33: ― | N33: ― | O33: ―
B34: 31 | D34: 水野 三穂 | E34: 女 | J34: ― | K34: ― | N34: ― | O34: ―
B35: 32 | D35: 野々垣 奈緒子 | E35: 女 | J35: ― | K35: ― | N35: ― | O35: ―
A36: 9 | B36: 33 | C36: 尾張旭A | D36: 西尾 雅司 | E36: 男 | H36: ― | I36: ― | L36: ― | M36: ―
B37: 34 | D37: 角谷 昌紀 | E37: 男 | H37: ― | I37: ― | L37: ― | M37: ―
B38: 35 | D38: 大竹 誠 | E38: 男 | H38: ― | I38: ― | L38: ― | M38: ―
B39: 36 | D39: 山田 英治 | E39: 男 | H39: ― | I39: ― | L39: ― | M39: ―
A40: 10 | B40: 37 | C40: 尾張旭B | D40: 田中 沙紀子 | E40: 女 | J40: ― | K40: ― | N40: ― | O40: ―
B41: 38 | D41: 北川 裕希子 | E41: 女 | J41: ― | K41: ― | N41: ― | O41: ―
B42: 39 | D42: 安達 初枝 | E42: 女 | J42: ― | K42: ― | N42: ― | O42: ―
B43: 40 | D43: 加藤 康子 | E43: 女 | J43: ― | K43: ― | N43: ― | O43: ―
A44: 11 | B44: 41 | C44: 西春日井A | D44: 丹羽 泰生 | E44: 男 | H44: ― | I44: ― | L44: ― | M44: ―
B45: 42 | D45: 杉原 伸哉 | E45: 男 | H45: ― | I45: ― | L45: ― | M45: ―
B46: 43 | D46: 大槻 成実 | E46: 男 | H46: ― | I46: ― | L46: ― | M46: ―
B47: 44 | D47: 加藤 忠人 | E47: 男 | H47: ― | I47: ― | L47: ― | M47: ―
A48: 12 | B48: 45 | C48: 西春日井B | D48: 村瀬 沙織 | E48: 女 | J48: ― | K48: ― | N48: ― | O48: ―
B49: 46 | D49: 中神 佐知子 | E49: 女 | J49: ― | K49: ― | N49: ― | O49: ―
B50: 47 | D50: 荒川 花子 | E50: 女 | J50: ― | K50: ― | N50: ― | O50: ―
B51: 48 | D51: 白井 千鶴子 | E51: 女 | J51: ― | K51: ― | N51: ― | O51: ―
A52: 13 | B52: 49 | C52: 愛知A | D52: 門矢 誠 | E52: 男 | H52: ― | I52: ― | L52: ― | M52: ―
B53: 50 | D53: 平野 良則 | E53: 男 | H53: ― | I53: ― | L53: ― | M53: ―
B54: 51 | D54: 小沢 浩寿 | E54: 男 | H54: ― | I54: ― | L54: ― | M54: ―
B55: 52 | D55: 木村 憲司 | E55: 男 | H55: ― | I55: ― | L55: ― | M55: ―
A56: 14 | B56: 53 | C56: 瀬戸A | D56: 矢島 悟朗 | E56: 男 | H56: ― | I56: ― | L56: ― | M56: ―
B57: 54 | D57: 野村 清美 | E57: 男 | H57: ― | I57: ― | L57: ― | M57: ―
B58: 55 | D58: 加藤 広史 | E58: 男 | H58: ― | I58: ― | L58: ― | M58: ―
B59: 56 | D59: 長江 辰彦 | E59: 男 | H59: ― | I59: ― | L59: ― | M59: ―
A60: 15 | B60: 57 | C60: 瀬戸B | D60: 谷口 弥生 | E60: 女 | J60: ― | K60: ― | N60: ― | O60: ―
B61: 58 | D61: 加藤 節子 | E61: 女 | J61: ― | K61: ― | N61: ― | O61: ―
B62: 59 | D62: 瀬山 博子 | E62: 女 | J62: ― | K62: ― | N62: ― | O62: ―
B63: 60 | D63: 原 由美子 | E63: 女 | J63: ― | K63: ― | N63: ― | O63: ―
