Workbook

Sheet 選手
B1: チーム | C1: No. | D1: 氏名 | E1: 性別 | G1: チーム | H1: No. | I1: 氏名 | J1: 性別 | L1: チーム | M1: No. | N1: 氏名 | O1: 性別
B2: 瀬戸A | C2: 1 | D2: 野村 清美 | E2: 男 | G2: 尾張旭A | H2: 21 | I2: 大竹 誠 | J2: 男 | L2: 長久手A | M2: 41 | N2: 柳原 啓宏 | O2: 男
B3: 瀬戸A | C3: 2 | D3: 加藤 崇文 | E3: 男 | G3: 尾張旭A | H3: 22 | I3: 阿知波 正 | J3: 男 | L3: 長久手A | M3: 42 | N3: 葛西 裕文 | O3: 男
B4: 瀬戸A | C4: 3 | D4: 谷口 弥生 | E4: 女 | G4: 尾張旭A | H4: 23 | I4: 山田 英治 | J4: 男 | L4: 長久手A | M4: 43 | N4: 芝田 典久 | O4: 男
B5: 瀬戸A | C5: 4 | D5: 森竹 結衣 | E5: 女 | G5: 尾張旭A | H5: 24 | I5: 西尾 雅司 | J5: 男 | L5: 長久手A | M5: 44 | N5: 松井 忠志 | O5: 男
B6: 瀬戸B | C6: 5 | D6: 伊藤 寿邦 | E6: 男 | G6: 尾張旭B | H6: 25 | I6: 北川 裕希子 | J6: 女 | L6: 長久手B | M6: 45 | N6: 山越 一江 | O6: 女
B7: 瀬戸B | C7: 6 | D7: 小林 都 | E7: 女 | G7: 尾張旭B | H7: 26 | I7: 安達 初枝 | J7: 女 | L7: 長久手B | M7: 46 | N7: 澤田 圭子 | O7: 女
B8: 瀬戸B | C8: 7 | D8: 瀬山 博子 | E8: 女 | G8: 尾張旭B | H8: 27 | I8: 高田 優子 | J8: 女 | L8: 長久手B | M8: 47 | N8: 水野 三穂 | O8: 女
B9: 瀬戸B | C9: 8 | D9: 加藤 広史 | E9: 男 | G9: 尾張旭B | H9: 28 | I9: 田中 沙紀子 | J9: 女 | L9: 長久手B | M9: 48 | N9: 野々垣 奈緒子 | O9: 女
B10: 西春日井A | C10: 9 | D10: 丹羽 泰生 | E10: 男 | G10: 日進A | H10: 29 | I10: 志手 俊二 | J10: 男 | L10: 豊明A | M10: 49 | N10: 榊原 隆一 | O10: 男
B11: 西春日井A | C11: 10 | D11: 大槻 成実 | E11: 男 | G11: 日進A | H11: 30 | I11: 米田 康介 | J11: 男 | L11: 豊明A | M11: 50 | N11: 堀 隆教 | O11: 男
B12: 西春日井A | C12: 11 | D12: 村瀬 沙織 | E12: 女 | G12: 日進A | H12: 31 | I12: 窪田 達也 | J12: 男 | L12: 豊明A | M12: 51 | N12: 近藤 治 | O12: 男
B13: 西春日井A | C13: 12 | D13: 加藤 忠人 | E13: 男 | G13: 日進A | H13: 32 | I13: 新美 友治 | J13: 男 | L13: 豊明A | M13: 52 | N13: 園田 敏雄 | O13: 男
... B17: 西春日井B | C17: 16 | D17: 荒川 花子 | E17: 女 | G17: 日進B | H17: 36 | I17: 赤塚 正子 | J17: 女 | L17: 豊明B | M17: 56 | N17: 堀井 恵美子 | O17: 女
B18: 春日井A | C18: 17 | D18: 小川 久生 | E18: 男 | G18: 春日井B | H18: 37 | I18: 遠藤 恵美子 | J18: 女
B19: 春日井A | C19: 18 | D19: 阿部 健二郞 | E19: 男 | G19: 春日井B | H19: 38 | I19: 山口 このみ | J19: 女
B20: 春日井A | C20: 19 | D20: 玉野 正明 | E20: 男 | G20: 春日井B | H20: 39 | I20: 片桐 志保 | J20: 女
B21: 春日井A | C21: 20 | D21: 杉山 武 | E21: 男 | G21: 春日井B | H21: 40 | I21: 佃 弘美 | J21: 女

Sheet 記録
B2: チーム | C2: =選手!B18 -> 春日井A | G2: =選手!B14 -> 西春日井B | K2: =選手!B10 -> 西春日井A | O2: =選手!B6 -> 瀬戸B | S2: =選手!B2 -> 瀬戸A | W2: チーム
B3: チーム合計 | C3: =SUM(C5:F5) -> 0 | G3: =SUM(G5:J5) -> 0 | K3: =SUM(K5:N5) -> 0 | O3: =SUM(O5:R5) -> 0 | S3: =SUM(S5:V5) -> 0 | W3: チーム合計
B4: 個人順位用 | C4: =C5+0.1+(IF(C15="〇",1,0)*0.01)+(IF(C14="〇",1,0)*0.001)+(IF(C13="〇",1,0)*0.0001)+(IF(C12="〇",1,0)*0.00001)+(IF(C10="〇",1,0)*0.000001)+(IF(C9="〇",1,0)*0.0000001)+(IF(C8="〇",1,0)*0.00000001)+(IF(C7="〇",1,0)*0.000000001) -> 0.1 | D4: =D5+0.1+(IF(D15="〇",1,0)*0.01)+(IF(D14="〇",1,0)*0.001)+(IF(D13="〇",1,0)*0.0001)+(IF(D12="〇",1,0)*0.00001)+(IF(D10="〇",1,0)*0.000001)+(IF(D9="〇",1,0)*0.0000001)+(IF(D8="〇",1,0)*0.00000001)+(IF(D7="〇",1,0)*0.000000001) -> 0.1 | E4: =E5+0.1+(IF(E15="〇",1,0)*0.01)+(IF(E14="〇",1,0)*0.001)+(IF(E13="〇",1,0)*0.0001)+(IF(E12="〇",1,0)*0.00001)+(IF(E10="〇",1,0)*0.000001)+(IF(E9="〇",1,0)*0.0000001)+(IF(E8="〇",1,0)*0.00000001)+(IF(E7="〇",1,0)*0.000000001) -> 0.1 | F4: =F5+0.1+(IF(F15="〇",1,0)*0.01)+(IF(F14="〇",1,0)*0.001)+(IF(F13="〇",1,0)*0.0001)+(IF(F12="〇",1,0)*0.00001)+(IF(F10="〇",1,0)*0.000001)+(IF(F9="〇",1,0)*0.0000001)+(IF(F8="〇",1,0)*0.00000001)+(IF(F7="〇",1,0)*0.000000001) -> 0.1 | G4: =G5+0.1+(IF(G15="〇",1,0)*0.01)+(IF(G14="〇",1,0)*0.001)+(IF(G13="〇",1,0)*0.0001)+(IF(G12="〇",1,0)*0.00001)+(IF(G10="〇",1,0)*0.000001)+(IF(G9="〇",1,0)*0.0000001)+(IF(G8="〇",1,0)*0.00000001)+(IF(G7="〇",1,0)*0.000000001) -> 0.1 | H4: =H5+0.1+(IF(H15="〇",1,0)*0.01)+(IF(H14="〇",1,0)*0.001)+(IF(H13="〇",1,0)*0.0001)+(IF(H12="〇",1,0)*0.00001)+(IF(H10="〇",1,0)*0.000001)+(IF(H9="〇",1,0)*0.0000001)+(IF(H8="〇",1,0)*0.00000001)+(IF(H7="〇",1,0)*0.000000001) -> 0.1 | I4: =I5+0.1+(IF(I15="〇",1,0)*0.01)+(IF(I14="〇",1,0)*0.001)+(IF(I13="〇",1,0)*0.0001)+(IF(I12="〇",1,0)*0.00001)+(IF(I10="〇",1,0)*0.000001)+(IF(I9="〇",1,0)*0.0000001)+(IF(I8="〇",1,0)*0.00000001)+(IF(I7="〇",1,0)*0.000000001) -> 0.1 | J4: =J5+0.1+(IF(J15="〇",1,0)*0.01)+(IF(J14="〇",1,0)*0.001)+(IF(J13="〇",1,0)*0.0001)+(IF(J12="〇",1,0)*0.00001)+(IF(J10="〇",1,0)*0.000001)+(IF(J9="〇",1,0)*0.0000001)+(IF(J8="〇",1,0)*0.00000001)+(IF(J7="〇",1,0)*0.000000001) -> 0.1 | ... V4: =V5+0.1+(IF(V15="〇",1,0)*0.01)+(IF(V14="〇",1,0)*0.001)+(IF(V13="〇",1,0)*0.0001)+(IF(V12="〇",1,0)*0.00001)+(IF(V10="〇",1,0)*0.000001)+(IF(V9="〇",1,0)*0.0000001)+(IF(V8="〇",1,0)*0.00000001)+(IF(V7="〇",1,0)*0.000000001) -> 0.1 | W4: 個人順位用
B5: 個人合計 | C5: =C6+C11 -> 0 | D5: =D6+D11 -> 0 | E5: =E6+E11 -> 0 | F5: =F6+F11 -> 0 | G5: =G6+G11 -> 0 | H5: =H6+H11 -> 0 | I5: =I6+I11 -> 0 | J5: =J6+J11 -> 0 | ... V5: =V6+V11 -> 0 | W5: 個人合計
B6: 2立目 合計 | C6: =COUNTIF(C7:C10,"〇") -> 0 | D6: =COUNTIF(D7:D10,"〇") -> 0 | E6: =COUNTIF(E7:E10,"〇") -> 0 | F6: =COUNTIF(F7:F10,"〇") -> 0 | G6: =COUNTIF(G7:G10,"〇") -> 0 | H6: =COUNTIF(H7:H10,"〇") -> 0 | I6: =COUNTIF(I7:I10,"〇") -> 0 | J6: =COUNTIF(J7:J10,"〇") -> 0 | ... V6: =COUNTIF(V7:V10,"〇") -> 0 | W6: 2立目 合計
B7: 4射 | W7: 4射
B8: 3射 | W8: 3射
B9: 2射 | W9: 2射
B10: 1射 | W10: 1射
B11: 1立目 合計 | C11: =COUNTIF(C12:C15,"〇") -> 0 | D11: =COUNTIF(D12:D15,"〇") -> 0 | E11: =COUNTIF(E12:E15,"〇") -> 0 | F11: =COUNTIF(F12:F15,"〇") -> 0 | G11: =COUNTIF(G12:G15,"〇") -> 0 | H11: =COUNTIF(H12:H15,"〇") -> 0 | I11: =COUNTIF(I12:I15,"〇") -> 0 | J11: =COUNTIF(J12:J15,"〇") -> 0 | ... V11: =COUNTIF(V12:V15,"〇") -> 0 | W11: 1立目 合計
B12: 4射 | W12: 4射
B13: 3射 | W13: 3射
B14: 2射 | W14: 2射
B15: 1射 | W15: 1射
B16: No. | C16: =IF(選手!C21<>"",選手!C21,"") -> 20 | D16: =IF(選手!C20<>"",選手!C20,"") -> 19 | E16: =IF(選手!C19<>"",選手!C19,"") -> 18 | F16: =IF(選手!C18<>"",選手!C18,"") -> 17 | G16: =IF(選手!C17<>"",選手!C17,"") -> 16 | H16: =IF(選手!C16<>"",選手!C16,"") -> 15 | I16: =IF(選手!C15<>"",選手!C15,"") -> 14 | J16: =IF(選手!C14<>"",選手!C14,"") -> 13 | K16: =IF(選手!C13<>"",選手!C13,"") -> 12 | L16: =IF(選手!C12<>"",選手!C12,"") -> 11 | M16: =IF(選手!C11<>"",選手!C11,"") -> 10 | N16: =IF(選手!C10<>"",選手!C10,"") -> 9 | O16: =IF(選手!C9<>"",選手!C9,"") -> 8 | P16: =IF(選手!C8<>"",選手!C8,"") -> 7 | Q16: =IF(選手!C7<>"",選手!C7,"") -> 6 | R16: =IF(選手!C6<>"",選手!C6,"") -> 5 | S16: =IF(選手!C5<>"",選手!C5,"") -> 4 | T16: =IF(選手!C4<>"",選手!C4,"") -> 3 | U16: =IF(選手!C3<>"",選手!C3,"") -> 2 | V16: =IF(選手!C2<>"",選手!C2,"") -> 1 | W16: No.
B17: 性別 | C17: =IF(選手!E21<>"",選手!E21,"") -> 男 | D17: =IF(選手!E20<>"",選手!E20,"") -> 男 | E17: =IF(選手!E19<>"",選手!E19,"") -> 男 | F17: =IF(選手!E18<>"",選手!E18,"") -> 男 | G17: =IF(選手!E17<>"",選手!E17,"") -> 女 | H17: =IF(選手!E16<>"",選手!E16,"") -> 男 | I17: =IF(選手!E15<>"",選手!E15,"") -> 女 | J17: =IF(選手!E14<>"",選手!E14,"") -> 男 | K17: =IF(選手!E13<>"",選手!E13,"") -> 男 | L17: =IF(選手!E12<>"",選手!E12,"") -> 女 | M17: =IF(選手!E11<>"",選手!E11,"") -> 男 | N17: =IF(選手!E10<>"",選手!E10,"") -> 男 | O17: =IF(選手!E9<>"",選手!E9,"") -> 男 | P17: =IF(選手!E8<>"",選手!E8,"") -> 女 | Q17: =IF(選手!E7<>"",選手!E7,"") -> 女 | R17: =IF(選手!E6<>"",選手!E6,"") -> 男 | S17: =IF(選手!E5<>"",選手!E5,"") -> 女 | T17: =IF(選手!E4<>"",選手!E4,"") -> 女 | U17: =IF(選手!E3<>"",選手!E3,"") -> 男 | V17: =IF(選手!E2<>"",選手!E2,"") -> 男 | W17: 性別
B18: 氏 名 | C18: =IF(選手!D21<>"",選手!D21,"") -> 杉山 武 | D18: =IF(選手!D20<>"",選手!D20,"") -> 玉野 正明 | E18: =IF(選手!D19<>"",選手!D19,"") -> 阿部 健二郞 | F18: =IF(選手!D18<>"",選手!D18,"") -> 小川 久生 | G18: =IF(選手!D17<>"",選手!D17,"") -> 荒川 花子 | H18: =IF(選手!D16<>"",選手!D16,"") -> 杉原 伸哉 | I18: =IF(選手!D15<>"",選手!D15,"") -> 渡邉 由美子 | J18: =IF(選手!D14<>"",選手!D14,"") -> 北崎 良治 | K18: =IF(選手!D13<>"",選手!D13,"") -> 加藤 忠人 | L18: =IF(選手!D12<>"",選手!D12,"") -> 村瀬 沙織 | M18: =IF(選手!D11<>"",選手!D11,"") -> 大槻 成実 | N18: =IF(選手!D10<>"",選手!D10,"") -> 丹羽 泰生 | O18: =IF(選手!D9<>"",選手!D9,"") -> 加藤 広史 | P18: =IF(選手!D8<>"",選手!D8,"") -> 瀬山 博子 | Q18: =IF(選手!D7<>"",選手!D7,"") -> 小林 都 | R18: =IF(選手!D6<>"",選手!D6,"") -> 伊藤 寿邦 | S18: =IF(選手!D5<>"",選手!D5,"") -> 森竹 結衣 | T18: =IF(選手!D4<>"",選手!D4,"") -> 谷口 弥生 | U18: =IF(選手!D3<>"",選手!D3,"") -> 加藤 崇文 | V18: =IF(選手!D2<>"",選手!D2,"") -> 野村 清美 | W18: 氏 名
B20: チーム | C20: =選手!G18 -> 春日井B | G20: =選手!G14 -> 日進B | K20: =選手!G10 -> 日進A | O20: =選手!G6 -> 尾張旭B | S20: =選手!G2 -> 尾張旭A | W20: チーム
B21: チーム合計 | C21: =SUM(C23:F23) -> 0 | G21: =SUM(G23:J23) -> 0 | K21: =SUM(K23:N23) -> 0 | O21: =SUM(O23:R23) -> 0 | S21: =SUM(S23:V23) -> 0 | W21: チーム合計
B22: 個人順位用 | C22: =C23+0.1+(IF(C33="〇",1,0)*0.01)+(IF(C32="〇",1,0)*0.001)+(IF(C31="〇",1,0)*0.0001)+(IF(C30="〇",1,0)*0.00001)+(IF(C28="〇",1,0)*0.000001)+(IF(C27="〇",1,0)*0.0000001)+(IF(C26="〇",1,0)*0.00000001)+(IF(C25="〇",1,0)*0.000000001) -> 0.1 | D22: =D23+0.1+(IF(D33="〇",1,0)*0.01)+(IF(D32="〇",1,0)*0.001)+(IF(D31="〇",1,0)*0.0001)+(IF(D30="〇",1,0)*0.00001)+(IF(D28="〇",1,0)*0.000001)+(IF(D27="〇",1,0)*0.0000001)+(IF(D26="〇",1,0)*0.00000001)+(IF(D25="〇",1,0)*0.000000001) -> 0.1 | E22: =E23+0.1+(IF(E33="〇",1,0)*0.01)+(IF(E32="〇",1,0)*0.001)+(IF(E31="〇",1,0)*0.0001)+(IF(E30="〇",1,0)*0.00001)+(IF(E28="〇",1,0)*0.000001)+(IF(E27="〇",1,0)*0.0000001)+(IF(E26="〇",1,0)*0.00000001)+(IF(E25="〇",1,0)*0.000000001) -> 0.1 | F22: =F23+0.1+(IF(F33="〇",1,0)*0.01)+(IF(F32="〇",1,0)*0.001)+(IF(F31="〇",1,0)*0.0001)+(IF(F30="〇",1,0)*0.00001)+(IF(F28="〇",1,0)*0.000001)+(IF(F27="〇",1,0)*0.0000001)+(IF(F26="〇",1,0)*0.00000001)+(IF(F25="〇",1,0)*0.000000001) -> 0.1 | G22: =G23+0.1+(IF(G33="〇",1,0)*0.01)+(IF(G32="〇",1,0)*0.001)+(IF(G31="〇",1,0)*0.0001)+(IF(G30="〇",1,0)*0.00001)+(IF(G28="〇",1,0)*0.000001)+(IF(G27="〇",1,0)*0.0000001)+(IF(G26="〇",1,0)*0.00000001)+(IF(G25="〇",1,0)*0.000000001) -> 0.1 | H22: =H23+0.1+(IF(H33="〇",1,0)*0.01)+(IF(H32="〇",1,0)*0.001)+(IF(H31="〇",1,0)*0.0001)+(IF(H30="〇",1,0)*0.00001)+(IF(H28="〇",1,0)*0.000001)+(IF(H27="〇",1,0)*0.0000001)+(IF(H26="〇",1,0)*0.00000001)+(IF(H25="〇",1,0)*0.000000001) -> 0.1 | I22: =I23+0.1+(IF(I33="〇",1,0)*0.01)+(IF(I32="〇",1,0)*0.001)+(IF(I31="〇",1,0)*0.0001)+(IF(I30="〇",1,0)*0.00001)+(IF(I28="〇",1,0)*0.000001)+(IF(I27="〇",1,0)*0.0000001)+(IF(I26="〇",1,0)*0.00000001)+(IF(I25="〇",1,0)*0.000000001) -> 0.1 | J22: =J23+0.1+(IF(J33="〇",1,0)*0.01)+(IF(J32="〇",1,0)*0.001)+(IF(J31="〇",1,0)*0.0001)+(IF(J30="〇",1,0)*0.00001)+(IF(J28="〇",1,0)*0.000001)+(IF(J27="〇",1,0)*0.0000001)+(IF(J26="〇",1,0)*0.00000001)+(IF(J25="〇",1,0)*0.000000001) -> 0.1 | ... V22: =V23+0.1+(IF(V33="〇",1,0)*0.01)+(IF(V32="〇",1,0)*0.001)+(IF(V31="〇",1,0)*0.0001)+(IF(V30="〇",1,0)*0.00001)+(IF(V28="〇",1,0)*0.000001)+(IF(V27="〇",1,0)*0.0000001)+(IF(V26="〇",1,0)*0.00000001)+(IF(V25="〇",1,0)*0.000000001) -> 0.1 | W22: 個人順位用
B23: 個人合計 | C23: =C24+C29 -> 0 | D23: =D24+D29 -> 0 | E23: =E24+E29 -> 0 | F23: =F24+F29 -> 0 | G23: =G24+G29 -> 0 | H23: =H24+H29 -> 0 | I23: =I24+I29 -> 0 | J23: =J24+J29 -> 0 | ... V23: =V24+V29 -> 0 | W23: 個人合計
B24: 2立目 合計 | C24: =COUNTIF(C25:C28,"〇") -> 0 | D24: =COUNTIF(D25:D28,"〇") -> 0 | E24: =COUNTIF(E25:E28,"〇") -> 0 | F24: =COUNTIF(F25:F28,"〇") -> 0 | G24: =COUNTIF(G25:G28,"〇") -> 0 | H24: =COUNTIF(H25:H28,"〇") -> 0 | I24: =COUNTIF(I25:I28,"〇") -> 0 | J24: =COUNTIF(J25:J28,"〇") -> 0 | ... V24: =COUNTIF(V25:V28,"〇") -> 0 | W24: 2立目 合計
B25: 4射 | W25: 4射
B26: 3射 | W26: 3射
B27: 2射 | W27: 2射
B28: 1射 | W28: 1射
B29: 1立目 合計 | C29: =COUNTIF(C30:C33,"〇") -> 0 | D29: =COUNTIF(D30:D33,"〇") -> 0 | E29: =COUNTIF(E30:E33,"〇") -> 0 | F29: =COUNTIF(F30:F33,"〇") -> 0 | G29: =COUNTIF(G30:G33,"〇") -> 0 | H29: =COUNTIF(H30:H33,"〇") -> 0 | I29: =COUNTIF(I30:I33,"〇") -> 0 | J29: =COUNTIF(J30:J33,"〇") -> 0 | ... V29: =COUNTIF(V30:V33,"〇") -> 0 | W29: 1立目 合計
B30: 4射 | W30: 4射
B31: 3射 | W31: 3射
B32: 2射 | W32: 2射
B33: 1射 | W33: 1射
B34: No. | C34: =IF(選手!H21<>"",選手!H21,"") -> 40 | D34: =IF(選手!H20<>"",選手!H20,"") -> 39 | E34: =IF(選手!H19<>"",選手!H19,"") -> 38 | F34: =IF(選手!H18<>"",選手!H18,"") -> 37 | G34: =IF(選手!H17<>"",選手!H17,"") -> 36 | H34: =IF(選手!H16<>"",選手!H16,"") -> 35 | I34: =IF(選手!H15<>"",選手!H15,"") -> 34 | J34: =IF(選手!H14<>"",選手!H14,"") -> 33 | K34: =IF(選手!H13<>"",選手!H13,"") -> 32 | L34: =IF(選手!H12<>"",選手!H12,"") -> 31 | M34: =IF(選手!H11<>"",選手!H11,"") -> 30 | N34: =IF(選手!H10<>"",選手!H10,"") -> 29 | O34: =IF(選手!H9<>"",選手!H9,"") -> 28 | P34: =IF(選手!H8<>"",選手!H8,"") -> 27 | Q34: =IF(選手!H7<>"",選手!H7,"") -> 26 | R34: =IF(選手!H6<>"",選手!H6,"") -> 25 | S34: =IF(選手!H5<>"",選手!H5,"") -> 24 | T34: =IF(選手!H4<>"",選手!H4,"") -> 23 | U34: =IF(選手!H3<>"",選手!H3,"") -> 22 | V34: =IF(選手!H2<>"",選手!H2,"") -> 21 | W34: No.
B35: 性別 | C35: =IF(選手!J21<>"",選手!J21,"") -> 女 | D35: =IF(選手!J20<>"",選手!J20,"") -> 女 | E35: =IF(選手!J19<>"",選手!J19,"") -> 女 | F35: =IF(選手!J18<>"",選手!J18,"") -> 女 | G35: =IF(選手!J17<>"",選手!J17,"") -> 女 | H35: =IF(選手!J16<>"",選手!J16,"") -> 女 | I35: =IF(選手!J15<>"",選手!J15,"") -> 女 | J35: =IF(選手!J14<>"",選手!J14,"") -> 女 | K35: =IF(選手!J13<>"",選手!J13,"") -> 男 | L35: =IF(選手!J12<>"",選手!J12,"") -> 男 | M35: =IF(選手!J11<>"",選手!J11,"") -> 男 | N35: =IF(選手!J10<>"",選手!J10,"") -> 男 | O35: =IF(選手!J9<>"",選手!J9,"") -> 女 | P35: =IF(選手!J8<>"",選手!J8,"") -> 女 | Q35: =IF(選手!J7<>"",選手!J7,"") -> 女 | R35: =IF(選手!J6<>"",選手!J6,"") -> 女 | S35: =IF(選手!J5<>"",選手!J5,"") -> 男 | T35: =IF(選手!J4<>"",選手!J4,"") -> 男 | U35: =IF(選手!J3<>"",選手!J3,"") -> 男 | V35: =IF(選手!J2<>"",選手!J2,"") -> 男 | W35: 性別
B36: 氏 名 | C36: =IF(選手!I21<>"",選手!I21,"") -> 佃 弘美 | D36: =IF(選手!I20<>"",選手!I20,"") -> 片桐 志保 | E36: =IF(選手!I19<>"",選手!I19,"") -> 山口 このみ | F36: =IF(選手!I18<>"",選手!I18,"") -> 遠藤 恵美子 | G36: =IF(選手!I17<>"",選手!I17,"") -> 赤塚 正子 | H36: =IF(選手!I16<>"",選手!I16,"") -> 谷口 洋子 | I36: =IF(選手!I15<>"",選手!I15,"") -> 浅井 明美 | J36: =IF(選手!I14<>"",選手!I14,"") -> 三田村 静子 | K36: =IF(選手!I13<>"",選手!I13,"") -> 新美 友治 | L36: =IF(選手!I12<>"",選手!I12,"") -> 窪田 達也 | M36: =IF(選手!I11<>"",選手!I11,"") -> 米田 康介 | N36: =IF(選手!I10<>"",選手!I10,"") -> 志手 俊二 | O36: =IF(選手!I7<>"",選手!I7,"") -> 安達 初枝 | P36: =IF(選手!I9<>"",選手!I9,"") -> 田中 沙紀子 | Q36: =IF(選手!I8<>"",選手!I8,"") -> 高田 優子 | R36: =IF(選手!I6<>"",選手!I6,"") -> 北川 裕希子 | S36: =IF(選手!I5<>"",選手!I5,"") -> 西尾 雅司 | T36: =IF(選手!I4<>"",選手!I4,"") -> 山田 英治 | U36: =IF(選手!I3<>"",選手!I3,"") -> 阿知波 正 | V36: =IF(選手!I2<>"",選手!I2,"") -> 大竹 誠 | W36: 氏 名
B38: チーム | C38: =選手!L14 -> 豊明B | G38: =選手!L10 -> 豊明A | K38: =選手!L6 -> 長久手B | O38: =選手!L2 -> 長久手A | S38: チーム | X38: =選手!Q6 -> 0 | AB38: =選手!Q2 -> 0
B39: チーム合計 | C39: =SUM(C41:F41) -> 0 | G39: =SUM(G41:J41) -> 0 | K39: =SUM(K41:N41) -> 0 | O39: =SUM(O41:R41) -> 0 | S39: チーム合計 | X39: =SUM(X41:AA41) -> 0 | AB39: =SUM(AB41:AE41) -> 0
B40: 個人順位用 | C40: =C41+0.1+(IF(C51="〇",1,0)*0.01)+(IF(C50="〇",1,0)*0.001)+(IF(C49="〇",1,0)*0.0001)+(IF(C48="〇",1,0)*0.00001)+(IF(C46="〇",1,0)*0.000001)+(IF(C45="〇",1,0)*0.0000001)+(IF(C44="〇",1,0)*0.00000001)+(IF(C43="〇",1,0)*0.000000001) -> 0.1 | D40: =D41+0.1+(IF(D51="〇",1,0)*0.01)+(IF(D50="〇",1,0)*0.001)+(IF(D49="〇",1,0)*0.0001)+(IF(D48="〇",1,0)*0.00001)+(IF(D46="〇",1,0)*0.000001)+(IF(D45="〇",1,0)*0.0000001)+(IF(D44="〇",1,0)*0.00000001)+(IF(D43="〇",1,0)*0.000000001) -> 0.1 | E40: =E41+0.1+(IF(E51="〇",1,0)*0.01)+(IF(E50="〇",1,0)*0.001)+(IF(E49="〇",1,0)*0.0001)+(IF(E48="〇",1,0)*0.00001)+(IF(E46="〇",1,0)*0.000001)+(IF(E45="〇",1,0)*0.0000001)+(IF(E44="〇",1,0)*0.00000001)+(IF(E43="〇",1,0)*0.000000001) -> 0.1 | F40: =F41+0.1+(IF(F51="〇",1,0)*0.01)+(IF(F50="〇",1,0)*0.001)+(IF(F49="〇",1,0)*0.0001)+(IF(F48="〇",1,0)*0.00001)+(IF(F46="〇",1,0)*0.000001)+(IF(F45="〇",1,0)*0.0000001)+(IF(F44="〇",1,0)*0.00000001)+(IF(F43="〇",1,0)*0.000000001) -> 0.1 | G40: =G41+0.1+(IF(G51="〇",1,0)*0.01)+(IF(G50="〇",1,0)*0.001)+(IF(G49="〇",1,0)*0.0001)+(IF(G48="〇",1,0)*0.00001)+(IF(G46="〇",1,0)*0.000001)+(IF(G45="〇",1,0)*0.0000001)+(IF(G44="〇",1,0)*0.00000001)+(IF(G43="〇",1,0)*0.000000001) -> 0.1 | H40: =H41+0.1+(IF(H51="〇",1,0)*0.01)+(IF(H50="〇",1,0)*0.001)+(IF(H49="〇",1,0)*0.0001)+(IF(H48="〇",1,0)*0.00001)+(IF(H46="〇",1,0)*0.000001)+(IF(H45="〇",1,0)*0.0000001)+(IF(H44="〇",1,0)*0.00000001)+(IF(H43="〇",1,0)*0.000000001) -> 0.1 | I40: =I41+0.1+(IF(I51="〇",1,0)*0.01)+(IF(I50="〇",1,0)*0.001)+(IF(I49="〇",1,0)*0.0001)+(IF(I48="〇",1,0)*0.00001)+(IF(I46="〇",1,0)*0.000001)+(IF(I45="〇",1,0)*0.0000001)+(IF(I44="〇",1,0)*0.00000001)+(IF(I43="〇",1,0)*0.000000001) -> 0.1 | J40: =J41+0.1+(IF(J51="〇",1,0)*0.01)+(IF(J50="〇",1,0)*0.001)+(IF(J49="〇",1,0)*0.0001)+(IF(J48="〇",1,0)*0.00001)+(IF(J46="〇",1,0)*0.000001)+(IF(J45="〇",1,0)*0.0000001)+(IF(J44="〇",1,0)*0.00000001)+(IF(J43="〇",1,0)*0.000000001) -> 0.1 | ... R40: =R41+0.1+(IF(R51="〇",1,0)*0.01)+(IF(R50="〇",1,0)*0.001)+(IF(R49="〇",1,0)*0.0001)+(IF(R48="〇",1,0)*0.00001)+(IF(R46="〇",1,0)*0.000001)+(IF(R45="〇",1,0)*0.0000001)+(IF(R44="〇",1,0)*0.00000001)+(IF(R43="〇",1,0)*0.000000001) -> 0.1 | S40: 個人順位用 | X40: =X41+0.1+(IF(X51="〇",1,0)*0.01)+(IF(X50="〇",1,0)*0.001)+(IF(X49="〇",1,0)*0.0001)+(IF(X48="〇",1,0)*0.00001)+(IF(X46="〇",1,0)*0.000001)+(IF(X45="〇",1,0)*0.0000001)+(IF(X44="〇",1,0)*0.00000001)+(IF(X43="〇",1,0)*0.000000001) -> 0.1 | Y40: =Y41+0.1+(IF(Y51="〇",1,0)*0.01)+(IF(Y50="〇",1,0)*0.001)+(IF(Y49="〇",1,0)*0.0001)+(IF(Y48="〇",1,0)*0.00001)+(IF(Y46="〇",1,0)*0.000001)+(IF(Y45="〇",1,0)*0.0000001)+(IF(Y44="〇",1,0)*0.00000001)+(IF(Y43="〇",1,0)*0.000000001) -> 0.1 | Z40: =Z41+0.1+(IF(Z51="〇",1,0)*0.01)+(IF(Z50="〇",1,0)*0.001)+(IF(Z49="〇",1,0)*0.0001)+(IF(Z48="〇",1,0)*0.00001)+(IF(Z46="〇",1,0)*0.000001)+(IF(Z45="〇",1,0)*0.0000001)+(IF(Z44="〇",1,0)*0.00000001)+(IF(Z43="〇",1,0)*0.000000001) -> 0.1 | AA40: =AA41+0.1+(IF(AA51="〇",1,0)*0.01)+(IF(AA50="〇",1,0)*0.001)+(IF(AA49="〇",1,0)*0.0001)+(IF(AA48="〇",1,0)*0.00001)+(IF(AA46="〇",1,0)*0.000001)+(IF(AA45="〇",1,0)*0.0000001)+(IF(AA44="〇",1,0)*0.00000001)+(IF(AA43="〇",1,0)*0.000000001) -> 0.1 | AB40: =AB41+0.1+(IF(AB51="〇",1,0)*0.01)+(IF(AB50="〇",1,0)*0.001)+(IF(AB49="〇",1,0)*0.0001)+(IF(AB48="〇",1,0)*0.00001)+(IF(AB46="〇",1,0)*0.000001)+(IF(AB45="〇",1,0)*0.0000001)+(IF(AB44="〇",1,0)*0.00000001)+(IF(AB43="〇",1,0)*0.000000001) -> 0.1 | AC40: =AC41+0.1+(IF(AC51="〇",1,0)*0.01)+(IF(AC50="〇",1,0)*0.001)+(IF(AC49="〇",1,0)*0.0001)+(IF(AC48="〇",1,0)*0.00001)+(IF(AC46="〇",1,0)*0.000001)+(IF(AC45="〇",1,0)*0.0000001)+(IF(AC44="〇",1,0)*0.00000001)+(IF(AC43="〇",1,0)*0.000000001) -> 0.1 | AD40: =AD41+0.1+(IF(AD51="〇",1,0)*0.01)+(IF(AD50="〇",1,0)*0.001)+(IF(AD49="〇",1,0)*0.0001)+(IF(AD48="〇",1,0)*0.00001)+(IF(AD46="〇",1,0)*0.000001)+(IF(AD45="〇",1,0)*0.0000001)+(IF(AD44="〇",1,0)*0.00000001)+(IF(AD43="〇",1,0)*0.000000001) -> 0.1 | AE40: =AE41+0.1+(IF(AE51="〇",1,0)*0.01)+(IF(AE50="〇",1,0)*0.001)+(IF(AE49="〇",1,0)*0.0001)+(IF(AE48="〇",1,0)*0.00001)+(IF(AE46="〇",1,0)*0.000001)+(IF(AE45="〇",1,0)*0.0000001)+(IF(AE44="〇",1,0)*0.00000001)+(IF(AE43="〇",1,0)*0.000000001) -> 0.1
B41: 個人合計 | C41: =C42+C47 -> 0 | D41: =D42+D47 -> 0 | E41: =E42+E47 -> 0 | F41: =F42+F47 -> 0 | G41: =G42+G47 -> 0 | H41: =H42+H47 -> 0 | I41: =I42+I47 -> 0 | J41: =J42+J47 -> 0 | ... R41: =R42+R47 -> 0 | S41: 個人合計 | X41: =X42+X47 -> 0 | Y41: =Y42+Y47 -> 0 | Z41: =Z42+Z47 -> 0 | AA41: =AA42+AA47 -> 0 | AB41: =AB42+AB47 -> 0 | AC41: =AC42+AC47 -> 0 | AD41: =AD42+AD47 -> 0 | AE41: =AE42+AE47 -> 0
B42: 2立目 合計 | C42: =COUNTIF(C43:C46,"〇") -> 0 | D42: =COUNTIF(D43:D46,"〇") -> 0 | E42: =COUNTIF(E43:E46,"〇") -> 0 | F42: =COUNTIF(F43:F46,"〇") -> 0 | G42: =COUNTIF(G43:G46,"〇") -> 0 | H42: =COUNTIF(H43:H46,"〇") -> 0 | I42: =COUNTIF(I43:I46,"〇") -> 0 | J42: =COUNTIF(J43:J46,"〇") -> 0 | ... R42: =COUNTIF(R43:R46,"〇") -> 0 | S42: 2立目 合計 | X42: =COUNTIF(X43:X46,"〇") -> 0 | Y42: =COUNTIF(Y43:Y46,"〇") -> 0 | Z42: =COUNTIF(Z43:Z46,"〇") -> 0 | AA42: =COUNTIF(AA43:AA46,"〇") -> 0 | AB42: =COUNTIF(AB43:AB46,"〇") -> 0 | AC42: =COUNTIF(AC43:AC46,"〇") -> 0 | AD42: =COUNTIF(AD43:AD46,"〇") -> 0 | AE42: =COUNTIF(AE43:AE46,"〇") -> 0
B43: 4射 | S43: 4射
B44: 3射 | S44: 3射
B45: 2射 | S45: 2射
B46: 1射 | S46: 1射
B47: 1立目 合計 | C47: =COUNTIF(C48:C51,"〇") -> 0 | D47: =COUNTIF(D48:D51,"〇") -> 0 | E47: =COUNTIF(E48:E51,"〇") -> 0 | F47: =COUNTIF(F48:F51,"〇") -> 0 | G47: =COUNTIF(G48:G51,"〇") -> 0 | H47: =COUNTIF(H48:H51,"〇") -> 0 | I47: =COUNTIF(I48:I51,"〇") -> 0 | J47: =COUNTIF(J48:J51,"〇") -> 0 | ... R47: =COUNTIF(R48:R51,"〇") -> 0 | S47: 1立目 合計 | X47: =COUNTIF(X48:X51,"〇") -> 0 | Y47: =COUNTIF(Y48:Y51,"〇") -> 0 | Z47: =COUNTIF(Z48:Z51,"〇") -> 0 | AA47: =COUNTIF(AA48:AA51,"〇") -> 0 | AB47: =COUNTIF(AB48:AB51,"〇") -> 0 | AC47: =COUNTIF(AC48:AC51,"〇") -> 0 | AD47: =COUNTIF(AD48:AD51,"〇") -> 0 | AE47: =COUNTIF(AE48:AE51,"〇") -> 0
B48: 4射 | S48: 4射
B49: 3射 | S49: 3射
B50: 2射 | S50: 2射
B51: 1射 | S51: 1射
B52: No. | C52: =IF(選手!M17<>"",選手!M17,"") -> 56 | D52: =IF(選手!M16<>"",選手!M16,"") -> 55 | E52: =IF(選手!M15<>"",選手!M15,"") -> 54 | F52: =IF(選手!M14<>"",選手!M14,"") -> 53 | G52: =IF(選手!M13<>"",選手!M13,"") -> 52 | H52: =IF(選手!M12<>"",選手!M12,"") -> 51 | I52: =IF(選手!M11<>"",選手!M11,"") -> 50 | J52: =IF(選手!M10<>"",選手!M10,"") -> 49 | K52: =IF(選手!M9<>"",選手!M9,"") -> 48 | L52: =IF(選手!M8<>"",選手!M8,"") -> 47 | M52: =IF(選手!M7<>"",選手!M7,"") -> 46 | N52: =IF(選手!M6<>"",選手!M6,"") -> 45 | O52: =IF(選手!M5<>"",選手!M5,"") -> 44 | P52: =IF(選手!M4<>"",選手!M4,"") -> 43 | Q52: =IF(選手!M3<>"",選手!M3,"") -> 42 | R52: =IF(選手!M2<>"",選手!M2,"") -> 41 | S52: No. | X52: =IF(選手!R9<>"",選手!R9,"") | Y52: =IF(選手!R8<>"",選手!R8,"") | Z52: =IF(選手!R7<>"",選手!R7,"") | AA52: =IF(選手!R6<>"",選手!R6,"") | AB52: =IF(選手!R5<>"",選手!R5,"") | AC52: =IF(選手!R4<>"",選手!R4,"") | AD52: =IF(選手!R3<>"",選手!R3,"") | AE52: =IF(選手!R2<>"",選手!R2,"")
B53: 性別 | C53: =IF(選手!O17<>"",選手!O17,"") -> 女 | D53: =IF(選手!O16<>"",選手!O16,"") -> 女 | E53: =IF(選手!O15<>"",選手!O15,"") -> 女 | F53: =IF(選手!O14<>"",選手!O14,"") -> 女 | G53: =IF(選手!O13<>"",選手!O13,"") -> 男 | H53: =IF(選手!O12<>"",選手!O12,"") -> 男 | I53: =IF(選手!O11<>"",選手!O11,"") -> 男 | J53: =IF(選手!O10<>"",選手!O10,"") -> 男 | K53: =IF(選手!O9<>"",選手!O9,"") -> 女 | L53: =IF(選手!O8<>"",選手!O8,"") -> 女 | M53: =IF(選手!O7<>"",選手!O7,"") -> 女 | N53: =IF(選手!O6<>"",選手!O6,"") -> 女 | O53: =IF(選手!O5<>"",選手!O5,"") -> 男 | P53: =IF(選手!O4<>"",選手!O4,"") -> 男 | Q53: =IF(選手!O3<>"",選手!O3,"") -> 男 | R53: =IF(選手!O2<>"",選手!O2,"") -> 男 | S53: 性別 | X53: =IF(選手!T9<>"",選手!T9,"") | Y53: =IF(選手!T8<>"",選手!T8,"") | Z53: =IF(選手!T7<>"",選手!T7,"") | AA53: =IF(選手!T6<>"",選手!T6,"") | AB53: =IF(選手!T5<>"",選手!T5,"") | AC53: =IF(選手!T4<>"",選手!T4,"") | AD53: =IF(選手!T3<>"",選手!T3,"") | AE53: =IF(選手!T2<>"",選手!T2,"")
B54: 氏 名 | C54: =IF(選手!N17<>"",選手!N17,"") -> 堀井 恵美子 | D54: =IF(選手!N16<>"",選手!N16,"") -> 樋田 良子 | E54: =IF(選手!N15<>"",選手!N15,"") -> 青松 未記 | F54: =IF(選手!N14<>"",選手!N14,"") -> 安藤 雅子 | G54: =IF(選手!N13<>"",選手!N13,"") -> 園田 敏雄 | H54: =IF(選手!N12<>"",選手!N12,"") -> 近藤 治 | I54: =IF(選手!N11<>"",選手!N11,"") -> 堀 隆教 | J54: =IF(選手!N10<>"",選手!N10,"") -> 榊原 隆一 | K54: =IF(選手!N9<>"",選手!N9,"") -> 野々垣 奈緒子 | L54: =IF(選手!N8<>"",選手!N8,"") -> 水野 三穂 | M54: =IF(選手!N7<>"",選手!N7,"") -> 澤田 圭子 | N54: =IF(選手!N6<>"",選手!N6,"") -> 山越 一江 | O54: =IF(選手!N5<>"",選手!N5,"") -> 松井 忠志 | P54: =IF(選手!N4<>"",選手!N4,"") -> 芝田 典久 | Q54: =IF(選手!N3<>"",選手!N3,"") -> 葛西 裕文 | R54: =IF(選手!N2<>"",選手!N2,"") -> 柳原 啓宏 | S54: 氏 名 | X54: =IF(選手!S9<>"",選手!S9,"") | Y54: =IF(選手!S8<>"",選手!S8,"") | Z54: =IF(選手!S7<>"",選手!S7,"") | AA54: =IF(選手!S6<>"",選手!S6,"") | AB54: =IF(選手!S5<>"",選手!S5,"") | AC54: =IF(選手!S4<>"",選手!S4,"") | AD54: =IF(選手!S3<>"",選手!S3,"") | AE54: =IF(選手!S2<>"",選手!S2,"")

Sheet 成績　団体
C2: チーム順位表：総合 | J2: チーム順位表：男子 | O2: チーム順位表：女子 | T2: チーム成績
C3: 順位 | D3: チーム名 | E3: 総本数 | F3: 男女 | G3: 列2 | H3: 列3 | J3: 順位 | K3: チーム名 | L3: 総本数 | M3: 列1 | O3: 順位 | P3: チーム名 | Q3: 総本数 | R3: 列1 | T3: チーム名 | U3: 男女区別 | V3: 並び順位 | W3: 表示順位 | X3: 総本数 | Y3: 大前 | Z3: ２的 | AA3: ３的 | AB3: 落ち | AC3: 順位計算
B4: =SMALL(V4:V19, 1) -> 1 | C4: =SMALL(W4:W19, 1) -> 1 | D4: =INDEX(T:T,MATCH(B4,V:V,0)) -> 瀬戸A | E4: =IF(D4="","",INDEX(X:X,MATCH(D4,T:T,0))) -> 0 | F4: =IF(D4="","",INDEX(U:U,MATCH(D4,T:T,0))) -> 男 | G4: =IF($F4="男",ROW(),"") -> 4 | H4: =IF($F4="女",ROW(),"") | J4: =IF(K4="","",_xlfn.RANK.EQ(M4,M4:M19)) -> 1 | K4: =IF(COUNT(G:G)<ROW(A1),"",INDEX(D:D,SMALL(G:G,ROW(A1)))) -> 瀬戸A | L4: =IF(K4="","",INDEX(E:E,MATCH(K4,D:D,0))) -> 0 | M4: =IF(K4="","",INDEX(AC:AC,MATCH(K4,T:T,0))) -> 0 | O4: =IF(P4="","",_xlfn.RANK.EQ(R4,R4:R19)) -> 1 | P4: =IF(COUNT(H:H)<ROW(A1),"",INDEX(D:D,SMALL(H:H,ROW(A1)))) -> 尾張旭B | Q4: =IF(P4="","",INDEX(E:E,MATCH(P4,D:D,0))) -> 0 | R4: =IF(P4="","",INDEX(AC:AC,MATCH(P4,T:T,0))) -> 0 | T4: =IF(選手!B2="","",選手!B2) -> 瀬戸A | U4: =IF(COUNTIF(選手!E2:E5,"男")>0,"男","女") -> 男 | V4: =W4 -> 1 | W4: =_xlfn.RANK.EQ(AC4,AC4:AC19) -> 1 | X4: =SUM(Y4:AB4) -> 0 | Y4: =記録!V5 -> 0 | Z4: =記録!U5 -> 0 | AA4: =記録!T5 -> 0 | AB4: =記録!S5 -> 0 | AC4: =X4+Y4*0.1+Z4*0.01+AA4*0.001+AB4*0.0001 -> 0
B5: =SMALL(V4:V19, 2) -> 2 | C5: =SMALL(W4:W19, 2) -> 1 | D5: =INDEX(T:T,MATCH(B5,V:V,0)) -> 瀬戸B | E5: =IF(D5="","",INDEX(X:X,MATCH(D5,T:T,0))) -> 0 | F5: =IF(D5="","",INDEX(U:U,MATCH(D5,T:T,0))) -> 男 | G5: =IF($F5="男",ROW(),"") -> 5 | H5: =IF($F5="女",ROW(),"") | J5: =IF(K5="","",_xlfn.RANK.EQ(M5,M4:M19)) -> 1 | K5: =IF(COUNT(G:G)<ROW(A2),"",INDEX(D:D,SMALL(G:G,ROW(A2)))) -> 瀬戸B | L5: =IF(K5="","",INDEX(E:E,MATCH(K5,D:D,0))) -> 0 | M5: =IF(K5="","",INDEX(AC:AC,MATCH(K5,T:T,0))) -> 0 | O5: =IF(P5="","",_xlfn.RANK.EQ(R5,R4:R19)) -> 1 | P5: =IF(COUNT(H:H)<ROW(A2),"",INDEX(D:D,SMALL(H:H,ROW(A2)))) -> 日進B | Q5: =IF(P5="","",INDEX(E:E,MATCH(P5,D:D,0))) -> 0 | R5: =IF(P5="","",INDEX(AC:AC,MATCH(P5,T:T,0))) -> 0 | T5: =IF(選手!B6="","",選手!B6) -> 瀬戸B | U5: =IF(COUNTIF(選手!E6:E9,"男")>0,"男","女") -> 男 | V5: =W5+COUNTIF(W4:W5,W5)-1 -> 2 | W5: =_xlfn.RANK.EQ(AC5,AC4:AC19) -> 1 | X5: =SUM(Y5:AB5) -> 0 | Y5: =記録!R5 -> 0 | Z5: =記録!Q5 -> 0 | AA5: =記録!P5 -> 0 | AB5: =記録!O5 -> 0 | AC5: =X5+Y5*0.1+Z5*0.01+AA5*0.001+AB5*0.0001 -> 0
B6: =SMALL(V4:V19, 3) -> 3 | C6: =SMALL(W4:W19, 3) -> 1 | D6: =INDEX(T:T,MATCH(B6,V:V,0)) -> 西春日井A | E6: =IF(D6="","",INDEX(X:X,MATCH(D6,T:T,0))) -> 0 | F6: =IF(D6="","",INDEX(U:U,MATCH(D6,T:T,0))) -> 男 | G6: =IF($F6="男",ROW(),"") -> 6 | H6: =IF($F6="女",ROW(),"") | J6: =IF(K6="","",_xlfn.RANK.EQ(M6,M4:M19)) -> 1 | K6: =IF(COUNT(G:G)<ROW(A3),"",INDEX(D:D,SMALL(G:G,ROW(A3)))) -> 西春日井A | L6: =IF(K6="","",INDEX(E:E,MATCH(K6,D:D,0))) -> 0 | M6: =IF(K6="","",INDEX(AC:AC,MATCH(K6,T:T,0))) -> 0 | O6: =IF(P6="","",_xlfn.RANK.EQ(R6,R4:R19)) -> 1 | P6: =IF(COUNT(H:H)<ROW(A3),"",INDEX(D:D,SMALL(H:H,ROW(A3)))) -> 春日井B | Q6: =IF(P6="","",INDEX(E:E,MATCH(P6,D:D,0))) -> 0 | R6: =IF(P6="","",INDEX(AC:AC,MATCH(P6,T:T,0))) -> 0 | T6: =IF(選手!B10="","",選手!B10) -> 西春日井A | U6: =IF(COUNTIF(選手!E10:E13,"男")>0,"男","女") -> 男 | V6: =W6+COUNTIF(W4:W6,W6)-1 -> 3 | W6: =_xlfn.RANK.EQ(AC6,AC4:AC19) -> 1 | X6: =SUM(Y6:AB6) -> 0 | Y6: =記録!N5 -> 0 | Z6: =記録!M5 -> 0 | AA6: =記録!L5 -> 0 | AB6: =記録!K5 -> 0 | AC6: =X6+Y6*0.1+Z6*0.01+AA6*0.001+AB6*0.0001 -> 0
B7: =SMALL(V4:V19, 4) -> 4 | C7: =SMALL(W4:W19, 4) -> 1 | D7: =INDEX(T:T,MATCH(B7,V:V,0)) -> 西春日井B | E7: =IF(D7="","",INDEX(X:X,MATCH(D7,T:T,0))) -> 0 | F7: =IF(D7="","",INDEX(U:U,MATCH(D7,T:T,0))) -> 男 | G7: =IF($F7="男",ROW(),"") -> 7 | H7: =IF($F7="女",ROW(),"") | J7: =IF(K7="","",_xlfn.RANK.EQ(M7,M4:M19)) -> 1 | K7: =IF(COUNT(G:G)<ROW(A4),"",INDEX(D:D,SMALL(G:G,ROW(A4)))) -> 西春日井B | L7: =IF(K7="","",INDEX(E:E,MATCH(K7,D:D,0))) -> 0 | M7: =IF(K7="","",INDEX(AC:AC,MATCH(K7,T:T,0))) -> 0 | O7: =IF(P7="","",_xlfn.RANK.EQ(R7,R4:R19)) -> 1 | P7: =IF(COUNT(H:H)<ROW(A4),"",INDEX(D:D,SMALL(H:H,ROW(A4)))) -> 長久手B | Q7: =IF(P7="","",INDEX(E:E,MATCH(P7,D:D,0))) -> 0 | R7: =IF(P7="","",INDEX(AC:AC,MATCH(P7,T:T,0))) -> 0 | T7: =IF(選手!B14="","",選手!B14) -> 西春日井B | U7: =IF(COUNTIF(選手!E14:E17,"男")>0,"男","女") -> 男 | V7: =W7+COUNTIF(W4:W7,W7)-1 -> 4 | W7: =_xlfn.RANK.EQ(AC7,AC4:AC19) -> 1 | X7: =SUM(Y7:AB7) -> 0 | Y7: =記録!J5 -> 0 | Z7: =記録!I5 -> 0 | AA7: =記録!H5 -> 0 | AB7: =記録!G5 -> 0 | AC7: =X7+Y7*0.1+Z7*0.01+AA7*0.001+AB7*0.0001 -> 0
B8: =SMALL(V4:V19, 5) -> 5 | C8: =SMALL(W4:W19, 5) -> 1 | D8: =INDEX(T:T,MATCH(B8,V:V,0)) -> 春日井A | E8: =IF(D8="","",INDEX(X:X,MATCH(D8,T:T,0))) -> 0 | F8: =IF(D8="","",INDEX(U:U,MATCH(D8,T:T,0))) -> 男 | G8: =IF($F8="男",ROW(),"") -> 8 | H8: =IF($F8="女",ROW(),"") | J8: =IF(K8="","",_xlfn.RANK.EQ(M8,M4:M19)) -> 1 | K8: =IF(COUNT(G:G)<ROW(A5),"",INDEX(D:D,SMALL(G:G,ROW(A5)))) -> 春日井A | L8: =IF(K8="","",INDEX(E:E,MATCH(K8,D:D,0))) -> 0 | M8: =IF(K8="","",INDEX(AC:AC,MATCH(K8,T:T,0))) -> 0 | O8: =IF(P8="","",_xlfn.RANK.EQ(R8,R4:R19)) -> 1 | P8: =IF(COUNT(H:H)<ROW(A5),"",INDEX(D:D,SMALL(H:H,ROW(A5)))) -> 豊明B | Q8: =IF(P8="","",INDEX(E:E,MATCH(P8,D:D,0))) -> 0 | R8: =IF(P8="","",INDEX(AC:AC,MATCH(P8,T:T,0))) -> 0 | T8: =IF(選手!B1="","",選手!B18) -> 春日井A | U8: =IF(COUNTIF(選手!E18:E21,"男")>0,"男","女") -> 男 | V8: =W8+COUNTIF(W4:W8,W8)-1 -> 5 | W8: =_xlfn.RANK.EQ(AC8,AC4:AC19) -> 1 | X8: =SUM(Y8:AB8) -> 0 | Y8: =記録!F5 -> 0 | Z8: =記録!E5 -> 0 | AA8: =記録!D5 -> 0 | AB8: =記録!C5 -> 0 | AC8: =X8+Y8*0.1+Z8*0.01+AA8*0.001+AB8*0.0001 -> 0
B9: =SMALL(V4:V19, 6) -> 6 | C9: =SMALL(W4:W19, 6) -> 1 | D9: =INDEX(T:T,MATCH(B9,V:V,0)) -> 尾張旭A | E9: =IF(D9="","",INDEX(X:X,MATCH(D9,T:T,0))) -> 0 | F9: =IF(D9="","",INDEX(U:U,MATCH(D9,T:T,0))) -> 男 | G9: =IF($F9="男",ROW(),"") -> 9 | H9: =IF($F9="女",ROW(),"") | J9: =IF(K9="","",_xlfn.RANK.EQ(M9,M4:M19)) -> 1 | K9: =IF(COUNT(G:G)<ROW(A6),"",INDEX(D:D,SMALL(G:G,ROW(A6)))) -> 尾張旭A | L9: =IF(K9="","",INDEX(E:E,MATCH(K9,D:D,0))) -> 0 | M9: =IF(K9="","",INDEX(AC:AC,MATCH(K9,T:T,0))) -> 0 | O9: =IF(P9="","",_xlfn.RANK.EQ(R9,R4:R19)) | P9: =IF(COUNT(H:H)<ROW(A6),"",INDEX(D:D,SMALL(H:H,ROW(A6)))) | Q9: =IF(P9="","",INDEX(E:E,MATCH(P9,D:D,0))) | R9: =IF(P9="","",INDEX(AC:AC,MATCH(P9,T:T,0))) | T9: =IF(選手!G2="","",選手!G2) -> 尾張旭A | U9: =IF(COUNTIF(選手!J2:J5,"男")>0,"男","女") -> 男 | V9: =W9+COUNTIF(W4:W9,W9)-1 -> 6 | W9: =_xlfn.RANK.EQ(AC9,AC4:AC19) -> 1 | X9: =SUM(Y9:AB9) -> 0 | Y9: =記録!V23 -> 0 | Z9: =記録!U23 -> 0 | AA9: =記録!T23 -> 0 | AB9: =記録!S23 -> 0 | AC9: =X9+Y9*0.1+Z9*0.01+AA9*0.001+AB9*0.0001 -> 0
B10: =SMALL(V4:V19, 7) -> 7 | C10: =SMALL(W4:W19, 7) -> 1 | D10: =INDEX(T:T,MATCH(B10,V:V,0)) -> 尾張旭B | E10: =IF(D10="","",INDEX(X:X,MATCH(D10,T:T,0))) -> 0 | F10: =IF(D10="","",INDEX(U:U,MATCH(D10,T:T,0))) -> 女 | G10: =IF($F10="男",ROW(),"") | H10: =IF($F10="女",ROW(),"") -> 10 | J10: =IF(K10="","",_xlfn.RANK.EQ(M10,M4:M19)) -> 1 | K10: =IF(COUNT(G:G)<ROW(A7),"",INDEX(D:D,SMALL(G:G,ROW(A7)))) -> 日進A | L10: =IF(K10="","",INDEX(E:E,MATCH(K10,D:D,0))) -> 0 | M10: =IF(K10="","",INDEX(AC:AC,MATCH(K10,T:T,0))) -> 0 | O10: =IF(P10="","",_xlfn.RANK.EQ(R10,R4:R19)) | P10: =IF(COUNT(H:H)<ROW(A7),"",INDEX(D:D,SMALL(H:H,ROW(A7)))) | Q10: =IF(P10="","",INDEX(E:E,MATCH(P10,D:D,0))) | R10: =IF(P10="","",INDEX(AC:AC,MATCH(P10,T:T,0))) | T10: =IF(選手!G6="","",選手!G6) -> 尾張旭B | U10: =IF(COUNTIF(選手!J6:J9,"男")>0,"男","女") -> 女 | V10: =W10+COUNTIF(W4:W10,W10)-1 -> 7 | W10: =_xlfn.RANK.EQ(AC10,AC4:AC19) -> 1 | X10: =SUM(Y10:AB10) -> 0 | Y10: =記録!R23 -> 0 | Z10: =記録!Q23 -> 0 | AA10: =記録!P23 -> 0 | AB10: =記録!O23 -> 0 | AC10: =X10+Y10*0.1+Z10*0.01+AA10*0.001+AB10*0.0001 -> 0
B11: =SMALL(V4:V19, 8) -> 8 | C11: =SMALL(W4:W19, 8) -> 1 | D11: =INDEX(T:T,MATCH(B11,V:V,0)) -> 日進A | E11: =IF(D11="","",INDEX(X:X,MATCH(D11,T:T,0))) -> 0 | F11: =IF(D11="","",INDEX(U:U,MATCH(D11,T:T,0))) -> 男 | G11: =IF($F11="男",ROW(),"") -> 11 | H11: =IF($F11="女",ROW(),"") | J11: =IF(K11="","",_xlfn.RANK.EQ(M11,M4:M19)) -> 1 | K11: =IF(COUNT(G:G)<ROW(A8),"",INDEX(D:D,SMALL(G:G,ROW(A8)))) -> 長久手A | L11: =IF(K11="","",INDEX(E:E,MATCH(K11,D:D,0))) -> 0 | M11: =IF(K11="","",INDEX(AC:AC,MATCH(K11,T:T,0))) -> 0 | O11: =IF(P11="","",_xlfn.RANK.EQ(R11,R4:R19)) | P11: =IF(COUNT(H:H)<ROW(A8),"",INDEX(D:D,SMALL(H:H,ROW(A8)))) | Q11: =IF(P11="","",INDEX(E:E,MATCH(P11,D:D,0))) | R11: =IF(P11="","",INDEX(AC:AC,MATCH(P11,T:T,0))) | T11: =IF(選手!G10="","",選手!G10) -> 日進A | U11: =IF(COUNTIF(選手!J10:J13,"男")>0,"男","女") -> 男 | V11: =W11+COUNTIF(W4:W11,W11)-1 -> 8 | W11: =_xlfn.RANK.EQ(AC11,AC4:AC19) -> 1 | X11: =SUM(Y11:AB11) -> 0 | Y11: =記録!N23 -> 0 | Z11: =記録!M23 -> 0 | AA11: =記録!L23 -> 0 | AB11: =記録!K23 -> 0 | AC11: =X11+Y11*0.1+Z11*0.01+AA11*0.001+AB11*0.0001 -> 0
B12: =SMALL(V4:V19, 9) -> 9 | C12: =SMALL(W4:W19, 9) -> 1 | D12: =INDEX(T:T,MATCH(B12,V:V,0)) -> 日進B | E12: =IF(D12="","",INDEX(X:X,MATCH(D12,T:T,0))) -> 0 | F12: =IF(D12="","",INDEX(U:U,MATCH(D12,T:T,0))) -> 女 | G12: =IF($F12="男",ROW(),"") | H12: =IF($F12="女",ROW(),"") -> 12 | J12: =IF(K12="","",_xlfn.RANK.EQ(M12,M4:M19)) -> 1 | K12: =IF(COUNT(G:G)<ROW(A9),"",INDEX(D:D,SMALL(G:G,ROW(A9)))) -> 豊明A | L12: =IF(K12="","",INDEX(E:E,MATCH(K12,D:D,0))) -> 0 | M12: =IF(K12="","",INDEX(AC:AC,MATCH(K12,T:T,0))) -> 0 | O12: =IF(P12="","",_xlfn.RANK.EQ(R12,R4:R19)) | P12: =IF(COUNT(H:H)<ROW(A9),"",INDEX(D:D,SMALL(H:H,ROW(A9)))) | Q12: =IF(P12="","",INDEX(E:E,MATCH(P12,D:D,0))) | R12: =IF(P12="","",INDEX(AC:AC,MATCH(P12,T:T,0))) | T12: =IF(選手!G14="","",選手!G14) -> 日進B | U12: =IF(COUNTIF(選手!J14:J17,"男")>0,"男","女") -> 女 | V12: =W12+COUNTIF(W4:W12,W12)-1 -> 9 | W12: =_xlfn.RANK.EQ(AC12,AC4:AC19) -> 1 | X12: =SUM(Y12:AB12) -> 0 | Y12: =記録!J23 -> 0 | Z12: =記録!I23 -> 0 | AA12: =記録!H23 -> 0 | AB12: =記録!G23 -> 0 | AC12: =X12+Y12*0.1+Z12*0.01+AA12*0.001+AB12*0.0001 -> 0
B13: =SMALL(V4:V19, 10) -> 10 | C13: =SMALL(W4:W19, 10) -> 1 | D13: =INDEX(T:T,MATCH(B13,V:V,0)) -> 春日井B | E13: =IF(D13="","",INDEX(X:X,MATCH(D13,T:T,0))) -> 0 | F13: =IF(D13="","",INDEX(U:U,MATCH(D13,T:T,0))) -> 女 | G13: =IF($F13="男",ROW(),"") | H13: =IF($F13="女",ROW(),"") -> 13 | J13: =IF(K13="","",_xlfn.RANK.EQ(M13,M4:M19)) | K13: =IF(COUNT(G:G)<ROW(A10),"",INDEX(D:D,SMALL(G:G,ROW(A10)))) | L13: =IF(K13="","",INDEX(E:E,MATCH(K13,D:D,0))) | M13: =IF(K13="","",INDEX(AC:AC,MATCH(K13,T:T,0))) | O13: =IF(P13="","",_xlfn.RANK.EQ(R13,R4:R19)) | P13: =IF(COUNT(H:H)<ROW(A10),"",INDEX(D:D,SMALL(H:H,ROW(A10)))) | Q13: =IF(P13="","",INDEX(E:E,MATCH(P13,D:D,0))) | R13: =IF(P13="","",INDEX(AC:AC,MATCH(P13,T:T,0))) | T13: =IF(選手!G18="","",選手!G18) -> 春日井B | U13: =IF(COUNTIF(選手!J18:J21,"男")>0,"男","女") -> 女 | V13: =W13+COUNTIF(W4:W13,W13)-1 -> 10 | W13: =_xlfn.RANK.EQ(AC13,AC4:AC19) -> 1 | X13: =SUM(Y13:AB13) -> 0 | Y13: =記録!F23 -> 0 | Z13: =記録!E23 -> 0 | AA13: =記録!D23 -> 0 | AB13: =記録!C23 -> 0 | AC13: =X13+Y13*0.1+Z13*0.01+AA13*0.001+AB13*0.0001 -> 0
B14: =SMALL(V4:V19, 11) -> 11 | C14: =SMALL(W4:W19, 11) -> 1 | D14: =INDEX(T:T,MATCH(B14,V:V,0)) -> 長久手A | E14: =IF(D14="","",INDEX(X:X,MATCH(D14,T:T,0))) -> 0 | F14: =IF(D14="","",INDEX(U:U,MATCH(D14,T:T,0))) -> 男 | G14: =IF($F14="男",ROW(),"") -> 14 | H14: =IF($F14="女",ROW(),"") | J14: =IF(K14="","",_xlfn.RANK.EQ(M14,M4:M19)) | K14: =IF(COUNT(G:G)<ROW(A11),"",INDEX(D:D,SMALL(G:G,ROW(A11)))) | L14: =IF(K14="","",INDEX(E:E,MATCH(K14,D:D,0))) | M14: =IF(K14="","",INDEX(AC:AC,MATCH(K14,T:T,0))) | O14: =IF(P14="","",_xlfn.RANK.EQ(R14,R4:R19)) | P14: =IF(COUNT(H:H)<ROW(A11),"",INDEX(D:D,SMALL(H:H,ROW(A11)))) | Q14: =IF(P14="","",INDEX(E:E,MATCH(P14,D:D,0))) | R14: =IF(P14="","",INDEX(AC:AC,MATCH(P14,T:T,0))) | T14: =IF(選手!L2="","",選手!L2) -> 長久手A | U14: =IF(COUNTIF(選手!O2:O5,"男")>0,"男","女") -> 男 | V14: =W14+COUNTIF(W4:W14,W14)-1 -> 11 | W14: =_xlfn.RANK.EQ(AC14,AC4:AC19) -> 1 | X14: =SUM(Y14:AB14) -> 0 | Y14: =記録!R41 -> 0 | Z14: =記録!Q41 -> 0 | AA14: =記録!P41 -> 0 | AB14: =記録!O41 -> 0 | AC14: =X14+Y14*0.1+Z14*0.01+AA14*0.001+AB14*0.0001 -> 0
B15: =SMALL(V4:V19, 12) -> 12 | C15: =SMALL(W4:W19, 12) -> 1 | D15: =INDEX(T:T,MATCH(B15,V:V,0)) -> 長久手B | E15: =IF(D15="","",INDEX(X:X,MATCH(D15,T:T,0))) -> 0 | F15: =IF(D15="","",INDEX(U:U,MATCH(D15,T:T,0))) -> 女 | G15: =IF($F15="男",ROW(),"") | H15: =IF($F15="女",ROW(),"") -> 15 | J15: =IF(K15="","",_xlfn.RANK.EQ(M15,M4:M19)) | K15: =IF(COUNT(G:G)<ROW(A12),"",INDEX(D:D,SMALL(G:G,ROW(A12)))) | L15: =IF(K15="","",INDEX(E:E,MATCH(K15,D:D,0))) | M15: =IF(K15="","",INDEX(AC:AC,MATCH(K15,T:T,0))) | O15: =IF(P15="","",_xlfn.RANK.EQ(R15,R4:R19)) | P15: =IF(COUNT(H:H)<ROW(A12),"",INDEX(D:D,SMALL(H:H,ROW(A12)))) | Q15: =IF(P15="","",INDEX(E:E,MATCH(P15,D:D,0))) | R15: =IF(P15="","",INDEX(AC:AC,MATCH(P15,T:T,0))) | T15: =IF(選手!L6="","",選手!L6) -> 長久手B | U15: =IF(COUNTIF(選手!O6:O9,"男")>0,"男","女") -> 女 | V15: =W15+COUNTIF(W4:W15,W15)-1 -> 12 | W15: =_xlfn.RANK.EQ(AC15,AC4:AC19) -> 1 | X15: =SUM(Y15:AB15) -> 0 | Y15: =記録!N41 -> 0 | Z15: =記録!M41 -> 0 | AA15: =記録!L41 -> 0 | AB15: =記録!K41 -> 0 | AC15: =X15+Y15*0.1+Z15*0.01+AA15*0.001+AB15*0.0001 -> 0
B16: =SMALL(V4:V19, 13) -> 13 | C16: =SMALL(W4:W19, 13) -> 1 | D16: =INDEX(T:T,MATCH(B16,V:V,0)) -> 豊明A | E16: =IF(D16="","",INDEX(X:X,MATCH(D16,T:T,0))) -> 0 | F16: =IF(D16="","",INDEX(U:U,MATCH(D16,T:T,0))) -> 男 | G16: =IF($F16="男",ROW(),"") -> 16 | H16: =IF($F16="女",ROW(),"") | J16: =IF(K16="","",_xlfn.RANK.EQ(M16,M4:M19)) | K16: =IF(COUNT(G:G)<ROW(A13),"",INDEX(D:D,SMALL(G:G,ROW(A13)))) | L16: =IF(K16="","",INDEX(E:E,MATCH(K16,D:D,0))) | M16: =IF(K16="","",INDEX(AC:AC,MATCH(K16,T:T,0))) | O16: =IF(P16="","",_xlfn.RANK.EQ(R16,R4:R19)) | P16: =IF(COUNT(H:H)<ROW(A13),"",INDEX(D:D,SMALL(H:H,ROW(A13)))) | Q16: =IF(P16="","",INDEX(E:E,MATCH(P16,D:D,0))) | R16: =IF(P16="","",INDEX(AC:AC,MATCH(P16,T:T,0))) | T16: =IF(選手!L10="","",選手!L10) -> 豊明A | U16: =IF(COUNTIF(選手!O10:O13,"男")>0,"男","女") -> 男 | V16: =W16+COUNTIF(W4:W16,W16)-1 -> 13 | W16: =_xlfn.RANK.EQ(AC16,AC4:AC19) -> 1 | X16: =SUM(Y16:AB16) -> 0 | Y16: =記録!J41 -> 0 | Z16: =記録!I41 -> 0 | AA16: =記録!H41 -> 0 | AB16: =記録!G41 -> 0 | AC16: =X16+Y16*0.1+Z16*0.01+AA16*0.001+AB16*0.0001 -> 0
B17: =SMALL(V4:V19, 14) -> 14 | C17: =SMALL(W4:W19, 14) -> 1 | D17: =INDEX(T:T,MATCH(B17,V:V,0)) -> 豊明B | E17: =IF(D17="","",INDEX(X:X,MATCH(D17,T:T,0))) -> 0 | F17: =IF(D17="","",INDEX(U:U,MATCH(D17,T:T,0))) -> 女 | G17: =IF($F17="男",ROW(),"") | H17: =IF($F17="女",ROW(),"") -> 17 | J17: =IF(K17="","",_xlfn.RANK.EQ(M17,M4:M19)) | K17: =IF(COUNT(G:G)<ROW(A14),"",INDEX(D:D,SMALL(G:G,ROW(A14)))) | L17: =IF(K17="","",INDEX(E:E,MATCH(K17,D:D,0))) | M17: =IF(K17="","",INDEX(AC:AC,MATCH(K17,T:T,0))) | O17: =IF(P17="","",_xlfn.RANK.EQ(R17,R4:R19)) | P17: =IF(COUNT(H:H)<ROW(A14),"",INDEX(D:D,SMALL(H:H,ROW(A14)))) | Q17: =IF(P17="","",INDEX(E:E,MATCH(P17,D:D,0))) | R17: =IF(P17="","",INDEX(AC:AC,MATCH(P17,T:T,0))) | T17: =IF(選手!L14="","",選手!L14) -> 豊明B | U17: =IF(COUNTIF(選手!O14:O17,"男")>0,"男","女") -> 女 | V17: =W17+COUNTIF(W4:W17,W17)-1 -> 14 | W17: =_xlfn.RANK.EQ(AC17,AC4:AC19) -> 1 | X17: =SUM(Y17:AB17) -> 0 | Y17: =記録!F41 -> 0 | Z17: =記録!E41 -> 0 | AA17: =記録!D41 -> 0 | AB17: =記録!C41 -> 0 | AC17: =X17+Y17*0.1+Z17*0.01+AA17*0.001+AB17*0.0001 -> 0
B18: =SMALL(V4:V19, 15) -> 15 | C18: =SMALL(W4:W19, 15) -> 1 | D18: =INDEX(T:T,MATCH(B18,V:V,0)) | E18: =IF(D18="","",INDEX(X:X,MATCH(D18,T:T,0))) | F18: =IF(D18="","",INDEX(U:U,MATCH(D18,T:T,0))) | G18: =IF($F18="男",ROW(),"") | H18: =IF($F18="女",ROW(),"") | J18: =IF(K18="","",_xlfn.RANK.EQ(M18,M4:M19)) | K18: =IF(COUNT(G:G)<ROW(A15),"",INDEX(D:D,SMALL(G:G,ROW(A15)))) | L18: =IF(K18="","",INDEX(E:E,MATCH(K18,D:D,0))) | M18: =IF(K18="","",INDEX(AC:AC,MATCH(K18,T:T,0))) | O18: =IF(P18="","",_xlfn.RANK.EQ(R18,R4:R19)) | P18: =IF(COUNT(H:H)<ROW(A15),"",INDEX(D:D,SMALL(H:H,ROW(A15)))) | Q18: =IF(P18="","",INDEX(E:E,MATCH(P18,D:D,0))) | R18: =IF(P18="","",INDEX(AC:AC,MATCH(P18,T:T,0))) | T18: =IF(選手!Q2="","",選手!Q2) | V18: =W18+COUNTIF(W4:W18,W18)-1 -> 15 | W18: =_xlfn.RANK.EQ(AC18,AC4:AC19) -> 1 | X18: =SUM(Y18:AB18) -> 0 | Y18: =記録!AE41 -> 0 | Z18: =記録!AD41 -> 0 | AA18: =記録!AC41 -> 0 | AB18: =記録!AB41 -> 0 | AC18: =X18+Y18*0.1+Z18*0.01+AA18*0.001+AB18*0.0001 -> 0
B19: =SMALL(V4:V19, 16) -> 16 | C19: =SMALL(W4:W19, 16) -> 1 | D19: =INDEX(T:T,MATCH(B19,V:V,0)) | E19: =IF(D19="","",INDEX(X:X,MATCH(D19,T:T,0))) | F19: =IF(D19="","",INDEX(U:U,MATCH(D19,T:T,0))) | G19: =IF($F19="男",ROW(),"") | H19: =IF($F19="女",ROW(),"") | J19: =IF(K19="","",_xlfn.RANK.EQ(M19,M4:M19)) | K19: =IF(COUNT(G:G)<ROW(A16),"",INDEX(D:D,SMALL(G:G,ROW(A16)))) | L19: =IF(K19="","",INDEX(E:E,MATCH(K19,D:D,0))) | M19: =IF(K19="","",INDEX(AC:AC,MATCH(K19,T:T,0))) | O19: =IF(P19="","",_xlfn.RANK.EQ(R19,R4:R19)) | P19: =IF(COUNT(H:H)<ROW(A16),"",INDEX(D:D,SMALL(H:H,ROW(A16)))) | Q19: =IF(P19="","",INDEX(E:E,MATCH(P19,D:D,0))) | R19: =IF(P19="","",INDEX(AC:AC,MATCH(P19,T:T,0))) | T19: =IF(選手!Q6="","",選手!Q6) | V19: =W19+COUNTIF(W4:W19,W19)-1 -> 16 | W19: =_xlfn.RANK.EQ(AC19,AC4:AC19) -> 1 | X19: =SUM(Y19:AB19) -> 0 | Y19: =記録!AA41 -> 0 | Z19: =記録!Z41 -> 0 | AA19: =記録!Y41 -> 0 | AB19: =記録!X41 -> 0 | AC19: =X19+Y19*0.1+Z19*0.01+AA19*0.001+AB19*0.0001 -> 0

Sheet 成績　個人
C1: 個人順位表：男女混合 | L1: 個人順位表：男性 | S1: 個人順位表：女性
C2: 順位 | D2: チーム | E2: No. | F2: 氏名 | G2: 性別 | H2: 総本数 | L2: 順位 | M2: チーム | N2: No. | O2: 氏名 | P2: 総本数 | S2: 順位 | T2: チーム | U2: No. | V2: 氏名 | W2: 総本数 | Z2: チーム | AA2: No. | AB2: 氏名 | AC2: 性別 | AD2: 総本数 | AE2: 計算数 | AF2: 並び順位 | AG2: 表示順位
B3: 1 | C3: =SMALL(AG:AG, B3) -> 1 | D3: =INDEX(Z:Z,MATCH(B3,AF:AF,0)) -> 瀬戸A | E3: =INDEX(AA:AA,MATCH(B3,AF:AF,0)) -> 1 | F3: =INDEX(AB:AB,MATCH(B3,AF:AF,0)) -> 野村 清美 | G3: =INDEX(AC:AC,MATCH(B3,AF:AF,0)) -> 男 | H3: =INDEX(AD:AD,MATCH(F3,AB:AB,0)) -> 0 | I3: =IF($G3="男",ROW(),"") -> 3 | J3: =IF($G3="女",ROW(),"") | L3: =IF(O3="","",_xlfn.RANK.EQ(Q3,Q:Q)) -> 1 | M3: =IF(O3="","",INDEX(D:D,MATCH(O3,F:F,0))) -> 瀬戸A | N3: =IF(O3="","",INDEX(E:E,MATCH(O3,F:F,0))) -> 1 | O3: =IF(COUNT(I:I)<ROW(B1),"",INDEX(F:F,SMALL(I:I,ROW(B1)))) -> 野村 清美 | P3: =IF(O3="","",INDEX(H:H,MATCH(O3,F:F,0))) -> 0 | Q3: =IF(O3="","",INDEX(AE:AE,MATCH(O3,AB:AB,0))) -> 0.1 | S3: =IF(V3="","",_xlfn.RANK.EQ(X3,X:X)) -> 1 | T3: =IF(V3="","",INDEX(D:D,MATCH(V3,F:F,0))) -> 瀬戸A | U3: =IF(V3="","",INDEX(E:E,MATCH(V3,F:F,0))) -> 3 | V3: =IF(COUNT(J:J)<ROW(B1),"",INDEX(F:F,SMALL(J:J,ROW(B1)))) -> 谷口 弥生 | W3: =IF(V3="","",INDEX(H:H,MATCH(V3,F:F,0))) -> 0 | X3: =IF(V3="","",INDEX(AE:AE,MATCH(V3,AB:AB,0))) -> 0.1 | Z3: =IF(選手!B2="","",選手!B2) -> 瀬戸A | AA3: =IF(選手!C2="","",選手!C2) -> 1 | AB3: =IF(選手!D2="","",選手!D2) -> 野村 清美 | AC3: =IF(選手!E2="","",選手!E2) -> 男 | AD3: =記録!V5 -> 0 | AE3: =記録!V4 -> 0.1 | AF3: =AG3 -> 1 | AG3: =_xlfn.RANK.EQ(AE3,AE:AE) -> 1
B4: 2 | C4: =SMALL(AG:AG, B4) -> 1 | D4: =INDEX(Z:Z,MATCH(B4,AF:AF,0)) -> 瀬戸A | E4: =INDEX(AA:AA,MATCH(B4,AF:AF,0)) -> 2 | F4: =INDEX(AB:AB,MATCH(B4,AF:AF,0)) -> 加藤 崇文 | G4: =INDEX(AC:AC,MATCH(B4,AF:AF,0)) -> 男 | H4: =INDEX(AD:AD,MATCH(F4,AB:AB,0)) -> 0 | I4: =IF($G4="男",ROW(),"") -> 4 | J4: =IF($G4="女",ROW(),"") | L4: =IF(O4="","",_xlfn.RANK.EQ(Q4,Q:Q)) -> 1 | M4: =IF(O4="","",INDEX(D:D,MATCH(O4,F:F,0))) -> 瀬戸A | N4: =IF(O4="","",INDEX(E:E,MATCH(O4,F:F,0))) -> 2 | O4: =IF(COUNT(I:I)<ROW(B2),"",INDEX(F:F,SMALL(I:I,ROW(B2)))) -> 加藤 崇文 | P4: =IF(O4="","",INDEX(H:H,MATCH(O4,F:F,0))) -> 0 | Q4: =IF(O4="","",INDEX(AE:AE,MATCH(O4,AB:AB,0))) -> 0.1 | S4: =IF(V4="","",_xlfn.RANK.EQ(X4,X:X)) -> 1 | T4: =IF(V4="","",INDEX(D:D,MATCH(V4,F:F,0))) -> 瀬戸A | U4: =IF(V4="","",INDEX(E:E,MATCH(V4,F:F,0))) -> 4 | V4: =IF(COUNT(J:J)<ROW(B2),"",INDEX(F:F,SMALL(J:J,ROW(B2)))) -> 森竹 結衣 | W4: =IF(V4="","",INDEX(H:H,MATCH(V4,F:F,0))) -> 0 | X4: =IF(V4="","",INDEX(AE:AE,MATCH(V4,AB:AB,0))) -> 0.1 | Z4: =IF(選手!B3="","",選手!B3) -> 瀬戸A | AA4: =IF(選手!C3="","",選手!C3) -> 2 | AB4: =IF(選手!D3="","",選手!D3) -> 加藤 崇文 | AC4: =IF(選手!E3="","",選手!E3) -> 男 | AD4: =記録!U5 -> 0 | AE4: =記録!U4 -> 0.1 | AF4: =AG4+COUNTIF(AG3:AG4,AG4)-1 -> 2 | AG4: =_xlfn.RANK.EQ(AE4,AE:AE) -> 1
B5: 3 | C5: =SMALL(AG:AG, B5) -> 1 | D5: =INDEX(Z:Z,MATCH(B5,AF:AF,0)) -> 瀬戸A | E5: =INDEX(AA:AA,MATCH(B5,AF:AF,0)) -> 3 | F5: =INDEX(AB:AB,MATCH(B5,AF:AF,0)) -> 谷口 弥生 | G5: =INDEX(AC:AC,MATCH(B5,AF:AF,0)) -> 女 | H5: =INDEX(AD:AD,MATCH(F5,AB:AB,0)) -> 0 | I5: =IF($G5="男",ROW(),"") | J5: =IF($G5="女",ROW(),"") -> 5 | L5: =IF(O5="","",_xlfn.RANK.EQ(Q5,Q:Q)) -> 1 | M5: =IF(O5="","",INDEX(D:D,MATCH(O5,F:F,0))) -> 瀬戸B | N5: =IF(O5="","",INDEX(E:E,MATCH(O5,F:F,0))) -> 5 | O5: =IF(COUNT(I:I)<ROW(B3),"",INDEX(F:F,SMALL(I:I,ROW(B3)))) -> 伊藤 寿邦 | P5: =IF(O5="","",INDEX(H:H,MATCH(O5,F:F,0))) -> 0 | Q5: =IF(O5="","",INDEX(AE:AE,MATCH(O5,AB:AB,0))) -> 0.1 | S5: =IF(V5="","",_xlfn.RANK.EQ(X5,X:X)) -> 1 | T5: =IF(V5="","",INDEX(D:D,MATCH(V5,F:F,0))) -> 瀬戸B | U5: =IF(V5="","",INDEX(E:E,MATCH(V5,F:F,0))) -> 6 | V5: =IF(COUNT(J:J)<ROW(B3),"",INDEX(F:F,SMALL(J:J,ROW(B3)))) -> 小林 都 | W5: =IF(V5="","",INDEX(H:H,MATCH(V5,F:F,0))) -> 0 | X5: =IF(V5="","",INDEX(AE:AE,MATCH(V5,AB:AB,0))) -> 0.1 | Z5: =IF(選手!B4="","",選手!B4) -> 瀬戸A | AA5: =IF(選手!C4="","",選手!C4) -> 3 | AB5: =IF(選手!D4="","",選手!D4) -> 谷口 弥生 | AC5: =IF(選手!E4="","",選手!E4) -> 女 | AD5: =記録!T5 -> 0 | AE5: =記録!T4 -> 0.1 | AF5: =AG5+COUNTIF(AG3:AG5,AG5)-1 -> 3 | AG5: =_xlfn.RANK.EQ(AE5,AE:AE) -> 1
B6: 4 | C6: =SMALL(AG:AG, B6) -> 1 | D6: =INDEX(Z:Z,MATCH(B6,AF:AF,0)) -> 瀬戸A | E6: =INDEX(AA:AA,MATCH(B6,AF:AF,0)) -> 4 | F6: =INDEX(AB:AB,MATCH(B6,AF:AF,0)) -> 森竹 結衣 | G6: =INDEX(AC:AC,MATCH(B6,AF:AF,0)) -> 女 | H6: =INDEX(AD:AD,MATCH(F6,AB:AB,0)) -> 0 | I6: =IF($G6="男",ROW(),"") | J6: =IF($G6="女",ROW(),"") -> 6 | L6: =IF(O6="","",_xlfn.RANK.EQ(Q6,Q:Q)) -> 1 | M6: =IF(O6="","",INDEX(D:D,MATCH(O6,F:F,0))) -> 瀬戸B | N6: =IF(O6="","",INDEX(E:E,MATCH(O6,F:F,0))) -> 8 | O6: =IF(COUNT(I:I)<ROW(B4),"",INDEX(F:F,SMALL(I:I,ROW(B4)))) -> 加藤 広史 | P6: =IF(O6="","",INDEX(H:H,MATCH(O6,F:F,0))) -> 0 | Q6: =IF(O6="","",INDEX(AE:AE,MATCH(O6,AB:AB,0))) -> 0.1 | S6: =IF(V6="","",_xlfn.RANK.EQ(X6,X:X)) -> 1 | T6: =IF(V6="","",INDEX(D:D,MATCH(V6,F:F,0))) -> 瀬戸B | U6: =IF(V6="","",INDEX(E:E,MATCH(V6,F:F,0))) -> 7 | V6: =IF(COUNT(J:J)<ROW(B4),"",INDEX(F:F,SMALL(J:J,ROW(B4)))) -> 瀬山 博子 | W6: =IF(V6="","",INDEX(H:H,MATCH(V6,F:F,0))) -> 0 | X6: =IF(V6="","",INDEX(AE:AE,MATCH(V6,AB:AB,0))) -> 0.1 | Z6: =IF(選手!B5="","",選手!B5) -> 瀬戸A | AA6: =IF(選手!C5="","",選手!C5) -> 4 | AB6: =IF(選手!D5="","",選手!D5) -> 森竹 結衣 | AC6: =IF(選手!E5="","",選手!E5) -> 女 | AD6: =記録!S5 -> 0 | AE6: =記録!S4 -> 0.1 | AF6: =AG6+COUNTIF(AG3:AG6,AG6)-1 -> 4 | AG6: =_xlfn.RANK.EQ(AE6,AE:AE) -> 1
B7: 5 | C7: =SMALL(AG:AG, B7) -> 1 | D7: =INDEX(Z:Z,MATCH(B7,AF:AF,0)) -> 瀬戸B | E7: =INDEX(AA:AA,MATCH(B7,AF:AF,0)) -> 5 | F7: =INDEX(AB:AB,MATCH(B7,AF:AF,0)) -> 伊藤 寿邦 | G7: =INDEX(AC:AC,MATCH(B7,AF:AF,0)) -> 男 | H7: =INDEX(AD:AD,MATCH(F7,AB:AB,0)) -> 0 | I7: =IF($G7="男",ROW(),"") -> 7 | J7: =IF($G7="女",ROW(),"") | L7: =IF(O7="","",_xlfn.RANK.EQ(Q7,Q:Q)) -> 1 | M7: =IF(O7="","",INDEX(D:D,MATCH(O7,F:F,0))) -> 西春日井A | N7: =IF(O7="","",INDEX(E:E,MATCH(O7,F:F,0))) -> 9 | O7: =IF(COUNT(I:I)<ROW(B5),"",INDEX(F:F,SMALL(I:I,ROW(B5)))) -> 丹羽 泰生 | P7: =IF(O7="","",INDEX(H:H,MATCH(O7,F:F,0))) -> 0 | Q7: =IF(O7="","",INDEX(AE:AE,MATCH(O7,AB:AB,0))) -> 0.1 | S7: =IF(V7="","",_xlfn.RANK.EQ(X7,X:X)) -> 1 | T7: =IF(V7="","",INDEX(D:D,MATCH(V7,F:F,0))) -> 西春日井A | U7: =IF(V7="","",INDEX(E:E,MATCH(V7,F:F,0))) -> 11 | V7: =IF(COUNT(J:J)<ROW(B5),"",INDEX(F:F,SMALL(J:J,ROW(B5)))) -> 村瀬 沙織 | W7: =IF(V7="","",INDEX(H:H,MATCH(V7,F:F,0))) -> 0 | X7: =IF(V7="","",INDEX(AE:AE,MATCH(V7,AB:AB,0))) -> 0.1 | Z7: =IF(選手!B6="","",選手!B6) -> 瀬戸B | AA7: =IF(選手!C6="","",選手!C6) -> 5 | AB7: =IF(選手!D6="","",選手!D6) -> 伊藤 寿邦 | AC7: =IF(選手!E6="","",選手!E6) -> 男 | AD7: =記録!R5 -> 0 | AE7: =記録!R4 -> 0.1 | AF7: =AG7+COUNTIF(AG3:AG7,AG7)-1 -> 5 | AG7: =_xlfn.RANK.EQ(AE7,AE:AE) -> 1
B8: 6 | C8: =SMALL(AG:AG, B8) -> 1 | D8: =INDEX(Z:Z,MATCH(B8,AF:AF,0)) -> 瀬戸B | E8: =INDEX(AA:AA,MATCH(B8,AF:AF,0)) -> 6 | F8: =INDEX(AB:AB,MATCH(B8,AF:AF,0)) -> 小林 都 | G8: =INDEX(AC:AC,MATCH(B8,AF:AF,0)) -> 女 | H8: =INDEX(AD:AD,MATCH(F8,AB:AB,0)) -> 0 | I8: =IF($G8="男",ROW(),"") | J8: =IF($G8="女",ROW(),"") -> 8 | L8: =IF(O8="","",_xlfn.RANK.EQ(Q8,Q:Q)) -> 1 | M8: =IF(O8="","",INDEX(D:D,MATCH(O8,F:F,0))) -> 西春日井A | N8: =IF(O8="","",INDEX(E:E,MATCH(O8,F:F,0))) -> 10 | O8: =IF(COUNT(I:I)<ROW(B6),"",INDEX(F:F,SMALL(I:I,ROW(B6)))) -> 大槻 成実 | P8: =IF(O8="","",INDEX(H:H,MATCH(O8,F:F,0))) -> 0 | Q8: =IF(O8="","",INDEX(AE:AE,MATCH(O8,AB:AB,0))) -> 0.1 | S8: =IF(V8="","",_xlfn.RANK.EQ(X8,X:X)) -> 1 | T8: =IF(V8="","",INDEX(D:D,MATCH(V8,F:F,0))) -> 西春日井B | U8: =IF(V8="","",INDEX(E:E,MATCH(V8,F:F,0))) -> 14 | V8: =IF(COUNT(J:J)<ROW(B6),"",INDEX(F:F,SMALL(J:J,ROW(B6)))) -> 渡邉 由美子 | W8: =IF(V8="","",INDEX(H:H,MATCH(V8,F:F,0))) -> 0 | X8: =IF(V8="","",INDEX(AE:AE,MATCH(V8,AB:AB,0))) -> 0.1 | Z8: =IF(選手!B7="","",選手!B7) -> 瀬戸B | AA8: =IF(選手!C7="","",選手!C7) -> 6 | AB8: =IF(選手!D7="","",選手!D7) -> 小林 都 | AC8: =IF(選手!E7="","",選手!E7) -> 女 | AD8: =記録!Q5 -> 0 | AE8: =記録!Q4 -> 0.1 | AF8: =AG8+COUNTIF(AG3:AG8,AG8)-1 -> 6 | AG8: =_xlfn.RANK.EQ(AE8,AE:AE) -> 1
B9: 7 | C9: =SMALL(AG:AG, B9) -> 1 | D9: =INDEX(Z:Z,MATCH(B9,AF:AF,0)) -> 瀬戸B | E9: =INDEX(AA:AA,MATCH(B9,AF:AF,0)) -> 7 | F9: =INDEX(AB:AB,MATCH(B9,AF:AF,0)) -> 瀬山 博子 | G9: =INDEX(AC:AC,MATCH(B9,AF:AF,0)) -> 女 | H9: =INDEX(AD:AD,MATCH(F9,AB:AB,0)) -> 0 | I9: =IF($G9="男",ROW(),"") | J9: =IF($G9="女",ROW(),"") -> 9 | L9: =IF(O9="","",_xlfn.RANK.EQ(Q9,Q:Q)) -> 1 | M9: =IF(O9="","",INDEX(D:D,MATCH(O9,F:F,0))) -> 西春日井A | N9: =IF(O9="","",INDEX(E:E,MATCH(O9,F:F,0))) -> 12 | O9: =IF(COUNT(I:I)<ROW(B7),"",INDEX(F:F,SMALL(I:I,ROW(B7)))) -> 加藤 忠人 | P9: =IF(O9="","",INDEX(H:H,MATCH(O9,F:F,0))) -> 0 | Q9: =IF(O9="","",INDEX(AE:AE,MATCH(O9,AB:AB,0))) -> 0.1 | S9: =IF(V9="","",_xlfn.RANK.EQ(X9,X:X)) -> 1 | T9: =IF(V9="","",INDEX(D:D,MATCH(V9,F:F,0))) -> 西春日井B | U9: =IF(V9="","",INDEX(E:E,MATCH(V9,F:F,0))) -> 16 | V9: =IF(COUNT(J:J)<ROW(B7),"",INDEX(F:F,SMALL(J:J,ROW(B7)))) -> 荒川 花子 | W9: =IF(V9="","",INDEX(H:H,MATCH(V9,F:F,0))) -> 0 | X9: =IF(V9="","",INDEX(AE:AE,MATCH(V9,AB:AB,0))) -> 0.1 | Z9: =IF(選手!B8="","",選手!B8) -> 瀬戸B | AA9: =IF(選手!C8="","",選手!C8) -> 7 | AB9: =IF(選手!D8="","",選手!D8) -> 瀬山 博子 | AC9: =IF(選手!E8="","",選手!E8) -> 女 | AD9: =記録!P5 -> 0 | AE9: =記録!P4 -> 0.1 | AF9: =AG9+COUNTIF(AG3:AG9,AG9)-1 -> 7 | AG9: =_xlfn.RANK.EQ(AE9,AE:AE) -> 1
B10: 8 | C10: =SMALL(AG:AG, B10) -> 1 | D10: =INDEX(Z:Z,MATCH(B10,AF:AF,0)) -> 瀬戸B | E10: =INDEX(AA:AA,MATCH(B10,AF:AF,0)) -> 8 | F10: =INDEX(AB:AB,MATCH(B10,AF:AF,0)) -> 加藤 広史 | G10: =INDEX(AC:AC,MATCH(B10,AF:AF,0)) -> 男 | H10: =INDEX(AD:AD,MATCH(F10,AB:AB,0)) -> 0 | I10: =IF($G10="男",ROW(),"") -> 10 | J10: =IF($G10="女",ROW(),"") | L10: =IF(O10="","",_xlfn.RANK.EQ(Q10,Q:Q)) -> 1 | M10: =IF(O10="","",INDEX(D:D,MATCH(O10,F:F,0))) -> 西春日井B | N10: =IF(O10="","",INDEX(E:E,MATCH(O10,F:F,0))) -> 13 | O10: =IF(COUNT(I:I)<ROW(B8),"",INDEX(F:F,SMALL(I:I,ROW(B8)))) -> 北崎 良治 | P10: =IF(O10="","",INDEX(H:H,MATCH(O10,F:F,0))) -> 0 | Q10: =IF(O10="","",INDEX(AE:AE,MATCH(O10,AB:AB,0))) -> 0.1 | S10: =IF(V10="","",_xlfn.RANK.EQ(X10,X:X)) -> 1 | T10: =IF(V10="","",INDEX(D:D,MATCH(V10,F:F,0))) -> 尾張旭B | U10: =IF(V10="","",INDEX(E:E,MATCH(V10,F:F,0))) -> 25 | V10: =IF(COUNT(J:J)<ROW(B8),"",INDEX(F:F,SMALL(J:J,ROW(B8)))) -> 北川 裕希子 | W10: =IF(V10="","",INDEX(H:H,MATCH(V10,F:F,0))) -> 0 | X10: =IF(V10="","",INDEX(AE:AE,MATCH(V10,AB:AB,0))) -> 0.1 | Z10: =IF(選手!B9="","",選手!B9) -> 瀬戸B | AA10: =IF(選手!C9="","",選手!C9) -> 8 | AB10: =IF(選手!D9="","",選手!D9) -> 加藤 広史 | AC10: =IF(選手!E9="","",選手!E9) -> 男 | AD10: =記録!O5 -> 0 | AE10: =記録!O4 -> 0.1 | AF10: =AG10+COUNTIF(AG3:AG10,AG10)-1 -> 8 | AG10: =_xlfn.RANK.EQ(AE10,AE:AE) -> 1
B11: 9 | C11: =SMALL(AG:AG, B11) -> 1 | D11: =INDEX(Z:Z,MATCH(B11,AF:AF,0)) -> 西春日井A | E11: =INDEX(AA:AA,MATCH(B11,AF:AF,0)) -> 9 | F11: =INDEX(AB:AB,MATCH(B11,AF:AF,0)) -> 丹羽 泰生 | G11: =INDEX(AC:AC,MATCH(B11,AF:AF,0)) -> 男 | H11: =INDEX(AD:AD,MATCH(F11,AB:AB,0)) -> 0 | I11: =IF($G11="男",ROW(),"") -> 11 | J11: =IF($G11="女",ROW(),"") | L11: =IF(O11="","",_xlfn.RANK.EQ(Q11,Q:Q)) -> 1 | M11: =IF(O11="","",INDEX(D:D,MATCH(O11,F:F,0))) -> 西春日井B | N11: =IF(O11="","",INDEX(E:E,MATCH(O11,F:F,0))) -> 15 | O11: =IF(COUNT(I:I)<ROW(B9),"",INDEX(F:F,SMALL(I:I,ROW(B9)))) -> 杉原 伸哉 | P11: =IF(O11="","",INDEX(H:H,MATCH(O11,F:F,0))) -> 0 | Q11: =IF(O11="","",INDEX(AE:AE,MATCH(O11,AB:AB,0))) -> 0.1 | S11: =IF(V11="","",_xlfn.RANK.EQ(X11,X:X)) -> 1 | T11: =IF(V11="","",INDEX(D:D,MATCH(V11,F:F,0))) -> 尾張旭B | U11: =IF(V11="","",INDEX(E:E,MATCH(V11,F:F,0))) -> 26 | V11: =IF(COUNT(J:J)<ROW(B9),"",INDEX(F:F,SMALL(J:J,ROW(B9)))) -> 安達 初枝 | W11: =IF(V11="","",INDEX(H:H,MATCH(V11,F:F,0))) -> 0 | X11: =IF(V11="","",INDEX(AE:AE,MATCH(V11,AB:AB,0))) -> 0.1 | Z11: =IF(選手!B10="","",選手!B10) -> 西春日井A | AA11: =IF(選手!C10="","",選手!C10) -> 9 | AB11: =IF(選手!D10="","",選手!D10) -> 丹羽 泰生 | AC11: =IF(選手!E10="","",選手!E10) -> 男 | AD11: =記録!N5 -> 0 | AE11: =記録!N4 -> 0.1 | AF11: =AG11+COUNTIF(AG3:AG11,AG11)-1 -> 9 | AG11: =_xlfn.RANK.EQ(AE11,AE:AE) -> 1
B12: 10 | C12: =SMALL(AG:AG, B12) -> 1 | D12: =INDEX(Z:Z,MATCH(B12,AF:AF,0)) -> 西春日井A | E12: =INDEX(AA:AA,MATCH(B12,AF:AF,0)) -> 10 | F12: =INDEX(AB:AB,MATCH(B12,AF:AF,0)) -> 大槻 成実 | G12: =INDEX(AC:AC,MATCH(B12,AF:AF,0)) -> 男 | H12: =INDEX(AD:AD,MATCH(F12,AB:AB,0)) -> 0 | I12: =IF($G12="男",ROW(),"") -> 12 | J12: =IF($G12="女",ROW(),"") | L12: =IF(O12="","",_xlfn.RANK.EQ(Q12,Q:Q)) -> 1 | M12: =IF(O12="","",INDEX(D:D,MATCH(O12,F:F,0))) -> 春日井A | N12: =IF(O12="","",INDEX(E:E,MATCH(O12,F:F,0))) -> 17 | O12: =IF(COUNT(I:I)<ROW(B10),"",INDEX(F:F,SMALL(I:I,ROW(B10)))) -> 小川 久生 | P12: =IF(O12="","",INDEX(H:H,MATCH(O12,F:F,0))) -> 0 | Q12: =IF(O12="","",INDEX(AE:AE,MATCH(O12,AB:AB,0))) -> 0.1 | S12: =IF(V12="","",_xlfn.RANK.EQ(X12,X:X)) -> 1 | T12: =IF(V12="","",INDEX(D:D,MATCH(V12,F:F,0))) -> 尾張旭B | U12: =IF(V12="","",INDEX(E:E,MATCH(V12,F:F,0))) -> 27 | V12: =IF(COUNT(J:J)<ROW(B10),"",INDEX(F:F,SMALL(J:J,ROW(B10)))) -> 高田 優子 | W12: =IF(V12="","",INDEX(H:H,MATCH(V12,F:F,0))) -> 0 | X12: =IF(V12="","",INDEX(AE:AE,MATCH(V12,AB:AB,0))) -> 0.1 | Z12: =IF(選手!B11="","",選手!B11) -> 西春日井A | AA12: =IF(選手!C11="","",選手!C11) -> 10 | AB12: =IF(選手!D11="","",選手!D11) -> 大槻 成実 | AC12: =IF(選手!E11="","",選手!E11) -> 男 | AD12: =記録!M5 -> 0 | AE12: =記録!M4 -> 0.1 | AF12: =AG12+COUNTIF(AG3:AG12,AG12)-1 -> 10 | AG12: =_xlfn.RANK.EQ(AE12,AE:AE) -> 1
B13: 11 | C13: =SMALL(AG:AG, B13) -> 1 | D13: =INDEX(Z:Z,MATCH(B13,AF:AF,0)) -> 西春日井A | E13: =INDEX(AA:AA,MATCH(B13,AF:AF,0)) -> 11 | F13: =INDEX(AB:AB,MATCH(B13,AF:AF,0)) -> 村瀬 沙織 | G13: =INDEX(AC:AC,MATCH(B13,AF:AF,0)) -> 女 | H13: =INDEX(AD:AD,MATCH(F13,AB:AB,0)) -> 0 | I13: =IF($G13="男",ROW(),"") | J13: =IF($G13="女",ROW(),"") -> 13 | L13: =IF(O13="","",_xlfn.RANK.EQ(Q13,Q:Q)) -> 1 | M13: =IF(O13="","",INDEX(D:D,MATCH(O13,F:F,0))) -> 春日井A | N13: =IF(O13="","",INDEX(E:E,MATCH(O13,F:F,0))) -> 18 | O13: =IF(COUNT(I:I)<ROW(B11),"",INDEX(F:F,SMALL(I:I,ROW(B11)))) -> 阿部 健二郞 | P13: =IF(O13="","",INDEX(H:H,MATCH(O13,F:F,0))) -> 0 | Q13: =IF(O13="","",INDEX(AE:AE,MATCH(O13,AB:AB,0))) -> 0.1 | S13: =IF(V13="","",_xlfn.RANK.EQ(X13,X:X)) -> 1 | T13: =IF(V13="","",INDEX(D:D,MATCH(V13,F:F,0))) -> 尾張旭B | U13: =IF(V13="","",INDEX(E:E,MATCH(V13,F:F,0))) -> 28 | V13: =IF(COUNT(J:J)<ROW(B11),"",INDEX(F:F,SMALL(J:J,ROW(B11)))) -> 田中 沙紀子 | W13: =IF(V13="","",INDEX(H:H,MATCH(V13,F:F,0))) -> 0 | X13: =IF(V13="","",INDEX(AE:AE,MATCH(V13,AB:AB,0))) -> 0.1 | Z13: =IF(選手!B12="","",選手!B12) -> 西春日井A | AA13: =IF(選手!C12="","",選手!C12) -> 11 | AB13: =IF(選手!D12="","",選手!D12) -> 村瀬 沙織 | AC13: =IF(選手!E12="","",選手!E12) -> 女 | AD13: =記録!L5 -> 0 | AE13: =記録!L4 -> 0.1 | AF13: =AG13+COUNTIF(AG3:AG13,AG13)-1 -> 11 | AG13: =_xlfn.RANK.EQ(AE13,AE:AE) -> 1
B14: 12 | C14: =SMALL(AG:AG, B14) -> 1 | D14: =INDEX(Z:Z,MATCH(B14,AF:AF,0)) -> 西春日井A | E14: =INDEX(AA:AA,MATCH(B14,AF:AF,0)) -> 12 | F14: =INDEX(AB:AB,MATCH(B14,AF:AF,0)) -> 加藤 忠人 | G14: =INDEX(AC:AC,MATCH(B14,AF:AF,0)) -> 男 | H14: =INDEX(AD:AD,MATCH(F14,AB:AB,0)) -> 0 | I14: =IF($G14="男",ROW(),"") -> 14 | J14: =IF($G14="女",ROW(),"") | L14: =IF(O14="","",_xlfn.RANK.EQ(Q14,Q:Q)) -> 1 | M14: =IF(O14="","",INDEX(D:D,MATCH(O14,F:F,0))) -> 春日井A | N14: =IF(O14="","",INDEX(E:E,MATCH(O14,F:F,0))) -> 19 | O14: =IF(COUNT(I:I)<ROW(B12),"",INDEX(F:F,SMALL(I:I,ROW(B12)))) -> 玉野 正明 | P14: =IF(O14="","",INDEX(H:H,MATCH(O14,F:F,0))) -> 0 | Q14: =IF(O14="","",INDEX(AE:AE,MATCH(O14,AB:AB,0))) -> 0.1 | S14: =IF(V14="","",_xlfn.RANK.EQ(X14,X:X)) -> 1 | T14: =IF(V14="","",INDEX(D:D,MATCH(V14,F:F,0))) -> 日進B | U14: =IF(V14="","",INDEX(E:E,MATCH(V14,F:F,0))) -> 33 | V14: =IF(COUNT(J:J)<ROW(B12),"",INDEX(F:F,SMALL(J:J,ROW(B12)))) -> 三田村 静子 | W14: =IF(V14="","",INDEX(H:H,MATCH(V14,F:F,0))) -> 0 | X14: =IF(V14="","",INDEX(AE:AE,MATCH(V14,AB:AB,0))) -> 0.1 | Z14: =IF(選手!B13="","",選手!B13) -> 西春日井A | AA14: =IF(選手!C13="","",選手!C13) -> 12 | AB14: =IF(選手!D13="","",選手!D13) -> 加藤 忠人 | AC14: =IF(選手!E13="","",選手!E13) -> 男 | AD14: =記録!K5 -> 0 | AE14: =記録!K4 -> 0.1 | AF14: =AG14+COUNTIF(AG3:AG14,AG14)-1 -> 12 | AG14: =_xlfn.RANK.EQ(AE14,AE:AE) -> 1
B15: 13 | C15: =SMALL(AG:AG, B15) -> 1 | D15: =INDEX(Z:Z,MATCH(B15,AF:AF,0)) -> 西春日井B | E15: =INDEX(AA:AA,MATCH(B15,AF:AF,0)) -> 13 | F15: =INDEX(AB:AB,MATCH(B15,AF:AF,0)) -> 北崎 良治 | G15: =INDEX(AC:AC,MATCH(B15,AF:AF,0)) -> 男 | H15: =INDEX(AD:AD,MATCH(F15,AB:AB,0)) -> 0 | I15: =IF($G15="男",ROW(),"") -> 15 | J15: =IF($G15="女",ROW(),"") | L15: =IF(O15="","",_xlfn.RANK.EQ(Q15,Q:Q)) -> 1 | M15: =IF(O15="","",INDEX(D:D,MATCH(O15,F:F,0))) -> 春日井A | N15: =IF(O15="","",INDEX(E:E,MATCH(O15,F:F,0))) -> 20 | O15: =IF(COUNT(I:I)<ROW(B13),"",INDEX(F:F,SMALL(I:I,ROW(B13)))) -> 杉山 武 | P15: =IF(O15="","",INDEX(H:H,MATCH(O15,F:F,0))) -> 0 | Q15: =IF(O15="","",INDEX(AE:AE,MATCH(O15,AB:AB,0))) -> 0.1 | S15: =IF(V15="","",_xlfn.RANK.EQ(X15,X:X)) -> 1 | T15: =IF(V15="","",INDEX(D:D,MATCH(V15,F:F,0))) -> 日進B | U15: =IF(V15="","",INDEX(E:E,MATCH(V15,F:F,0))) -> 34 | V15: =IF(COUNT(J:J)<ROW(B13),"",INDEX(F:F,SMALL(J:J,ROW(B13)))) -> 浅井 明美 | W15: =IF(V15="","",INDEX(H:H,MATCH(V15,F:F,0))) -> 0 | X15: =IF(V15="","",INDEX(AE:AE,MATCH(V15,AB:AB,0))) -> 0.1 | Z15: =IF(選手!B14="","",選手!B14) -> 西春日井B | AA15: =IF(選手!C14="","",選手!C14) -> 13 | AB15: =IF(選手!D14="","",選手!D14) -> 北崎 良治 | AC15: =IF(選手!E14="","",選手!E14) -> 男 | AD15: =記録!J5 -> 0 | AE15: =記録!J4 -> 0.1 | AF15: =AG15+COUNTIF(AG3:AG15,AG15)-1 -> 13 | AG15: =_xlfn.RANK.EQ(AE15,AE:AE) -> 1
B16: 14 | C16: =SMALL(AG:AG, B16) -> 1 | D16: =INDEX(Z:Z,MATCH(B16,AF:AF,0)) -> 西春日井B | E16: =INDEX(AA:AA,MATCH(B16,AF:AF,0)) -> 14 | F16: =INDEX(AB:AB,MATCH(B16,AF:AF,0)) -> 渡邉 由美子 | G16: =INDEX(AC:AC,MATCH(B16,AF:AF,0)) -> 女 | H16: =INDEX(AD:AD,MATCH(F16,AB:AB,0)) -> 0 | I16: =IF($G16="男",ROW(),"") | J16: =IF($G16="女",ROW(),"") -> 16 | L16: =IF(O16="","",_xlfn.RANK.EQ(Q16,Q:Q)) -> 1 | M16: =IF(O16="","",INDEX(D:D,MATCH(O16,F:F,0))) -> 尾張旭A | N16: =IF(O16="","",INDEX(E:E,MATCH(O16,F:F,0))) -> 21 | O16: =IF(COUNT(I:I)<ROW(B14),"",INDEX(F:F,SMALL(I:I,ROW(B14)))) -> 大竹 誠 | P16: =IF(O16="","",INDEX(H:H,MATCH(O16,F:F,0))) -> 0 | Q16: =IF(O16="","",INDEX(AE:AE,MATCH(O16,AB:AB,0))) -> 0.1 | S16: =IF(V16="","",_xlfn.RANK.EQ(X16,X:X)) -> 1 | T16: =IF(V16="","",INDEX(D:D,MATCH(V16,F:F,0))) -> 日進B | U16: =IF(V16="","",INDEX(E:E,MATCH(V16,F:F,0))) -> 35 | V16: =IF(COUNT(J:J)<ROW(B14),"",INDEX(F:F,SMALL(J:J,ROW(B14)))) -> 谷口 洋子 | W16: =IF(V16="","",INDEX(H:H,MATCH(V16,F:F,0))) -> 0 | X16: =IF(V16="","",INDEX(AE:AE,MATCH(V16,AB:AB,0))) -> 0.1 | Z16: =IF(選手!B15="","",選手!B15) -> 西春日井B | AA16: =IF(選手!C15="","",選手!C15) -> 14 | AB16: =IF(選手!D15="","",選手!D15) -> 渡邉 由美子 | AC16: =IF(選手!E15="","",選手!E15) -> 女 | AD16: =記録!I5 -> 0 | AE16: =記録!I4 -> 0.1 | AF16: =AG16+COUNTIF(AG3:AG16,AG16)-1 -> 14 | AG16: =_xlfn.RANK.EQ(AE16,AE:AE) -> 1
B17: 15 | C17: =SMALL(AG:AG, B17) -> 1 | D17: =INDEX(Z:Z,MATCH(B17,AF:AF,0)) -> 西春日井B | E17: =INDEX(AA:AA,MATCH(B17,AF:AF,0)) -> 15 | F17: =INDEX(AB:AB,MATCH(B17,AF:AF,0)) -> 杉原 伸哉 | G17: =INDEX(AC:AC,MATCH(B17,AF:AF,0)) -> 男 | H17: =INDEX(AD:AD,MATCH(F17,AB:AB,0)) -> 0 | I17: =IF($G17="男",ROW(),"") -> 17 | J17: =IF($G17="女",ROW(),"") | L17: =IF(O17="","",_xlfn.RANK.EQ(Q17,Q:Q)) -> 1 | M17: =IF(O17="","",INDEX(D:D,MATCH(O17,F:F,0))) -> 尾張旭A | N17: =IF(O17="","",INDEX(E:E,MATCH(O17,F:F,0))) -> 22 | O17: =IF(COUNT(I:I)<ROW(B15),"",INDEX(F:F,SMALL(I:I,ROW(B15)))) -> 阿知波 正 | P17: =IF(O17="","",INDEX(H:H,MATCH(O17,F:F,0))) -> 0 | Q17: =IF(O17="","",INDEX(AE:AE,MATCH(O17,AB:AB,0))) -> 0.1 | S17: =IF(V17="","",_xlfn.RANK.EQ(X17,X:X)) -> 1 | T17: =IF(V17="","",INDEX(D:D,MATCH(V17,F:F,0))) -> 日進B | U17: =IF(V17="","",INDEX(E:E,MATCH(V17,F:F,0))) -> 36 | V17: =IF(COUNT(J:J)<ROW(B15),"",INDEX(F:F,SMALL(J:J,ROW(B15)))) -> 赤塚 正子 | W17: =IF(V17="","",INDEX(H:H,MATCH(V17,F:F,0))) -> 0 | X17: =IF(V17="","",INDEX(AE:AE,MATCH(V17,AB:AB,0))) -> 0.1 | Z17: =IF(選手!B16="","",選手!B16) -> 西春日井B | AA17: =IF(選手!C16="","",選手!C16) -> 15 | AB17: =IF(選手!D16="","",選手!D16) -> 杉原 伸哉 | AC17: =IF(選手!E16="","",選手!E16) -> 男 | AD17: =記録!H5 -> 0 | AE17: =記録!H4 -> 0.1 | AF17: =AG17+COUNTIF(AG3:AG17,AG17)-1 -> 15 | AG17: =_xlfn.RANK.EQ(AE17,AE:AE) -> 1
B18: 16 | C18: =SMALL(AG:AG, B18) -> 1 | D18: =INDEX(Z:Z,MATCH(B18,AF:AF,0)) -> 西春日井B | E18: =INDEX(AA:AA,MATCH(B18,AF:AF,0)) -> 16 | F18: =INDEX(AB:AB,MATCH(B18,AF:AF,0)) -> 荒川 花子 | G18: =INDEX(AC:AC,MATCH(B18,AF:AF,0)) -> 女 | H18: =INDEX(AD:AD,MATCH(F18,AB:AB,0)) -> 0 | I18: =IF($G18="男",ROW(),"") | J18: =IF($G18="女",ROW(),"") -> 18 | L18: =IF(O18="","",_xlfn.RANK.EQ(Q18,Q:Q)) -> 1 | M18: =IF(O18="","",INDEX(D:D,MATCH(O18,F:F,0))) -> 尾張旭A | N18: =IF(O18="","",INDEX(E:E,MATCH(O18,F:F,0))) -> 23 | O18: =IF(COUNT(I:I)<ROW(B16),"",INDEX(F:F,SMALL(I:I,ROW(B16)))) -> 山田 英治 | P18: =IF(O18="","",INDEX(H:H,MATCH(O18,F:F,0))) -> 0 | Q18: =IF(O18="","",INDEX(AE:AE,MATCH(O18,AB:AB,0))) -> 0.1 | S18: =IF(V18="","",_xlfn.RANK.EQ(X18,X:X)) -> 1 | T18: =IF(V18="","",INDEX(D:D,MATCH(V18,F:F,0))) -> 春日井B | U18: =IF(V18="","",INDEX(E:E,MATCH(V18,F:F,0))) -> 37 | V18: =IF(COUNT(J:J)<ROW(B16),"",INDEX(F:F,SMALL(J:J,ROW(B16)))) -> 遠藤 恵美子 | W18: =IF(V18="","",INDEX(H:H,MATCH(V18,F:F,0))) -> 0 | X18: =IF(V18="","",INDEX(AE:AE,MATCH(V18,AB:AB,0))) -> 0.1 | Z18: =IF(選手!B17="","",選手!B17) -> 西春日井B | AA18: =IF(選手!C17="","",選手!C17) -> 16 | AB18: =IF(選手!D17="","",選手!D17) -> 荒川 花子 | AC18: =IF(選手!E17="","",選手!E17) -> 女 | AD18: =記録!G5 -> 0 | AE18: =記録!G4 -> 0.1 | AF18: =AG18+COUNTIF(AG3:AG18,AG18)-1 -> 16 | AG18: =_xlfn.RANK.EQ(AE18,AE:AE) -> 1
B19: 17 | C19: =SMALL(AG:AG, B19) -> 1 | D19: =INDEX(Z:Z,MATCH(B19,AF:AF,0)) -> 春日井A | E19: =INDEX(AA:AA,MATCH(B19,AF:AF,0)) -> 17 | F19: =INDEX(AB:AB,MATCH(B19,AF:AF,0)) -> 小川 久生 | G19: =INDEX(AC:AC,MATCH(B19,AF:AF,0)) -> 男 | H19: =INDEX(AD:AD,MATCH(F19,AB:AB,0)) -> 0 | I19: =IF($G19="男",ROW(),"") -> 19 | J19: =IF($G19="女",ROW(),"") | L19: =IF(O19="","",_xlfn.RANK.EQ(Q19,Q:Q)) -> 1 | M19: =IF(O19="","",INDEX(D:D,MATCH(O19,F:F,0))) -> 尾張旭A | N19: =IF(O19="","",INDEX(E:E,MATCH(O19,F:F,0))) -> 24 | O19: =IF(COUNT(I:I)<ROW(B17),"",INDEX(F:F,SMALL(I:I,ROW(B17)))) -> 西尾 雅司 | P19: =IF(O19="","",INDEX(H:H,MATCH(O19,F:F,0))) -> 0 | Q19: =IF(O19="","",INDEX(AE:AE,MATCH(O19,AB:AB,0))) -> 0.1 | S19: =IF(V19="","",_xlfn.RANK.EQ(X19,X:X)) -> 1 | T19: =IF(V19="","",INDEX(D:D,MATCH(V19,F:F,0))) -> 春日井B | U19: =IF(V19="","",INDEX(E:E,MATCH(V19,F:F,0))) -> 38 | V19: =IF(COUNT(J:J)<ROW(B17),"",INDEX(F:F,SMALL(J:J,ROW(B17)))) -> 山口 このみ | W19: =IF(V19="","",INDEX(H:H,MATCH(V19,F:F,0))) -> 0 | X19: =IF(V19="","",INDEX(AE:AE,MATCH(V19,AB:AB,0))) -> 0.1 | Z19: =IF(選手!B18="","",選手!B18) -> 春日井A | AA19: =IF(選手!C18="","",選手!C18) -> 17 | AB19: =IF(選手!D18="","",選手!D18) -> 小川 久生 | AC19: =IF(選手!E18="","",選手!E18) -> 男 | AD19: =記録!F5 -> 0 | AE19: =記録!F4 -> 0.1 | AF19: =AG19+COUNTIF(AG3:AG19,AG19)-1 -> 17 | AG19: =_xlfn.RANK.EQ(AE19,AE:AE) -> 1
B20: 18 | C20: =SMALL(AG:AG, B20) -> 1 | D20: =INDEX(Z:Z,MATCH(B20,AF:AF,0)) -> 春日井A | E20: =INDEX(AA:AA,MATCH(B20,AF:AF,0)) -> 18 | F20: =INDEX(AB:AB,MATCH(B20,AF:AF,0)) -> 阿部 健二郞 | G20: =INDEX(AC:AC,MATCH(B20,AF:AF,0)) -> 男 | H20: =INDEX(AD:AD,MATCH(F20,AB:AB,0)) -> 0 | I20: =IF($G20="男",ROW(),"") -> 20 | J20: =IF($G20="女",ROW(),"") | L20: =IF(O20="","",_xlfn.RANK.EQ(Q20,Q:Q)) -> 1 | M20: =IF(O20="","",INDEX(D:D,MATCH(O20,F:F,0))) -> 日進A | N20: =IF(O20="","",INDEX(E:E,MATCH(O20,F:F,0))) -> 29 | O20: =IF(COUNT(I:I)<ROW(B18),"",INDEX(F:F,SMALL(I:I,ROW(B18)))) -> 志手 俊二 | P20: =IF(O20="","",INDEX(H:H,MATCH(O20,F:F,0))) -> 0 | Q20: =IF(O20="","",INDEX(AE:AE,MATCH(O20,AB:AB,0))) -> 0.1 | S20: =IF(V20="","",_xlfn.RANK.EQ(X20,X:X)) -> 1 | T20: =IF(V20="","",INDEX(D:D,MATCH(V20,F:F,0))) -> 春日井B | U20: =IF(V20="","",INDEX(E:E,MATCH(V20,F:F,0))) -> 39 | V20: =IF(COUNT(J:J)<ROW(B18),"",INDEX(F:F,SMALL(J:J,ROW(B18)))) -> 片桐 志保 | W20: =IF(V20="","",INDEX(H:H,MATCH(V20,F:F,0))) -> 0 | X20: =IF(V20="","",INDEX(AE:AE,MATCH(V20,AB:AB,0))) -> 0.1 | Z20: =IF(選手!B19="","",選手!B19) -> 春日井A | AA20: =IF(選手!C19="","",選手!C19) -> 18 | AB20: =IF(選手!D19="","",選手!D19) -> 阿部 健二郞 | AC20: =IF(選手!E19="","",選手!E19) -> 男 | AD20: =記録!E5 -> 0 | AE20: =記録!E4 -> 0.1 | AF20: =AG20+COUNTIF(AG3:AG20,AG20)-1 -> 18 | AG20: =_xlfn.RANK.EQ(AE20,AE:AE) -> 1
B21: 19 | C21: =SMALL(AG:AG, B21) -> 1 | D21: =INDEX(Z:Z,MATCH(B21,AF:AF,0)) -> 春日井A | E21: =INDEX(AA:AA,MATCH(B21,AF:AF,0)) -> 19 | F21: =INDEX(AB:AB,MATCH(B21,AF:AF,0)) -> 玉野 正明 | G21: =INDEX(AC:AC,MATCH(B21,AF:AF,0)) -> 男 | H21: =INDEX(AD:AD,MATCH(F21,AB:AB,0)) -> 0 | I21: =IF($G21="男",ROW(),"") -> 21 | J21: =IF($G21="女",ROW(),"") | L21: =IF(O21="","",_xlfn.RANK.EQ(Q21,Q:Q)) -> 1 | M21: =IF(O21="","",INDEX(D:D,MATCH(O21,F:F,0))) -> 日進A | N21: =IF(O21="","",INDEX(E:E,MATCH(O21,F:F,0))) -> 30 | O21: =IF(COUNT(I:I)<ROW(B19),"",INDEX(F:F,SMALL(I:I,ROW(B19)))) -> 米田 康介 | P21: =IF(O21="","",INDEX(H:H,MATCH(O21,F:F,0))) -> 0 | Q21: =IF(O21="","",INDEX(AE:AE,MATCH(O21,AB:AB,0))) -> 0.1 | S21: =IF(V21="","",_xlfn.RANK.EQ(X21,X:X)) -> 1 | T21: =IF(V21="","",INDEX(D:D,MATCH(V21,F:F,0))) -> 春日井B | U21: =IF(V21="","",INDEX(E:E,MATCH(V21,F:F,0))) -> 40 | V21: =IF(COUNT(J:J)<ROW(B19),"",INDEX(F:F,SMALL(J:J,ROW(B19)))) -> 佃 弘美 | W21: =IF(V21="","",INDEX(H:H,MATCH(V21,F:F,0))) -> 0 | X21: =IF(V21="","",INDEX(AE:AE,MATCH(V21,AB:AB,0))) -> 0.1 | Z21: =IF(選手!B20="","",選手!B20) -> 春日井A | AA21: =IF(選手!C20="","",選手!C20) -> 19 | AB21: =IF(選手!D20="","",選手!D20) -> 玉野 正明 | AC21: =IF(選手!E20="","",選手!E20) -> 男 | AD21: =記録!D5 -> 0 | AE21: =記録!D4 -> 0.1 | AF21: =AG21+COUNTIF(AG3:AG21,AG21)-1 -> 19 | AG21: =_xlfn.RANK.EQ(AE21,AE:AE) -> 1
B22: 20 | C22: =SMALL(AG:AG, B22) -> 1 | D22: =INDEX(Z:Z,MATCH(B22,AF:AF,0)) -> 春日井A | E22: =INDEX(AA:AA,MATCH(B22,AF:AF,0)) -> 20 | F22: =INDEX(AB:AB,MATCH(B22,AF:AF,0)) -> 杉山 武 | G22: =INDEX(AC:AC,MATCH(B22,AF:AF,0)) -> 男 | H22: =INDEX(AD:AD,MATCH(F22,AB:AB,0)) -> 0 | I22: =IF($G22="男",ROW(),"") -> 22 | J22: =IF($G22="女",ROW(),"") | L22: =IF(O22="","",_xlfn.RANK.EQ(Q22,Q:Q)) -> 1 | M22: =IF(O22="","",INDEX(D:D,MATCH(O22,F:F,0))) -> 日進A | N22: =IF(O22="","",INDEX(E:E,MATCH(O22,F:F,0))) -> 31 | O22: =IF(COUNT(I:I)<ROW(B20),"",INDEX(F:F,SMALL(I:I,ROW(B20)))) -> 窪田 達也 | P22: =IF(O22="","",INDEX(H:H,MATCH(O22,F:F,0))) -> 0 | Q22: =IF(O22="","",INDEX(AE:AE,MATCH(O22,AB:AB,0))) -> 0.1 | S22: =IF(V22="","",_xlfn.RANK.EQ(X22,X:X)) -> 1 | T22: =IF(V22="","",INDEX(D:D,MATCH(V22,F:F,0))) -> 長久手B | U22: =IF(V22="","",INDEX(E:E,MATCH(V22,F:F,0))) -> 45 | V22: =IF(COUNT(J:J)<ROW(B20),"",INDEX(F:F,SMALL(J:J,ROW(B20)))) -> 山越 一江 | W22: =IF(V22="","",INDEX(H:H,MATCH(V22,F:F,0))) -> 0 | X22: =IF(V22="","",INDEX(AE:AE,MATCH(V22,AB:AB,0))) -> 0.1 | Z22: =IF(選手!B21="","",選手!B21) -> 春日井A | AA22: =IF(選手!C21="","",選手!C21) -> 20 | AB22: =IF(選手!D21="","",選手!D21) -> 杉山 武 | AC22: =IF(選手!E21="","",選手!E21) -> 男 | AD22: =記録!C5 -> 0 | AE22: =記録!C4 -> 0.1 | AF22: =AG22+COUNTIF(AG3:AG22,AG22)-1 -> 20 | AG22: =_xlfn.RANK.EQ(AE22,AE:AE) -> 1
B23: 21 | C23: =SMALL(AG:AG, B23) -> 1 | D23: =INDEX(Z:Z,MATCH(B23,AF:AF,0)) -> 尾張旭A | E23: =INDEX(AA:AA,MATCH(B23,AF:AF,0)) -> 21 | F23: =INDEX(AB:AB,MATCH(B23,AF:AF,0)) -> 大竹 誠 | G23: =INDEX(AC:AC,MATCH(B23,AF:AF,0)) -> 男 | H23: =INDEX(AD:AD,MATCH(F23,AB:AB,0)) -> 0 | I23: =IF($G23="男",ROW(),"") -> 23 | J23: =IF($G23="女",ROW(),"") | L23: =IF(O23="","",_xlfn.RANK.EQ(Q23,Q:Q)) -> 1 | M23: =IF(O23="","",INDEX(D:D,MATCH(O23,F:F,0))) -> 日進A | N23: =IF(O23="","",INDEX(E:E,MATCH(O23,F:F,0))) -> 32 | O23: =IF(COUNT(I:I)<ROW(B21),"",INDEX(F:F,SMALL(I:I,ROW(B21)))) -> 新美 友治 | P23: =IF(O23="","",INDEX(H:H,MATCH(O23,F:F,0))) -> 0 | Q23: =IF(O23="","",INDEX(AE:AE,MATCH(O23,AB:AB,0))) -> 0.1 | S23: =IF(V23="","",_xlfn.RANK.EQ(X23,X:X)) -> 1 | T23: =IF(V23="","",INDEX(D:D,MATCH(V23,F:F,0))) -> 長久手B | U23: =IF(V23="","",INDEX(E:E,MATCH(V23,F:F,0))) -> 46 | V23: =IF(COUNT(J:J)<ROW(B21),"",INDEX(F:F,SMALL(J:J,ROW(B21)))) -> 澤田 圭子 | W23: =IF(V23="","",INDEX(H:H,MATCH(V23,F:F,0))) -> 0 | X23: =IF(V23="","",INDEX(AE:AE,MATCH(V23,AB:AB,0))) -> 0.1 | Z23: =IF(選手!G2="","",選手!G2) -> 尾張旭A | AA23: =IF(選手!H2="","",選手!H2) -> 21 | AB23: =IF(選手!I2="","",選手!I2) -> 大竹 誠 | AC23: =IF(選手!J2="","",選手!J2) -> 男 | AD23: =記録!V23 -> 0 | AE23: =記録!V22 -> 0.1 | AF23: =AG23+COUNTIF(AG3:AG23,AG23)-1 -> 21 | AG23: =_xlfn.RANK.EQ(AE23,AE:AE) -> 1
B24: 22 | C24: =SMALL(AG:AG, B24) -> 1 | D24: =INDEX(Z:Z,MATCH(B24,AF:AF,0)) -> 尾張旭A | E24: =INDEX(AA:AA,MATCH(B24,AF:AF,0)) -> 22 | F24: =INDEX(AB:AB,MATCH(B24,AF:AF,0)) -> 阿知波 正 | G24: =INDEX(AC:AC,MATCH(B24,AF:AF,0)) -> 男 | H24: =INDEX(AD:AD,MATCH(F24,AB:AB,0)) -> 0 | I24: =IF($G24="男",ROW(),"") -> 24 | J24: =IF($G24="女",ROW(),"") | L24: =IF(O24="","",_xlfn.RANK.EQ(Q24,Q:Q)) -> 1 | M24: =IF(O24="","",INDEX(D:D,MATCH(O24,F:F,0))) -> 長久手A | N24: =IF(O24="","",INDEX(E:E,MATCH(O24,F:F,0))) -> 41 | O24: =IF(COUNT(I:I)<ROW(B22),"",INDEX(F:F,SMALL(I:I,ROW(B22)))) -> 柳原 啓宏 | P24: =IF(O24="","",INDEX(H:H,MATCH(O24,F:F,0))) -> 0 | Q24: =IF(O24="","",INDEX(AE:AE,MATCH(O24,AB:AB,0))) -> 0.1 | S24: =IF(V24="","",_xlfn.RANK.EQ(X24,X:X)) -> 1 | T24: =IF(V24="","",INDEX(D:D,MATCH(V24,F:F,0))) -> 長久手B | U24: =IF(V24="","",INDEX(E:E,MATCH(V24,F:F,0))) -> 47 | V24: =IF(COUNT(J:J)<ROW(B22),"",INDEX(F:F,SMALL(J:J,ROW(B22)))) -> 水野 三穂 | W24: =IF(V24="","",INDEX(H:H,MATCH(V24,F:F,0))) -> 0 | X24: =IF(V24="","",INDEX(AE:AE,MATCH(V24,AB:AB,0))) -> 0.1 | Z24: =IF(選手!G3="","",選手!G3) -> 尾張旭A | AA24: =IF(選手!H3="","",選手!H3) -> 22 | AB24: =IF(選手!I3="","",選手!I3) -> 阿知波 正 | AC24: =IF(選手!J3="","",選手!J3) -> 男 | AD24: =記録!U23 -> 0 | AE24: =記録!U22 -> 0.1 | AF24: =AG24+COUNTIF(AG3:AG24,AG24)-1 -> 22 | AG24: =_xlfn.RANK.EQ(AE24,AE:AE) -> 1
B25: 23 | C25: =SMALL(AG:AG, B25) -> 1 | D25: =INDEX(Z:Z,MATCH(B25,AF:AF,0)) -> 尾張旭A | E25: =INDEX(AA:AA,MATCH(B25,AF:AF,0)) -> 23 | F25: =INDEX(AB:AB,MATCH(B25,AF:AF,0)) -> 山田 英治 | G25: =INDEX(AC:AC,MATCH(B25,AF:AF,0)) -> 男 | H25: =INDEX(AD:AD,MATCH(F25,AB:AB,0)) -> 0 | I25: =IF($G25="男",ROW(),"") -> 25 | J25: =IF($G25="女",ROW(),"") | L25: =IF(O25="","",_xlfn.RANK.EQ(Q25,Q:Q)) -> 1 | M25: =IF(O25="","",INDEX(D:D,MATCH(O25,F:F,0))) -> 長久手A | N25: =IF(O25="","",INDEX(E:E,MATCH(O25,F:F,0))) -> 42 | O25: =IF(COUNT(I:I)<ROW(B23),"",INDEX(F:F,SMALL(I:I,ROW(B23)))) -> 葛西 裕文 | P25: =IF(O25="","",INDEX(H:H,MATCH(O25,F:F,0))) -> 0 | Q25: =IF(O25="","",INDEX(AE:AE,MATCH(O25,AB:AB,0))) -> 0.1 | S25: =IF(V25="","",_xlfn.RANK.EQ(X25,X:X)) -> 1 | T25: =IF(V25="","",INDEX(D:D,MATCH(V25,F:F,0))) -> 長久手B | U25: =IF(V25="","",INDEX(E:E,MATCH(V25,F:F,0))) -> 48 | V25: =IF(COUNT(J:J)<ROW(B23),"",INDEX(F:F,SMALL(J:J,ROW(B23)))) -> 野々垣 奈緒子 | W25: =IF(V25="","",INDEX(H:H,MATCH(V25,F:F,0))) -> 0 | X25: =IF(V25="","",INDEX(AE:AE,MATCH(V25,AB:AB,0))) -> 0.1 | Z25: =IF(選手!G4="","",選手!G4) -> 尾張旭A | AA25: =IF(選手!H4="","",選手!H4) -> 23 | AB25: =IF(選手!I4="","",選手!I4) -> 山田 英治 | AC25: =IF(選手!J4="","",選手!J4) -> 男 | AD25: =記録!T23 -> 0 | AE25: =記録!T22 -> 0.1 | AF25: =AG25+COUNTIF(AG3:AG25,AG25)-1 -> 23 | AG25: =_xlfn.RANK.EQ(AE25,AE:AE) -> 1
B26: 24 | C26: =SMALL(AG:AG, B26) -> 1 | D26: =INDEX(Z:Z,MATCH(B26,AF:AF,0)) -> 尾張旭A | E26: =INDEX(AA:AA,MATCH(B26,AF:AF,0)) -> 24 | F26: =INDEX(AB:AB,MATCH(B26,AF:AF,0)) -> 西尾 雅司 | G26: =INDEX(AC:AC,MATCH(B26,AF:AF,0)) -> 男 | H26: =INDEX(AD:AD,MATCH(F26,AB:AB,0)) -> 0 | I26: =IF($G26="男",ROW(),"") -> 26 | J26: =IF($G26="女",ROW(),"") | L26: =IF(O26="","",_xlfn.RANK.EQ(Q26,Q:Q)) -> 1 | M26: =IF(O26="","",INDEX(D:D,MATCH(O26,F:F,0))) -> 長久手A | N26: =IF(O26="","",INDEX(E:E,MATCH(O26,F:F,0))) -> 43 | O26: =IF(COUNT(I:I)<ROW(B24),"",INDEX(F:F,SMALL(I:I,ROW(B24)))) -> 芝田 典久 | P26: =IF(O26="","",INDEX(H:H,MATCH(O26,F:F,0))) -> 0 | Q26: =IF(O26="","",INDEX(AE:AE,MATCH(O26,AB:AB,0))) -> 0.1 | S26: =IF(V26="","",_xlfn.RANK.EQ(X26,X:X)) -> 1 | T26: =IF(V26="","",INDEX(D:D,MATCH(V26,F:F,0))) -> 豊明B | U26: =IF(V26="","",INDEX(E:E,MATCH(V26,F:F,0))) -> 53 | V26: =IF(COUNT(J:J)<ROW(B24),"",INDEX(F:F,SMALL(J:J,ROW(B24)))) -> 安藤 雅子 | W26: =IF(V26="","",INDEX(H:H,MATCH(V26,F:F,0))) -> 0 | X26: =IF(V26="","",INDEX(AE:AE,MATCH(V26,AB:AB,0))) -> 0.1 | Z26: =IF(選手!G5="","",選手!G5) -> 尾張旭A | AA26: =IF(選手!H5="","",選手!H5) -> 24 | AB26: =IF(選手!I5="","",選手!I5) -> 西尾 雅司 | AC26: =IF(選手!J5="","",選手!J5) -> 男 | AD26: =記録!S23 -> 0 | AE26: =記録!S22 -> 0.1 | AF26: =AG26+COUNTIF(AG3:AG26,AG26)-1 -> 24 | AG26: =_xlfn.RANK.EQ(AE26,AE:AE) -> 1
B27: 25 | C27: =SMALL(AG:AG, B27) -> 1 | D27: =INDEX(Z:Z,MATCH(B27,AF:AF,0)) -> 尾張旭B | E27: =INDEX(AA:AA,MATCH(B27,AF:AF,0)) -> 25 | F27: =INDEX(AB:AB,MATCH(B27,AF:AF,0)) -> 北川 裕希子 | G27: =INDEX(AC:AC,MATCH(B27,AF:AF,0)) -> 女 | H27: =INDEX(AD:AD,MATCH(F27,AB:AB,0)) -> 0 | I27: =IF($G27="男",ROW(),"") | J27: =IF($G27="女",ROW(),"") -> 27 | L27: =IF(O27="","",_xlfn.RANK.EQ(Q27,Q:Q)) -> 1 | M27: =IF(O27="","",INDEX(D:D,MATCH(O27,F:F,0))) -> 長久手A | N27: =IF(O27="","",INDEX(E:E,MATCH(O27,F:F,0))) -> 44 | O27: =IF(COUNT(I:I)<ROW(B25),"",INDEX(F:F,SMALL(I:I,ROW(B25)))) -> 松井 忠志 | P27: =IF(O27="","",INDEX(H:H,MATCH(O27,F:F,0))) -> 0 | Q27: =IF(O27="","",INDEX(AE:AE,MATCH(O27,AB:AB,0))) -> 0.1 | S27: =IF(V27="","",_xlfn.RANK.EQ(X27,X:X)) -> 1 | T27: =IF(V27="","",INDEX(D:D,MATCH(V27,F:F,0))) -> 豊明B | U27: =IF(V27="","",INDEX(E:E,MATCH(V27,F:F,0))) -> 54 | V27: =IF(COUNT(J:J)<ROW(B25),"",INDEX(F:F,SMALL(J:J,ROW(B25)))) -> 青松 未記 | W27: =IF(V27="","",INDEX(H:H,MATCH(V27,F:F,0))) -> 0 | X27: =IF(V27="","",INDEX(AE:AE,MATCH(V27,AB:AB,0))) -> 0.1 | Z27: =IF(選手!G6="","",選手!G6) -> 尾張旭B | AA27: =IF(選手!H6="","",選手!H6) -> 25 | AB27: =IF(選手!I6="","",選手!I6) -> 北川 裕希子 | AC27: =IF(選手!J6="","",選手!J6) -> 女 | AD27: =記録!R23 -> 0 | AE27: =記録!R22 -> 0.1 | AF27: =AG27+COUNTIF(AG3:AG27,AG27)-1 -> 25 | AG27: =_xlfn.RANK.EQ(AE27,AE:AE) -> 1
B28: 26 | C28: =SMALL(AG:AG, B28) -> 1 | D28: =INDEX(Z:Z,MATCH(B28,AF:AF,0)) -> 尾張旭B | E28: =INDEX(AA:AA,MATCH(B28,AF:AF,0)) -> 26 | F28: =INDEX(AB:AB,MATCH(B28,AF:AF,0)) -> 安達 初枝 | G28: =INDEX(AC:AC,MATCH(B28,AF:AF,0)) -> 女 | H28: =INDEX(AD:AD,MATCH(F28,AB:AB,0)) -> 0 | I28: =IF($G28="男",ROW(),"") | J28: =IF($G28="女",ROW(),"") -> 28 | L28: =IF(O28="","",_xlfn.RANK.EQ(Q28,Q:Q)) -> 1 | M28: =IF(O28="","",INDEX(D:D,MATCH(O28,F:F,0))) -> 豊明A | N28: =IF(O28="","",INDEX(E:E,MATCH(O28,F:F,0))) -> 49 | O28: =IF(COUNT(I:I)<ROW(B26),"",INDEX(F:F,SMALL(I:I,ROW(B26)))) -> 榊原 隆一 | P28: =IF(O28="","",INDEX(H:H,MATCH(O28,F:F,0))) -> 0 | Q28: =IF(O28="","",INDEX(AE:AE,MATCH(O28,AB:AB,0))) -> 0.1 | S28: =IF(V28="","",_xlfn.RANK.EQ(X28,X:X)) -> 1 | T28: =IF(V28="","",INDEX(D:D,MATCH(V28,F:F,0))) -> 豊明B | U28: =IF(V28="","",INDEX(E:E,MATCH(V28,F:F,0))) -> 55 | V28: =IF(COUNT(J:J)<ROW(B26),"",INDEX(F:F,SMALL(J:J,ROW(B26)))) -> 樋田 良子 | W28: =IF(V28="","",INDEX(H:H,MATCH(V28,F:F,0))) -> 0 | X28: =IF(V28="","",INDEX(AE:AE,MATCH(V28,AB:AB,0))) -> 0.1 | Z28: =IF(選手!G7="","",選手!G7) -> 尾張旭B | AA28: =IF(選手!H7="","",選手!H7) -> 26 | AB28: =IF(選手!I7="","",選手!I7) -> 安達 初枝 | AC28: =IF(選手!J7="","",選手!J7) -> 女 | AD28: =記録!Q23 -> 0 | AE28: =記録!Q22 -> 0.1 | AF28: =AG28+COUNTIF(AG3:AG28,AG28)-1 -> 26 | AG28: =_xlfn.RANK.EQ(AE28,AE:AE) -> 1
B29: 27 | C29: =SMALL(AG:AG, B29) -> 1 | D29: =INDEX(Z:Z,MATCH(B29,AF:AF,0)) -> 尾張旭B | E29: =INDEX(AA:AA,MATCH(B29,AF:AF,0)) -> 27 | F29: =INDEX(AB:AB,MATCH(B29,AF:AF,0)) -> 高田 優子 | G29: =INDEX(AC:AC,MATCH(B29,AF:AF,0)) -> 女 | H29: =INDEX(AD:AD,MATCH(F29,AB:AB,0)) -> 0 | I29: =IF($G29="男",ROW(),"") | J29: =IF($G29="女",ROW(),"") -> 29 | L29: =IF(O29="","",_xlfn.RANK.EQ(Q29,Q:Q)) -> 1 | M29: =IF(O29="","",INDEX(D:D,MATCH(O29,F:F,0))) -> 豊明A | N29: =IF(O29="","",INDEX(E:E,MATCH(O29,F:F,0))) -> 50 | O29: =IF(COUNT(I:I)<ROW(B27),"",INDEX(F:F,SMALL(I:I,ROW(B27)))) -> 堀 隆教 | P29: =IF(O29="","",INDEX(H:H,MATCH(O29,F:F,0))) -> 0 | Q29: =IF(O29="","",INDEX(AE:AE,MATCH(O29,AB:AB,0))) -> 0.1 | S29: =IF(V29="","",_xlfn.RANK.EQ(X29,X:X)) -> 1 | T29: =IF(V29="","",INDEX(D:D,MATCH(V29,F:F,0))) -> 豊明B | U29: =IF(V29="","",INDEX(E:E,MATCH(V29,F:F,0))) -> 56 | V29: =IF(COUNT(J:J)<ROW(B27),"",INDEX(F:F,SMALL(J:J,ROW(B27)))) -> 堀井 恵美子 | W29: =IF(V29="","",INDEX(H:H,MATCH(V29,F:F,0))) -> 0 | X29: =IF(V29="","",INDEX(AE:AE,MATCH(V29,AB:AB,0))) -> 0.1 | Z29: =IF(選手!G8="","",選手!G8) -> 尾張旭B | AA29: =IF(選手!H8="","",選手!H8) -> 27 | AB29: =IF(選手!I8="","",選手!I8) -> 高田 優子 | AC29: =IF(選手!J8="","",選手!J8) -> 女 | AD29: =記録!P23 -> 0 | AE29: =記録!P22 -> 0.1 | AF29: =AG29+COUNTIF(AG3:AG29,AG29)-1 -> 27 | AG29: =_xlfn.RANK.EQ(AE29,AE:AE) -> 1
B30: 28 | C30: =SMALL(AG:AG, B30) -> 1 | D30: =INDEX(Z:Z,MATCH(B30,AF:AF,0)) -> 尾張旭B | E30: =INDEX(AA:AA,MATCH(B30,AF:AF,0)) -> 28 | F30: =INDEX(AB:AB,MATCH(B30,AF:AF,0)) -> 田中 沙紀子 | G30: =INDEX(AC:AC,MATCH(B30,AF:AF,0)) -> 女 | H30: =INDEX(AD:AD,MATCH(F30,AB:AB,0)) -> 0 | I30: =IF($G30="男",ROW(),"") | J30: =IF($G30="女",ROW(),"") -> 30 | L30: =IF(O30="","",_xlfn.RANK.EQ(Q30,Q:Q)) -> 1 | M30: =IF(O30="","",INDEX(D:D,MATCH(O30,F:F,0))) -> 豊明A | N30: =IF(O30="","",INDEX(E:E,MATCH(O30,F:F,0))) -> 51 | O30: =IF(COUNT(I:I)<ROW(B28),"",INDEX(F:F,SMALL(I:I,ROW(B28)))) -> 近藤 治 | P30: =IF(O30="","",INDEX(H:H,MATCH(O30,F:F,0))) -> 0 | Q30: =IF(O30="","",INDEX(AE:AE,MATCH(O30,AB:AB,0))) -> 0.1 | S30: =IF(V30="","",_xlfn.RANK.EQ(X30,X:X)) | T30: =IF(V30="","",INDEX(D:D,MATCH(V30,F:F,0))) | U30: =IF(V30="","",INDEX(E:E,MATCH(V30,F:F,0))) | V30: =IF(COUNT(J:J)<ROW(B28),"",INDEX(F:F,SMALL(J:J,ROW(B28)))) | W30: =IF(V30="","",INDEX(H:H,MATCH(V30,F:F,0))) | X30: =IF(V30="","",INDEX(AE:AE,MATCH(V30,AB:AB,0))) | Z30: =IF(選手!G9="","",選手!G9) -> 尾張旭B | AA30: =IF(選手!H9="","",選手!H9) -> 28 | AB30: =IF(選手!I9="","",選手!I9) -> 田中 沙紀子 | AC30: =IF(選手!J9="","",選手!J9) -> 女 | AD30: =記録!O23 -> 0 | AE30: =記録!O22 -> 0.1 | AF30: =AG30+COUNTIF(AG3:AG30,AG30)-1 -> 28 | AG30: =_xlfn.RANK.EQ(AE30,AE:AE) -> 1
B31: 29 | C31: =SMALL(AG:AG, B31) -> 1 | D31: =INDEX(Z:Z,MATCH(B31,AF:AF,0)) -> 日進A | E31: =INDEX(AA:AA,MATCH(B31,AF:AF,0)) -> 29 | F31: =INDEX(AB:AB,MATCH(B31,AF:AF,0)) -> 志手 俊二 | G31: =INDEX(AC:AC,MATCH(B31,AF:AF,0)) -> 男 | H31: =INDEX(AD:AD,MATCH(F31,AB:AB,0)) -> 0 | I31: =IF($G31="男",ROW(),"") -> 31 | J31: =IF($G31="女",ROW(),"") | L31: =IF(O31="","",_xlfn.RANK.EQ(Q31,Q:Q)) -> 1 | M31: =IF(O31="","",INDEX(D:D,MATCH(O31,F:F,0))) -> 豊明A | N31: =IF(O31="","",INDEX(E:E,MATCH(O31,F:F,0))) -> 52 | O31: =IF(COUNT(I:I)<ROW(B29),"",INDEX(F:F,SMALL(I:I,ROW(B29)))) -> 園田 敏雄 | P31: =IF(O31="","",INDEX(H:H,MATCH(O31,F:F,0))) -> 0 | Q31: =IF(O31="","",INDEX(AE:AE,MATCH(O31,AB:AB,0))) -> 0.1 | S31: =IF(V31="","",_xlfn.RANK.EQ(X31,X:X)) | T31: =IF(V31="","",INDEX(D:D,MATCH(V31,F:F,0))) | U31: =IF(V31="","",INDEX(E:E,MATCH(V31,F:F,0))) | V31: =IF(COUNT(J:J)<ROW(B29),"",INDEX(F:F,SMALL(J:J,ROW(B29)))) | W31: =IF(V31="","",INDEX(H:H,MATCH(V31,F:F,0))) | X31: =IF(V31="","",INDEX(AE:AE,MATCH(V31,AB:AB,0))) | Z31: =IF(選手!G10="","",選手!G10) -> 日進A | AA31: =IF(選手!H10="","",選手!H10) -> 29 | AB31: =IF(選手!I10="","",選手!I10) -> 志手 俊二 | AC31: =IF(選手!J10="","",選手!J10) -> 男 | AD31: =記録!N23 -> 0 | AE31: =記録!N22 -> 0.1 | AF31: =AG31+COUNTIF(AG3:AG31,AG31)-1 -> 29 | AG31: =_xlfn.RANK.EQ(AE31,AE:AE) -> 1
B32: 30 | C32: =SMALL(AG:AG, B32) -> 1 | D32: =INDEX(Z:Z,MATCH(B32,AF:AF,0)) -> 日進A | E32: =INDEX(AA:AA,MATCH(B32,AF:AF,0)) -> 30 | F32: =INDEX(AB:AB,MATCH(B32,AF:AF,0)) -> 米田 康介 | G32: =INDEX(AC:AC,MATCH(B32,AF:AF,0)) -> 男 | H32: =INDEX(AD:AD,MATCH(F32,AB:AB,0)) -> 0 | I32: =IF($G32="男",ROW(),"") -> 32 | J32: =IF($G32="女",ROW(),"") | L32: =IF(O32="","",_xlfn.RANK.EQ(Q32,Q:Q)) | M32: =IF(O32="","",INDEX(D:D,MATCH(O32,F:F,0))) | N32: =IF(O32="","",INDEX(E:E,MATCH(O32,F:F,0))) | O32: =IF(COUNT(I:I)<ROW(B30),"",INDEX(F:F,SMALL(I:I,ROW(B30)))) | P32: =IF(O32="","",INDEX(H:H,MATCH(O32,F:F,0))) | Q32: =IF(O32="","",INDEX(AE:AE,MATCH(O32,AB:AB,0))) | S32: =IF(V32="","",_xlfn.RANK.EQ(X32,X:X)) | T32: =IF(V32="","",INDEX(D:D,MATCH(V32,F:F,0))) | U32: =IF(V32="","",INDEX(E:E,MATCH(V32,F:F,0))) | V32: =IF(COUNT(J:J)<ROW(B30),"",INDEX(F:F,SMALL(J:J,ROW(B30)))) | W32: =IF(V32="","",INDEX(H:H,MATCH(V32,F:F,0))) | X32: =IF(V32="","",INDEX(AE:AE,MATCH(V32,AB:AB,0))) | Z32: =IF(選手!G11="","",選手!G11) -> 日進A | AA32: =IF(選手!H11="","",選手!H11) -> 30 | AB32: =IF(選手!I11="","",選手!I11) -> 米田 康介 | AC32: =IF(選手!J11="","",選手!J11) -> 男 | AD32: =記録!M23 -> 0 | AE32: =記録!M22 -> 0.1 | AF32: =AG32+COUNTIF(AG3:AG32,AG32)-1 -> 30 | AG32: =_xlfn.RANK.EQ(AE32,AE:AE) -> 1
B33: 31 | C33: =SMALL(AG:AG, B33) -> 1 | D33: =INDEX(Z:Z,MATCH(B33,AF:AF,0)) -> 日進A | E33: =INDEX(AA:AA,MATCH(B33,AF:AF,0)) -> 31 | F33: =INDEX(AB:AB,MATCH(B33,AF:AF,0)) -> 窪田 達也 | G33: =INDEX(AC:AC,MATCH(B33,AF:AF,0)) -> 男 | H33: =INDEX(AD:AD,MATCH(F33,AB:AB,0)) -> 0 | I33: =IF($G33="男",ROW(),"") -> 33 | J33: =IF($G33="女",ROW(),"") | L33: =IF(O33="","",_xlfn.RANK.EQ(Q33,Q:Q)) | M33: =IF(O33="","",INDEX(D:D,MATCH(O33,F:F,0))) | N33: =IF(O33="","",INDEX(E:E,MATCH(O33,F:F,0))) | O33: =IF(COUNT(I:I)<ROW(B31),"",INDEX(F:F,SMALL(I:I,ROW(B31)))) | P33: =IF(O33="","",INDEX(H:H,MATCH(O33,F:F,0))) | Q33: =IF(O33="","",INDEX(AE:AE,MATCH(O33,AB:AB,0))) | S33: =IF(V33="","",_xlfn.RANK.EQ(X33,X:X)) | T33: =IF(V33="","",INDEX(D:D,MATCH(V33,F:F,0))) | U33: =IF(V33="","",INDEX(E:E,MATCH(V33,F:F,0))) | V33: =IF(COUNT(J:J)<ROW(B31),"",INDEX(F:F,SMALL(J:J,ROW(B31)))) | W33: =IF(V33="","",INDEX(H:H,MATCH(V33,F:F,0))) | X33: =IF(V33="","",INDEX(AE:AE,MATCH(V33,AB:AB,0))) | Z33: =IF(選手!G12="","",選手!G12) -> 日進A | AA33: =IF(選手!H12="","",選手!H12) -> 31 | AB33: =IF(選手!I12="","",選手!I12) -> 窪田 達也 | AC33: =IF(選手!J12="","",選手!J12) -> 男 | AD33: =記録!L23 -> 0 | AE33: =記録!L22 -> 0.1 | AF33: =AG33+COUNTIF(AG3:AG33,AG33)-1 -> 31 | AG33: =_xlfn.RANK.EQ(AE33,AE:AE) -> 1
B34: 32 | C34: =SMALL(AG:AG, B34) -> 1 | D34: =INDEX(Z:Z,MATCH(B34,AF:AF,0)) -> 日進A | E34: =INDEX(AA:AA,MATCH(B34,AF:AF,0)) -> 32 | F34: =INDEX(AB:AB,MATCH(B34,AF:AF,0)) -> 新美 友治 | G34: =INDEX(AC:AC,MATCH(B34,AF:AF,0)) -> 男 | H34: =INDEX(AD:AD,MATCH(F34,AB:AB,0)) -> 0 | I34: =IF($G34="男",ROW(),"") -> 34 | J34: =IF($G34="女",ROW(),"") | L34: =IF(O34="","",_xlfn.RANK.EQ(Q34,Q:Q)) | M34: =IF(O34="","",INDEX(D:D,MATCH(O34,F:F,0))) | N34: =IF(O34="","",INDEX(E:E,MATCH(O34,F:F,0))) | O34: =IF(COUNT(I:I)<ROW(B32),"",INDEX(F:F,SMALL(I:I,ROW(B32)))) | P34: =IF(O34="","",INDEX(H:H,MATCH(O34,F:F,0))) | Q34: =IF(O34="","",INDEX(AE:AE,MATCH(O34,AB:AB,0))) | S34: =IF(V34="","",_xlfn.RANK.EQ(X34,X:X)) | T34: =IF(V34="","",INDEX(D:D,MATCH(V34,F:F,0))) | U34: =IF(V34="","",INDEX(E:E,MATCH(V34,F:F,0))) | V34: =IF(COUNT(J:J)<ROW(B32),"",INDEX(F:F,SMALL(J:J,ROW(B32)))) | W34: =IF(V34="","",INDEX(H:H,MATCH(V34,F:F,0))) | X34: =IF(V34="","",INDEX(AE:AE,MATCH(V34,AB:AB,0))) | Z34: =IF(選手!G13="","",選手!G13) -> 日進A | AA34: =IF(選手!H13="","",選手!H13) -> 32 | AB34: =IF(選手!I13="","",選手!I13) -> 新美 友治 | AC34: =IF(選手!J13="","",選手!J13) -> 男 | AD34: =記録!K23 -> 0 | AE34: =記録!K22 -> 0.1 | AF34: =AG34+COUNTIF(AG3:AG34,AG34)-1 -> 32 | AG34: =_xlfn.RANK.EQ(AE34,AE:AE) -> 1
B35: 33 | C35: =SMALL(AG:AG, B35) -> 1 | D35: =INDEX(Z:Z,MATCH(B35,AF:AF,0)) -> 日進B | E35: =INDEX(AA:AA,MATCH(B35,AF:AF,0)) -> 33 | F35: =INDEX(AB:AB,MATCH(B35,AF:AF,0)) -> 三田村 静子 | G35: =INDEX(AC:AC,MATCH(B35,AF:AF,0)) -> 女 | H35: =INDEX(AD:AD,MATCH(F35,AB:AB,0)) -> 0 | I35: =IF($G35="男",ROW(),"") | J35: =IF($G35="女",ROW(),"") -> 35 | L35: =IF(O35="","",_xlfn.RANK.EQ(Q35,Q:Q)) | M35: =IF(O35="","",INDEX(D:D,MATCH(O35,F:F,0))) | N35: =IF(O35="","",INDEX(E:E,MATCH(O35,F:F,0))) | O35: =IF(COUNT(I:I)<ROW(B33),"",INDEX(F:F,SMALL(I:I,ROW(B33)))) | P35: =IF(O35="","",INDEX(H:H,MATCH(O35,F:F,0))) | Q35: =IF(O35="","",INDEX(AE:AE,MATCH(O35,AB:AB,0))) | S35: =IF(V35="","",_xlfn.RANK.EQ(X35,X:X)) | T35: =IF(V35="","",INDEX(D:D,MATCH(V35,F:F,0))) | U35: =IF(V35="","",INDEX(E:E,MATCH(V35,F:F,0))) | V35: =IF(COUNT(J:J)<ROW(B33),"",INDEX(F:F,SMALL(J:J,ROW(B33)))) | W35: =IF(V35="","",INDEX(H:H,MATCH(V35,F:F,0))) | X35: =IF(V35="","",INDEX(AE:AE,MATCH(V35,AB:AB,0))) | Z35: =IF(選手!G14="","",選手!G14) -> 日進B | AA35: =IF(選手!H14="","",選手!H14) -> 33 | AB35: =IF(選手!I14="","",選手!I14) -> 三田村 静子 | AC35: =IF(選手!J14="","",選手!J14) -> 女 | AD35: =記録!J23 -> 0 | AE35: =記録!J22 -> 0.1 | AF35: =AG35+COUNTIF(AG3:AG35,AG35)-1 -> 33 | AG35: =_xlfn.RANK.EQ(AE35,AE:AE) -> 1
B36: 34 | C36: =SMALL(AG:AG, B36) -> 1 | D36: =INDEX(Z:Z,MATCH(B36,AF:AF,0)) -> 日進B | E36: =INDEX(AA:AA,MATCH(B36,AF:AF,0)) -> 34 | F36: =INDEX(AB:AB,MATCH(B36,AF:AF,0)) -> 浅井 明美 | G36: =INDEX(AC:AC,MATCH(B36,AF:AF,0)) -> 女 | H36: =INDEX(AD:AD,MATCH(F36,AB:AB,0)) -> 0 | I36: =IF($G36="男",ROW(),"") | J36: =IF($G36="女",ROW(),"") -> 36 | L36: =IF(O36="","",_xlfn.RANK.EQ(Q36,Q:Q)) | M36: =IF(O36="","",INDEX(D:D,MATCH(O36,F:F,0))) | N36: =IF(O36="","",INDEX(E:E,MATCH(O36,F:F,0))) | O36: =IF(COUNT(I:I)<ROW(B34),"",INDEX(F:F,SMALL(I:I,ROW(B34)))) | P36: =IF(O36="","",INDEX(H:H,MATCH(O36,F:F,0))) | Q36: =IF(O36="","",INDEX(AE:AE,MATCH(O36,AB:AB,0))) | S36: =IF(V36="","",_xlfn.RANK.EQ(X36,X:X)) | T36: =IF(V36="","",INDEX(D:D,MATCH(V36,F:F,0))) | U36: =IF(V36="","",INDEX(E:E,MATCH(V36,F:F,0))) | V36: =IF(COUNT(J:J)<ROW(B34),"",INDEX(F:F,SMALL(J:J,ROW(B34)))) | W36: =IF(V36="","",INDEX(H:H,MATCH(V36,F:F,0))) | X36: =IF(V36="","",INDEX(AE:AE,MATCH(V36,AB:AB,0))) | Z36: =IF(選手!G15="","",選手!G15) -> 日進B | AA36: =IF(選手!H15="","",選手!H15) -> 34 | AB36: =IF(選手!I15="","",選手!I15) -> 浅井 明美 | AC36: =IF(選手!J15="","",選手!J15) -> 女 | AD36: =記録!I23 -> 0 | AE36: =記録!I22 -> 0.1 | AF36: =AG36+COUNTIF(AG3:AG36,AG36)-1 -> 34 | AG36: =_xlfn.RANK.EQ(AE36,AE:AE) -> 1
B37: 35 | C37: =SMALL(AG:AG, B37) -> 1 | D37: =INDEX(Z:Z,MATCH(B37,AF:AF,0)) -> 日進B | E37: =INDEX(AA:AA,MATCH(B37,AF:AF,0)) -> 35 | F37: =INDEX(AB:AB,MATCH(B37,AF:AF,0)) -> 谷口 洋子 | G37: =INDEX(AC:AC,MATCH(B37,AF:AF,0)) -> 女 | H37: =INDEX(AD:AD,MATCH(F37,AB:AB,0)) -> 0 | I37: =IF($G37="男",ROW(),"") | J37: =IF($G37="女",ROW(),"") -> 37 | L37: =IF(O37="","",_xlfn.RANK.EQ(Q37,Q:Q)) | M37: =IF(O37="","",INDEX(D:D,MATCH(O37,F:F,0))) | N37: =IF(O37="","",INDEX(E:E,MATCH(O37,F:F,0))) | O37: =IF(COUNT(I:I)<ROW(B35),"",INDEX(F:F,SMALL(I:I,ROW(B35)))) | P37: =IF(O37="","",INDEX(H:H,MATCH(O37,F:F,0))) | Q37: =IF(O37="","",INDEX(AE:AE,MATCH(O37,AB:AB,0))) | S37: =IF(V37="","",_xlfn.RANK.EQ(X37,X:X)) | T37: =IF(V37="","",INDEX(D:D,MATCH(V37,F:F,0))) | U37: =IF(V37="","",INDEX(E:E,MATCH(V37,F:F,0))) | V37: =IF(COUNT(J:J)<ROW(B35),"",INDEX(F:F,SMALL(J:J,ROW(B35)))) | W37: =IF(V37="","",INDEX(H:H,MATCH(V37,F:F,0))) | X37: =IF(V37="","",INDEX(AE:AE,MATCH(V37,AB:AB,0))) | Z37: =IF(選手!G16="","",選手!G16) -> 日進B | AA37: =IF(選手!H16="","",選手!H16) -> 35 | AB37: =IF(選手!I16="","",選手!I16) -> 谷口 洋子 | AC37: =IF(選手!J16="","",選手!J16) -> 女 | AD37: =記録!H23 -> 0 | AE37: =記録!H22 -> 0.1 | AF37: =AG37+COUNTIF(AG3:AG37,AG37)-1 -> 35 | AG37: =_xlfn.RANK.EQ(AE37,AE:AE) -> 1
B38: 36 | C38: =SMALL(AG:AG, B38) -> 1 | D38: =INDEX(Z:Z,MATCH(B38,AF:AF,0)) -> 日進B | E38: =INDEX(AA:AA,MATCH(B38,AF:AF,0)) -> 36 | F38: =INDEX(AB:AB,MATCH(B38,AF:AF,0)) -> 赤塚 正子 | G38: =INDEX(AC:AC,MATCH(B38,AF:AF,0)) -> 女 | H38: =INDEX(AD:AD,MATCH(F38,AB:AB,0)) -> 0 | I38: =IF($G38="男",ROW(),"") | J38: =IF($G38="女",ROW(),"") -> 38 | L38: =IF(O38="","",_xlfn.RANK.EQ(Q38,Q:Q)) | M38: =IF(O38="","",INDEX(D:D,MATCH(O38,F:F,0))) | N38: =IF(O38="","",INDEX(E:E,MATCH(O38,F:F,0))) | O38: =IF(COUNT(I:I)<ROW(B36),"",INDEX(F:F,SMALL(I:I,ROW(B36)))) | P38: =IF(O38="","",INDEX(H:H,MATCH(O38,F:F,0))) | Q38: =IF(O38="","",INDEX(AE:AE,MATCH(O38,AB:AB,0))) | S38: =IF(V38="","",_xlfn.RANK.EQ(X38,X:X)) | T38: =IF(V38="","",INDEX(D:D,MATCH(V38,F:F,0))) | U38: =IF(V38="","",INDEX(E:E,MATCH(V38,F:F,0))) | V38: =IF(COUNT(J:J)<ROW(B36),"",INDEX(F:F,SMALL(J:J,ROW(B36)))) | W38: =IF(V38="","",INDEX(H:H,MATCH(V38,F:F,0))) | X38: =IF(V38="","",INDEX(AE:AE,MATCH(V38,AB:AB,0))) | Z38: =IF(選手!G17="","",選手!G17) -> 日進B | AA38: =IF(選手!H17="","",選手!H17) -> 36 | AB38: =IF(選手!I17="","",選手!I17) -> 赤塚 正子 | AC38: =IF(選手!J17="","",選手!J17) -> 女 | AD38: =記録!G23 -> 0 | AE38: =記録!G22 -> 0.1 | AF38: =AG38+COUNTIF(AG3:AG38,AG38)-1 -> 36 | AG38: =_xlfn.RANK.EQ(AE38,AE:AE) -> 1
B39: 37 | C39: =SMALL(AG:AG, B39) -> 1 | D39: =INDEX(Z:Z,MATCH(B39,AF:AF,0)) -> 春日井B | E39: =INDEX(AA:AA,MATCH(B39,AF:AF,0)) -> 37 | F39: =INDEX(AB:AB,MATCH(B39,AF:AF,0)) -> 遠藤 恵美子 | G39: =INDEX(AC:AC,MATCH(B39,AF:AF,0)) -> 女 | H39: =INDEX(AD:AD,MATCH(F39,AB:AB,0)) -> 0 | I39: =IF($G39="男",ROW(),"") | J39: =IF($G39="女",ROW(),"") -> 39 | L39: =IF(O39="","",_xlfn.RANK.EQ(Q39,Q:Q)) | M39: =IF(O39="","",INDEX(D:D,MATCH(O39,F:F,0))) | N39: =IF(O39="","",INDEX(E:E,MATCH(O39,F:F,0))) | O39: =IF(COUNT(I:I)<ROW(B37),"",INDEX(F:F,SMALL(I:I,ROW(B37)))) | P39: =IF(O39="","",INDEX(H:H,MATCH(O39,F:F,0))) | Q39: =IF(O39="","",INDEX(AE:AE,MATCH(O39,AB:AB,0))) | S39: =IF(V39="","",_xlfn.RANK.EQ(X39,X:X)) | T39: =IF(V39="","",INDEX(D:D,MATCH(V39,F:F,0))) | U39: =IF(V39="","",INDEX(E:E,MATCH(V39,F:F,0))) | V39: =IF(COUNT(J:J)<ROW(B37),"",INDEX(F:F,SMALL(J:J,ROW(B37)))) | W39: =IF(V39="","",INDEX(H:H,MATCH(V39,F:F,0))) | X39: =IF(V39="","",INDEX(AE:AE,MATCH(V39,AB:AB,0))) | Z39: =IF(選手!G18="","",選手!G18) -> 春日井B | AA39: =IF(選手!H18="","",選手!H18) -> 37 | AB39: =IF(選手!I18="","",選手!I18) -> 遠藤 恵美子 | AC39: =IF(選手!J18="","",選手!J18) -> 女 | AD39: =記録!F23 -> 0 | AE39: =記録!F22 -> 0.1 | AF39: =AG39+COUNTIF(AG3:AG39,AG39)-1 -> 37 | AG39: =_xlfn.RANK.EQ(AE39,AE:AE) -> 1
B40: 38 | C40: =SMALL(AG:AG, B40) -> 1 | D40: =INDEX(Z:Z,MATCH(B40,AF:AF,0)) -> 春日井B | E40: =INDEX(AA:AA,MATCH(B40,AF:AF,0)) -> 38 | F40: =INDEX(AB:AB,MATCH(B40,AF:AF,0)) -> 山口 このみ | G40: =INDEX(AC:AC,MATCH(B40,AF:AF,0)) -> 女 | H40: =INDEX(AD:AD,MATCH(F40,AB:AB,0)) -> 0 | I40: =IF($G40="男",ROW(),"") | J40: =IF($G40="女",ROW(),"") -> 40 | L40: =IF(O40="","",_xlfn.RANK.EQ(Q40,Q:Q)) | M40: =IF(O40="","",INDEX(D:D,MATCH(O40,F:F,0))) | N40: =IF(O40="","",INDEX(E:E,MATCH(O40,F:F,0))) | O40: =IF(COUNT(I:I)<ROW(B38),"",INDEX(F:F,SMALL(I:I,ROW(B38)))) | P40: =IF(O40="","",INDEX(H:H,MATCH(O40,F:F,0))) | Q40: =IF(O40="","",INDEX(AE:AE,MATCH(O40,AB:AB,0))) | S40: =IF(V40="","",_xlfn.RANK.EQ(X40,X:X)) | T40: =IF(V40="","",INDEX(D:D,MATCH(V40,F:F,0))) | U40: =IF(V40="","",INDEX(E:E,MATCH(V40,F:F,0))) | V40: =IF(COUNT(J:J)<ROW(B38),"",INDEX(F:F,SMALL(J:J,ROW(B38)))) | W40: =IF(V40="","",INDEX(H:H,MATCH(V40,F:F,0))) | X40: =IF(V40="","",INDEX(AE:AE,MATCH(V40,AB:AB,0))) | Z40: =IF(選手!G19="","",選手!G19) -> 春日井B | AA40: =IF(選手!H19="","",選手!H19) -> 38 | AB40: =IF(選手!I19="","",選手!I19) -> 山口 このみ | AC40: =IF(選手!J19="","",選手!J19) -> 女 | AD40: =記録!E23 -> 0 | AE40: =記録!E22 -> 0.1 | AF40: =AG40+COUNTIF(AG3:AG40,AG40)-1 -> 38 | AG40: =_xlfn.RANK.EQ(AE40,AE:AE) -> 1
B41: 39 | C41: =SMALL(AG:AG, B41) -> 1 | D41: =INDEX(Z:Z,MATCH(B41,AF:AF,0)) -> 春日井B | E41: =INDEX(AA:AA,MATCH(B41,AF:AF,0)) -> 39 | F41: =INDEX(AB:AB,MATCH(B41,AF:AF,0)) -> 片桐 志保 | G41: =INDEX(AC:AC,MATCH(B41,AF:AF,0)) -> 女 | H41: =INDEX(AD:AD,MATCH(F41,AB:AB,0)) -> 0 | I41: =IF($G41="男",ROW(),"") | J41: =IF($G41="女",ROW(),"") -> 41 | L41: =IF(O41="","",_xlfn.RANK.EQ(Q41,Q:Q)) | M41: =IF(O41="","",INDEX(D:D,MATCH(O41,F:F,0))) | N41: =IF(O41="","",INDEX(E:E,MATCH(O41,F:F,0))) | O41: =IF(COUNT(I:I)<ROW(B39),"",INDEX(F:F,SMALL(I:I,ROW(B39)))) | P41: =IF(O41="","",INDEX(H:H,MATCH(O41,F:F,0))) | Q41: =IF(O41="","",INDEX(AE:AE,MATCH(O41,AB:AB,0))) | S41: =IF(V41="","",_xlfn.RANK.EQ(X41,X:X)) | T41: =IF(V41="","",INDEX(D:D,MATCH(V41,F:F,0))) | U41: =IF(V41="","",INDEX(E:E,MATCH(V41,F:F,0))) | V41: =IF(COUNT(J:J)<ROW(B39),"",INDEX(F:F,SMALL(J:J,ROW(B39)))) | W41: =IF(V41="","",INDEX(H:H,MATCH(V41,F:F,0))) | X41: =IF(V41="","",INDEX(AE:AE,MATCH(V41,AB:AB,0))) | Z41: =IF(選手!G20="","",選手!G20) -> 春日井B | AA41: =IF(選手!H20="","",選手!H20) -> 39 | AB41: =IF(選手!I20="","",選手!I20) -> 片桐 志保 | AC41: =IF(選手!J20="","",選手!J20) -> 女 | AD41: =記録!D23 -> 0 | AE41: =記録!D22 -> 0.1 | AF41: =AG41+COUNTIF(AG3:AG41,AG41)-1 -> 39 | AG41: =_xlfn.RANK.EQ(AE41,AE:AE) -> 1
B42: 40 | C42: =SMALL(AG:AG, B42) -> 1 | D42: =INDEX(Z:Z,MATCH(B42,AF:AF,0)) -> 春日井B | E42: =INDEX(AA:AA,MATCH(B42,AF:AF,0)) -> 40 | F42: =INDEX(AB:AB,MATCH(B42,AF:AF,0)) -> 佃 弘美 | G42: =INDEX(AC:AC,MATCH(B42,AF:AF,0)) -> 女 | H42: =INDEX(AD:AD,MATCH(F42,AB:AB,0)) -> 0 | I42: =IF($G42="男",ROW(),"") | J42: =IF($G42="女",ROW(),"") -> 42 | L42: =IF(O42="","",_xlfn.RANK.EQ(Q42,Q:Q)) | M42: =IF(O42="","",INDEX(D:D,MATCH(O42,F:F,0))) | N42: =IF(O42="","",INDEX(E:E,MATCH(O42,F:F,0))) | O42: =IF(COUNT(I:I)<ROW(B40),"",INDEX(F:F,SMALL(I:I,ROW(B40)))) | P42: =IF(O42="","",INDEX(H:H,MATCH(O42,F:F,0))) | Q42: =IF(O42="","",INDEX(AE:AE,MATCH(O42,AB:AB,0))) | S42: =IF(V42="","",_xlfn.RANK.EQ(X42,X:X)) | T42: =IF(V42="","",INDEX(D:D,MATCH(V42,F:F,0))) | U42: =IF(V42="","",INDEX(E:E,MATCH(V42,F:F,0))) | V42: =IF(COUNT(J:J)<ROW(B40),"",INDEX(F:F,SMALL(J:J,ROW(B40)))) | W42: =IF(V42="","",INDEX(H:H,MATCH(V42,F:F,0))) | X42: =IF(V42="","",INDEX(AE:AE,MATCH(V42,AB:AB,0))) | Z42: =IF(選手!G21="","",選手!G21) -> 春日井B | AA42: =IF(選手!H21="","",選手!H21) -> 40 | AB42: =IF(選手!I21="","",選手!I21) -> 佃 弘美 | AC42: =IF(選手!J21="","",選手!J21) -> 女 | AD42: =記録!C23 -> 0 | AE42: =記録!C22 -> 0.1 | AF42: =AG42+COUNTIF(AG3:AG42,AG42)-1 -> 40 | AG42: =_xlfn.RANK.EQ(AE42,AE:AE) -> 1
B43: 41 | C43: =SMALL(AG:AG, B43) -> 1 | D43: =INDEX(Z:Z,MATCH(B43,AF:AF,0)) -> 長久手A | E43: =INDEX(AA:AA,MATCH(B43,AF:AF,0)) -> 41 | F43: =INDEX(AB:AB,MATCH(B43,AF:AF,0)) -> 柳原 啓宏 | G43: =INDEX(AC:AC,MATCH(B43,AF:AF,0)) -> 男 | H43: =INDEX(AD:AD,MATCH(F43,AB:AB,0)) -> 0 | I43: =IF($G43="男",ROW(),"") -> 43 | J43: =IF($G43="女",ROW(),"") | L43: =IF(O43="","",_xlfn.RANK.EQ(Q43,Q:Q)) | M43: =IF(O43="","",INDEX(D:D,MATCH(O43,F:F,0))) | N43: =IF(O43="","",INDEX(E:E,MATCH(O43,F:F,0))) | O43: =IF(COUNT(I:I)<ROW(B41),"",INDEX(F:F,SMALL(I:I,ROW(B41)))) | P43: =IF(O43="","",INDEX(H:H,MATCH(O43,F:F,0))) | Q43: =IF(O43="","",INDEX(AE:AE,MATCH(O43,AB:AB,0))) | S43: =IF(V43="","",_xlfn.RANK.EQ(X43,X:X)) | T43: =IF(V43="","",INDEX(D:D,MATCH(V43,F:F,0))) | U43: =IF(V43="","",INDEX(E:E,MATCH(V43,F:F,0))) | V43: =IF(COUNT(J:J)<ROW(B41),"",INDEX(F:F,SMALL(J:J,ROW(B41)))) | W43: =IF(V43="","",INDEX(H:H,MATCH(V43,F:F,0))) | X43: =IF(V43="","",INDEX(AE:AE,MATCH(V43,AB:AB,0))) | Z43: =IF(選手!L2="","",選手!L2) -> 長久手A | AA43: =IF(選手!M2="","",選手!M2) -> 41 | AB43: =IF(選手!N2="","",選手!N2) -> 柳原 啓宏 | AC43: =IF(選手!O2="","",選手!O2) -> 男 | AD43: =記録!R41 -> 0 | AE43: =記録!R40 -> 0.1 | AF43: =AG43+COUNTIF(AG3:AG43,AG43)-1 -> 41 | AG43: =_xlfn.RANK.EQ(AE43,AE:AE) -> 1
B44: 42 | C44: =SMALL(AG:AG, B44) -> 1 | D44: =INDEX(Z:Z,MATCH(B44,AF:AF,0)) -> 長久手A | E44: =INDEX(AA:AA,MATCH(B44,AF:AF,0)) -> 42 | F44: =INDEX(AB:AB,MATCH(B44,AF:AF,0)) -> 葛西 裕文 | G44: =INDEX(AC:AC,MATCH(B44,AF:AF,0)) -> 男 | H44: =INDEX(AD:AD,MATCH(F44,AB:AB,0)) -> 0 | I44: =IF($G44="男",ROW(),"") -> 44 | J44: =IF($G44="女",ROW(),"") | L44: =IF(O44="","",_xlfn.RANK.EQ(Q44,Q:Q)) | M44: =IF(O44="","",INDEX(D:D,MATCH(O44,F:F,0))) | N44: =IF(O44="","",INDEX(E:E,MATCH(O44,F:F,0))) | O44: =IF(COUNT(I:I)<ROW(B42),"",INDEX(F:F,SMALL(I:I,ROW(B42)))) | P44: =IF(O44="","",INDEX(H:H,MATCH(O44,F:F,0))) | Q44: =IF(O44="","",INDEX(AE:AE,MATCH(O44,AB:AB,0))) | S44: =IF(V44="","",_xlfn.RANK.EQ(X44,X:X)) | T44: =IF(V44="","",INDEX(D:D,MATCH(V44,F:F,0))) | U44: =IF(V44="","",INDEX(E:E,MATCH(V44,F:F,0))) | V44: =IF(COUNT(J:J)<ROW(B42),"",INDEX(F:F,SMALL(J:J,ROW(B42)))) | W44: =IF(V44="","",INDEX(H:H,MATCH(V44,F:F,0))) | X44: =IF(V44="","",INDEX(AE:AE,MATCH(V44,AB:AB,0))) | Z44: =IF(選手!L3="","",選手!L3) -> 長久手A | AA44: =IF(選手!M3="","",選手!M3) -> 42 | AB44: =IF(選手!N3="","",選手!N3) -> 葛西 裕文 | AC44: =IF(選手!O3="","",選手!O3) -> 男 | AD44: =記録!Q41 -> 0 | AE44: =記録!Q40 -> 0.1 | AF44: =AG44+COUNTIF(AG3:AG44,AG44)-1 -> 42 | AG44: =_xlfn.RANK.EQ(AE44,AE:AE) -> 1
B45: 43 | C45: =SMALL(AG:AG, B45) -> 1 | D45: =INDEX(Z:Z,MATCH(B45,AF:AF,0)) -> 長久手A | E45: =INDEX(AA:AA,MATCH(B45,AF:AF,0)) -> 43 | F45: =INDEX(AB:AB,MATCH(B45,AF:AF,0)) -> 芝田 典久 | G45: =INDEX(AC:AC,MATCH(B45,AF:AF,0)) -> 男 | H45: =INDEX(AD:AD,MATCH(F45,AB:AB,0)) -> 0 | I45: =IF($G45="男",ROW(),"") -> 45 | J45: =IF($G45="女",ROW(),"") | L45: =IF(O45="","",_xlfn.RANK.EQ(Q45,Q:Q)) | M45: =IF(O45="","",INDEX(D:D,MATCH(O45,F:F,0))) | N45: =IF(O45="","",INDEX(E:E,MATCH(O45,F:F,0))) | O45: =IF(COUNT(I:I)<ROW(B43),"",INDEX(F:F,SMALL(I:I,ROW(B43)))) | P45: =IF(O45="","",INDEX(H:H,MATCH(O45,F:F,0))) | Q45: =IF(O45="","",INDEX(AE:AE,MATCH(O45,AB:AB,0))) | S45: =IF(V45="","",_xlfn.RANK.EQ(X45,X:X)) | T45: =IF(V45="","",INDEX(D:D,MATCH(V45,F:F,0))) | U45: =IF(V45="","",INDEX(E:E,MATCH(V45,F:F,0))) | V45: =IF(COUNT(J:J)<ROW(B43),"",INDEX(F:F,SMALL(J:J,ROW(B43)))) | W45: =IF(V45="","",INDEX(H:H,MATCH(V45,F:F,0))) | X45: =IF(V45="","",INDEX(AE:AE,MATCH(V45,AB:AB,0))) | Z45: =IF(選手!L4="","",選手!L4) -> 長久手A | AA45: =IF(選手!M4="","",選手!M4) -> 43 | AB45: =IF(選手!N4="","",選手!N4) -> 芝田 典久 | AC45: =IF(選手!O4="","",選手!O4) -> 男 | AD45: =記録!P41 -> 0 | AE45: =記録!P40 -> 0.1 | AF45: =AG45+COUNTIF(AG3:AG45,AG45)-1 -> 43 | AG45: =_xlfn.RANK.EQ(AE45,AE:AE) -> 1
B46: 44 | C46: =SMALL(AG:AG, B46) -> 1 | D46: =INDEX(Z:Z,MATCH(B46,AF:AF,0)) -> 長久手A | E46: =INDEX(AA:AA,MATCH(B46,AF:AF,0)) -> 44 | F46: =INDEX(AB:AB,MATCH(B46,AF:AF,0)) -> 松井 忠志 | G46: =INDEX(AC:AC,MATCH(B46,AF:AF,0)) -> 男 | H46: =INDEX(AD:AD,MATCH(F46,AB:AB,0)) -> 0 | I46: =IF($G46="男",ROW(),"") -> 46 | J46: =IF($G46="女",ROW(),"") | L46: =IF(O46="","",_xlfn.RANK.EQ(Q46,Q:Q)) | M46: =IF(O46="","",INDEX(D:D,MATCH(O46,F:F,0))) | N46: =IF(O46="","",INDEX(E:E,MATCH(O46,F:F,0))) | O46: =IF(COUNT(I:I)<ROW(B44),"",INDEX(F:F,SMALL(I:I,ROW(B44)))) | P46: =IF(O46="","",INDEX(H:H,MATCH(O46,F:F,0))) | Q46: =IF(O46="","",INDEX(AE:AE,MATCH(O46,AB:AB,0))) | S46: =IF(V46="","",_xlfn.RANK.EQ(X46,X:X)) | T46: =IF(V46="","",INDEX(D:D,MATCH(V46,F:F,0))) | U46: =IF(V46="","",INDEX(E:E,MATCH(V46,F:F,0))) | V46: =IF(COUNT(J:J)<ROW(B44),"",INDEX(F:F,SMALL(J:J,ROW(B44)))) | W46: =IF(V46="","",INDEX(H:H,MATCH(V46,F:F,0))) | X46: =IF(V46="","",INDEX(AE:AE,MATCH(V46,AB:AB,0))) | Z46: =IF(選手!L5="","",選手!L5) -> 長久手A | AA46: =IF(選手!M5="","",選手!M5) -> 44 | AB46: =IF(選手!N5="","",選手!N5) -> 松井 忠志 | AC46: =IF(選手!O5="","",選手!O5) -> 男 | AD46: =記録!O41 -> 0 | AE46: =記録!O40 -> 0.1 | AF46: =AG46+COUNTIF(AG3:AG46,AG46)-1 -> 44 | AG46: =_xlfn.RANK.EQ(AE46,AE:AE) -> 1
B47: 45 | C47: =SMALL(AG:AG, B47) -> 1 | D47: =INDEX(Z:Z,MATCH(B47,AF:AF,0)) -> 長久手B | E47: =INDEX(AA:AA,MATCH(B47,AF:AF,0)) -> 45 | F47: =INDEX(AB:AB,MATCH(B47,AF:AF,0)) -> 山越 一江 | G47: =INDEX(AC:AC,MATCH(B47,AF:AF,0)) -> 女 | H47: =INDEX(AD:AD,MATCH(F47,AB:AB,0)) -> 0 | I47: =IF($G47="男",ROW(),"") | J47: =IF($G47="女",ROW(),"") -> 47 | L47: =IF(O47="","",_xlfn.RANK.EQ(Q47,Q:Q)) | M47: =IF(O47="","",INDEX(D:D,MATCH(O47,F:F,0))) | N47: =IF(O47="","",INDEX(E:E,MATCH(O47,F:F,0))) | O47: =IF(COUNT(I:I)<ROW(B45),"",INDEX(F:F,SMALL(I:I,ROW(B45)))) | P47: =IF(O47="","",INDEX(H:H,MATCH(O47,F:F,0))) | Q47: =IF(O47="","",INDEX(AE:AE,MATCH(O47,AB:AB,0))) | S47: =IF(V47="","",_xlfn.RANK.EQ(X47,X:X)) | T47: =IF(V47="","",INDEX(D:D,MATCH(V47,F:F,0))) | U47: =IF(V47="","",INDEX(E:E,MATCH(V47,F:F,0))) | V47: =IF(COUNT(J:J)<ROW(B45),"",INDEX(F:F,SMALL(J:J,ROW(B45)))) | W47: =IF(V47="","",INDEX(H:H,MATCH(V47,F:F,0))) | X47: =IF(V47="","",INDEX(AE:AE,MATCH(V47,AB:AB,0))) | Z47: =IF(選手!L6="","",選手!L6) -> 長久手B | AA47: =IF(選手!M6="","",選手!M6) -> 45 | AB47: =IF(選手!N6="","",選手!N6) -> 山越 一江 | AC47: =IF(選手!O6="","",選手!O6) -> 女 | AD47: =記録!N41 -> 0 | AE47: =記録!N40 -> 0.1 | AF47: =AG47+COUNTIF(AG3:AG47,AG47)-1 -> 45 | AG47: =_xlfn.RANK.EQ(AE47,AE:AE) -> 1
B48: 46 | C48: =SMALL(AG:AG, B48) -> 1 | D48: =INDEX(Z:Z,MATCH(B48,AF:AF,0)) -> 長久手B | E48: =INDEX(AA:AA,MATCH(B48,AF:AF,0)) -> 46 | F48: =INDEX(AB:AB,MATCH(B48,AF:AF,0)) -> 澤田 圭子 | G48: =INDEX(AC:AC,MATCH(B48,AF:AF,0)) -> 女 | H48: =INDEX(AD:AD,MATCH(F48,AB:AB,0)) -> 0 | I48: =IF($G48="男",ROW(),"") | J48: =IF($G48="女",ROW(),"") -> 48 | L48: =IF(O48="","",_xlfn.RANK.EQ(Q48,Q:Q)) | M48: =IF(O48="","",INDEX(D:D,MATCH(O48,F:F,0))) | N48: =IF(O48="","",INDEX(E:E,MATCH(O48,F:F,0))) | O48: =IF(COUNT(I:I)<ROW(B46),"",INDEX(F:F,SMALL(I:I,ROW(B46)))) | P48: =IF(O48="","",INDEX(H:H,MATCH(O48,F:F,0))) | Q48: =IF(O48="","",INDEX(AE:AE,MATCH(O48,AB:AB,0))) | S48: =IF(V48="","",_xlfn.RANK.EQ(X48,X:X)) | T48: =IF(V48="","",INDEX(D:D,MATCH(V48,F:F,0))) | U48: =IF(V48="","",INDEX(E:E,MATCH(V48,F:F,0))) | V48: =IF(COUNT(J:J)<ROW(B46),"",INDEX(F:F,SMALL(J:J,ROW(B46)))) | W48: =IF(V48="","",INDEX(H:H,MATCH(V48,F:F,0))) | X48: =IF(V48="","",INDEX(AE:AE,MATCH(V48,AB:AB,0))) | Z48: =IF(選手!L7="","",選手!L7) -> 長久手B | AA48: =IF(選手!M7="","",選手!M7) -> 46 | AB48: =IF(選手!N7="","",選手!N7) -> 澤田 圭子 | AC48: =IF(選手!O7="","",選手!O7) -> 女 | AD48: =記録!M41 -> 0 | AE48: =記録!M40 -> 0.1 | AF48: =AG48+COUNTIF(AG3:AG48,AG48)-1 -> 46 | AG48: =_xlfn.RANK.EQ(AE48,AE:AE) -> 1
B49: 47 | C49: =SMALL(AG:AG, B49) -> 1 | D49: =INDEX(Z:Z,MATCH(B49,AF:AF,0)) -> 長久手B | E49: =INDEX(AA:AA,MATCH(B49,AF:AF,0)) -> 47 | F49: =INDEX(AB:AB,MATCH(B49,AF:AF,0)) -> 水野 三穂 | G49: =INDEX(AC:AC,MATCH(B49,AF:AF,0)) -> 女 | H49: =INDEX(AD:AD,MATCH(F49,AB:AB,0)) -> 0 | I49: =IF($G49="男",ROW(),"") | J49: =IF($G49="女",ROW(),"") -> 49 | L49: =IF(O49="","",_xlfn.RANK.EQ(Q49,Q:Q)) | M49: =IF(O49="","",INDEX(D:D,MATCH(O49,F:F,0))) | N49: =IF(O49="","",INDEX(E:E,MATCH(O49,F:F,0))) | O49: =IF(COUNT(I:I)<ROW(B47),"",INDEX(F:F,SMALL(I:I,ROW(B47)))) | P49: =IF(O49="","",INDEX(H:H,MATCH(O49,F:F,0))) | Q49: =IF(O49="","",INDEX(AE:AE,MATCH(O49,AB:AB,0))) | S49: =IF(V49="","",_xlfn.RANK.EQ(X49,X:X)) | T49: =IF(V49="","",INDEX(D:D,MATCH(V49,F:F,0))) | U49: =IF(V49="","",INDEX(E:E,MATCH(V49,F:F,0))) | V49: =IF(COUNT(J:J)<ROW(B47),"",INDEX(F:F,SMALL(J:J,ROW(B47)))) | W49: =IF(V49="","",INDEX(H:H,MATCH(V49,F:F,0))) | X49: =IF(V49="","",INDEX(AE:AE,MATCH(V49,AB:AB,0))) | Z49: =IF(選手!L8="","",選手!L8) -> 長久手B | AA49: =IF(選手!M8="","",選手!M8) -> 47 | AB49: =IF(選手!N8="","",選手!N8) -> 水野 三穂 | AC49: =IF(選手!O8="","",選手!O8) -> 女 | AD49: =記録!L41 -> 0 | AE49: =記録!L40 -> 0.1 | AF49: =AG49+COUNTIF(AG3:AG49,AG49)-1 -> 47 | AG49: =_xlfn.RANK.EQ(AE49,AE:AE) -> 1
B50: 48 | C50: =SMALL(AG:AG, B50) -> 1 | D50: =INDEX(Z:Z,MATCH(B50,AF:AF,0)) -> 長久手B | E50: =INDEX(AA:AA,MATCH(B50,AF:AF,0)) -> 48 | F50: =INDEX(AB:AB,MATCH(B50,AF:AF,0)) -> 野々垣 奈緒子 | G50: =INDEX(AC:AC,MATCH(B50,AF:AF,0)) -> 女 | H50: =INDEX(AD:AD,MATCH(F50,AB:AB,0)) -> 0 | I50: =IF($G50="男",ROW(),"") | J50: =IF($G50="女",ROW(),"") -> 50 | L50: =IF(O50="","",_xlfn.RANK.EQ(Q50,Q:Q)) | M50: =IF(O50="","",INDEX(D:D,MATCH(O50,F:F,0))) | N50: =IF(O50="","",INDEX(E:E,MATCH(O50,F:F,0))) | O50: =IF(COUNT(I:I)<ROW(B48),"",INDEX(F:F,SMALL(I:I,ROW(B48)))) | P50: =IF(O50="","",INDEX(H:H,MATCH(O50,F:F,0))) | Q50: =IF(O50="","",INDEX(AE:AE,MATCH(O50,AB:AB,0))) | S50: =IF(V50="","",_xlfn.RANK.EQ(X50,X:X)) | T50: =IF(V50="","",INDEX(D:D,MATCH(V50,F:F,0))) | U50: =IF(V50="","",INDEX(E:E,MATCH(V50,F:F,0))) | V50: =IF(COUNT(J:J)<ROW(B48),"",INDEX(F:F,SMALL(J:J,ROW(B48)))) | W50: =IF(V50="","",INDEX(H:H,MATCH(V50,F:F,0))) | X50: =IF(V50="","",INDEX(AE:AE,MATCH(V50,AB:AB,0))) | Z50: =IF(選手!L9="","",選手!L9) -> 長久手B | AA50: =IF(選手!M9="","",選手!M9) -> 48 | AB50: =IF(選手!N9="","",選手!N9) -> 野々垣 奈緒子 | AC50: =IF(選手!O9="","",選手!O9) -> 女 | AD50: =記録!K41 -> 0 | AE50: =記録!K40 -> 0.1 | AF50: =AG50+COUNTIF(AG3:AG50,AG50)-1 -> 48 | AG50: =_xlfn.RANK.EQ(AE50,AE:AE) -> 1
B51: 49 | C51: =SMALL(AG:AG, B51) -> 1 | D51: =INDEX(Z:Z,MATCH(B51,AF:AF,0)) -> 豊明A | E51: =INDEX(AA:AA,MATCH(B51,AF:AF,0)) -> 49 | F51: =INDEX(AB:AB,MATCH(B51,AF:AF,0)) -> 榊原 隆一 | G51: =INDEX(AC:AC,MATCH(B51,AF:AF,0)) -> 男 | H51: =INDEX(AD:AD,MATCH(F51,AB:AB,0)) -> 0 | I51: =IF($G51="男",ROW(),"") -> 51 | J51: =IF($G51="女",ROW(),"") | L51: =IF(O51="","",_xlfn.RANK.EQ(Q51,Q:Q)) | M51: =IF(O51="","",INDEX(D:D,MATCH(O51,F:F,0))) | N51: =IF(O51="","",INDEX(E:E,MATCH(O51,F:F,0))) | O51: =IF(COUNT(I:I)<ROW(B49),"",INDEX(F:F,SMALL(I:I,ROW(B49)))) | P51: =IF(O51="","",INDEX(H:H,MATCH(O51,F:F,0))) | Q51: =IF(O51="","",INDEX(AE:AE,MATCH(O51,AB:AB,0))) | S51: =IF(V51="","",_xlfn.RANK.EQ(X51,X:X)) | T51: =IF(V51="","",INDEX(D:D,MATCH(V51,F:F,0))) | U51: =IF(V51="","",INDEX(E:E,MATCH(V51,F:F,0))) | V51: =IF(COUNT(J:J)<ROW(B49),"",INDEX(F:F,SMALL(J:J,ROW(B49)))) | W51: =IF(V51="","",INDEX(H:H,MATCH(V51,F:F,0))) | X51: =IF(V51="","",INDEX(AE:AE,MATCH(V51,AB:AB,0))) | Z51: =IF(選手!L10="","",選手!L10) -> 豊明A | AA51: =IF(選手!M10="","",選手!M10) -> 49 | AB51: =IF(選手!N10="","",選手!N10) -> 榊原 隆一 | AC51: =IF(選手!O10="","",選手!O10) -> 男 | AD51: =記録!J41 -> 0 | AE51: =記録!J40 -> 0.1 | AF51: =AG51+COUNTIF(AG3:AG51,AG51)-1 -> 49 | AG51: =_xlfn.RANK.EQ(AE51,AE:AE) -> 1
B52: 50 | C52: =SMALL(AG:AG, B52) -> 1 | D52: =INDEX(Z:Z,MATCH(B52,AF:AF,0)) -> 豊明A | E52: =INDEX(AA:AA,MATCH(B52,AF:AF,0)) -> 50 | F52: =INDEX(AB:AB,MATCH(B52,AF:AF,0)) -> 堀 隆教 | G52: =INDEX(AC:AC,MATCH(B52,AF:AF,0)) -> 男 | H52: =INDEX(AD:AD,MATCH(F52,AB:AB,0)) -> 0 | I52: =IF($G52="男",ROW(),"") -> 52 | J52: =IF($G52="女",ROW(),"") | L52: =IF(O52="","",_xlfn.RANK.EQ(Q52,Q:Q)) | M52: =IF(O52="","",INDEX(D:D,MATCH(O52,F:F,0))) | N52: =IF(O52="","",INDEX(E:E,MATCH(O52,F:F,0))) | O52: =IF(COUNT(I:I)<ROW(B50),"",INDEX(F:F,SMALL(I:I,ROW(B50)))) | P52: =IF(O52="","",INDEX(H:H,MATCH(O52,F:F,0))) | Q52: =IF(O52="","",INDEX(AE:AE,MATCH(O52,AB:AB,0))) | S52: =IF(V52="","",_xlfn.RANK.EQ(X52,X:X)) | T52: =IF(V52="","",INDEX(D:D,MATCH(V52,F:F,0))) | U52: =IF(V52="","",INDEX(E:E,MATCH(V52,F:F,0))) | V52: =IF(COUNT(J:J)<ROW(B50),"",INDEX(F:F,SMALL(J:J,ROW(B50)))) | W52: =IF(V52="","",INDEX(H:H,MATCH(V52,F:F,0))) | X52: =IF(V52="","",INDEX(AE:AE,MATCH(V52,AB:AB,0))) | Z52: =IF(選手!L11="","",選手!L11) -> 豊明A | AA52: =IF(選手!M11="","",選手!M11) -> 50 | AB52: =IF(選手!N11="","",選手!N11) -> 堀 隆教 | AC52: =IF(選手!O11="","",選手!O11) -> 男 | AD52: =記録!I41 -> 0 | AE52: =記録!I40 -> 0.1 | AF52: =AG52+COUNTIF(AG3:AG52,AG52)-1 -> 50 | AG52: =_xlfn.RANK.EQ(AE52,AE:AE) -> 1
B53: 51 | C53: =SMALL(AG:AG, B53) -> 1 | D53: =INDEX(Z:Z,MATCH(B53,AF:AF,0)) -> 豊明A | E53: =INDEX(AA:AA,MATCH(B53,AF:AF,0)) -> 51 | F53: =INDEX(AB:AB,MATCH(B53,AF:AF,0)) -> 近藤 治 | G53: =INDEX(AC:AC,MATCH(B53,AF:AF,0)) -> 男 | H53: =INDEX(AD:AD,MATCH(F53,AB:AB,0)) -> 0 | I53: =IF($G53="男",ROW(),"") -> 53 | J53: =IF($G53="女",ROW(),"") | L53: =IF(O53="","",_xlfn.RANK.EQ(Q53,Q:Q)) | M53: =IF(O53="","",INDEX(D:D,MATCH(O53,F:F,0))) | N53: =IF(O53="","",INDEX(E:E,MATCH(O53,F:F,0))) | O53: =IF(COUNT(I:I)<ROW(B51),"",INDEX(F:F,SMALL(I:I,ROW(B51)))) | P53: =IF(O53="","",INDEX(H:H,MATCH(O53,F:F,0))) | Q53: =IF(O53="","",INDEX(AE:AE,MATCH(O53,AB:AB,0))) | S53: =IF(V53="","",_xlfn.RANK.EQ(X53,X:X)) | T53: =IF(V53="","",INDEX(D:D,MATCH(V53,F:F,0))) | U53: =IF(V53="","",INDEX(E:E,MATCH(V53,F:F,0))) | V53: =IF(COUNT(J:J)<ROW(B51),"",INDEX(F:F,SMALL(J:J,ROW(B51)))) | W53: =IF(V53="","",INDEX(H:H,MATCH(V53,F:F,0))) | X53: =IF(V53="","",INDEX(AE:AE,MATCH(V53,AB:AB,0))) | Z53: =IF(選手!L12="","",選手!L12) -> 豊明A | AA53: =IF(選手!M12="","",選手!M12) -> 51 | AB53: =IF(選手!N12="","",選手!N12) -> 近藤 治 | AC53: =IF(選手!O12="","",選手!O12) -> 男 | AD53: =記録!H41 -> 0 | AE53: =記録!H40 -> 0.1 | AF53: =AG53+COUNTIF(AG3:AG53,AG53)-1 -> 51 | AG53: =_xlfn.RANK.EQ(AE53,AE:AE) -> 1
B54: 52 | C54: =SMALL(AG:AG, B54) -> 1 | D54: =INDEX(Z:Z,MATCH(B54,AF:AF,0)) -> 豊明A | E54: =INDEX(AA:AA,MATCH(B54,AF:AF,0)) -> 52 | F54: =INDEX(AB:AB,MATCH(B54,AF:AF,0)) -> 園田 敏雄 | G54: =INDEX(AC:AC,MATCH(B54,AF:AF,0)) -> 男 | H54: =INDEX(AD:AD,MATCH(F54,AB:AB,0)) -> 0 | I54: =IF($G54="男",ROW(),"") -> 54 | J54: =IF($G54="女",ROW(),"") | L54: =IF(O54="","",_xlfn.RANK.EQ(Q54,Q:Q)) | M54: =IF(O54="","",INDEX(D:D,MATCH(O54,F:F,0))) | N54: =IF(O54="","",INDEX(E:E,MATCH(O54,F:F,0))) | O54: =IF(COUNT(I:I)<ROW(B52),"",INDEX(F:F,SMALL(I:I,ROW(B52)))) | P54: =IF(O54="","",INDEX(H:H,MATCH(O54,F:F,0))) | Q54: =IF(O54="","",INDEX(AE:AE,MATCH(O54,AB:AB,0))) | S54: =IF(V54="","",_xlfn.RANK.EQ(X54,X:X)) | T54: =IF(V54="","",INDEX(D:D,MATCH(V54,F:F,0))) | U54: =IF(V54="","",INDEX(E:E,MATCH(V54,F:F,0))) | V54: =IF(COUNT(J:J)<ROW(B52),"",INDEX(F:F,SMALL(J:J,ROW(B52)))) | W54: =IF(V54="","",INDEX(H:H,MATCH(V54,F:F,0))) | X54: =IF(V54="","",INDEX(AE:AE,MATCH(V54,AB:AB,0))) | Z54: =IF(選手!L13="","",選手!L13) -> 豊明A | AA54: =IF(選手!M13="","",選手!M13) -> 52 | AB54: =IF(選手!N13="","",選手!N13) -> 園田 敏雄 | AC54: =IF(選手!O13="","",選手!O13) -> 男 | AD54: =記録!G41 -> 0 | AE54: =記録!G40 -> 0.1 | AF54: =AG54+COUNTIF(AG3:AG54,AG54)-1 -> 52 | AG54: =_xlfn.RANK.EQ(AE54,AE:AE) -> 1
B55: 53 | C55: =SMALL(AG:AG, B55) -> 1 | D55: =INDEX(Z:Z,MATCH(B55,AF:AF,0)) -> 豊明B | E55: =INDEX(AA:AA,MATCH(B55,AF:AF,0)) -> 53 | F55: =INDEX(AB:AB,MATCH(B55,AF:AF,0)) -> 安藤 雅子 | G55: =INDEX(AC:AC,MATCH(B55,AF:AF,0)) -> 女 | H55: =INDEX(AD:AD,MATCH(F55,AB:AB,0)) -> 0 | I55: =IF($G55="男",ROW(),"") | J55: =IF($G55="女",ROW(),"") -> 55 | L55: =IF(O55="","",_xlfn.RANK.EQ(Q55,Q:Q)) | M55: =IF(O55="","",INDEX(D:D,MATCH(O55,F:F,0))) | N55: =IF(O55="","",INDEX(E:E,MATCH(O55,F:F,0))) | O55: =IF(COUNT(I:I)<ROW(B53),"",INDEX(F:F,SMALL(I:I,ROW(B53)))) | P55: =IF(O55="","",INDEX(H:H,MATCH(O55,F:F,0))) | Q55: =IF(O55="","",INDEX(AE:AE,MATCH(O55,AB:AB,0))) | S55: =IF(V55="","",_xlfn.RANK.EQ(X55,X:X)) | T55: =IF(V55="","",INDEX(D:D,MATCH(V55,F:F,0))) | U55: =IF(V55="","",INDEX(E:E,MATCH(V55,F:F,0))) | V55: =IF(COUNT(J:J)<ROW(B53),"",INDEX(F:F,SMALL(J:J,ROW(B53)))) | W55: =IF(V55="","",INDEX(H:H,MATCH(V55,F:F,0))) | X55: =IF(V55="","",INDEX(AE:AE,MATCH(V55,AB:AB,0))) | Z55: =IF(選手!L14="","",選手!L14) -> 豊明B | AA55: =IF(選手!M14="","",選手!M14) -> 53 | AB55: =IF(選手!N14="","",選手!N14) -> 安藤 雅子 | AC55: =IF(選手!O14="","",選手!O14) -> 女 | AD55: =記録!F41 -> 0 | AE55: =記録!F40 -> 0.1 | AF55: =AG55+COUNTIF(AG3:AG55,AG55)-1 -> 53 | AG55: =_xlfn.RANK.EQ(AE55,AE:AE) -> 1
B56: 54 | C56: =SMALL(AG:AG, B56) -> 1 | D56: =INDEX(Z:Z,MATCH(B56,AF:AF,0)) -> 豊明B | E56: =INDEX(AA:AA,MATCH(B56,AF:AF,0)) -> 54 | F56: =INDEX(AB:AB,MATCH(B56,AF:AF,0)) -> 青松 未記 | G56: =INDEX(AC:AC,MATCH(B56,AF:AF,0)) -> 女 | H56: =INDEX(AD:AD,MATCH(F56,AB:AB,0)) -> 0 | I56: =IF($G56="男",ROW(),"") | J56: =IF($G56="女",ROW(),"") -> 56 | L56: =IF(O56="","",_xlfn.RANK.EQ(Q56,Q:Q)) | M56: =IF(O56="","",INDEX(D:D,MATCH(O56,F:F,0))) | N56: =IF(O56="","",INDEX(E:E,MATCH(O56,F:F,0))) | O56: =IF(COUNT(I:I)<ROW(B54),"",INDEX(F:F,SMALL(I:I,ROW(B54)))) | P56: =IF(O56="","",INDEX(H:H,MATCH(O56,F:F,0))) | Q56: =IF(O56="","",INDEX(AE:AE,MATCH(O56,AB:AB,0))) | S56: =IF(V56="","",_xlfn.RANK.EQ(X56,X:X)) | T56: =IF(V56="","",INDEX(D:D,MATCH(V56,F:F,0))) | U56: =IF(V56="","",INDEX(E:E,MATCH(V56,F:F,0))) | V56: =IF(COUNT(J:J)<ROW(B54),"",INDEX(F:F,SMALL(J:J,ROW(B54)))) | W56: =IF(V56="","",INDEX(H:H,MATCH(V56,F:F,0))) | X56: =IF(V56="","",INDEX(AE:AE,MATCH(V56,AB:AB,0))) | Z56: =IF(選手!L15="","",選手!L15) -> 豊明B | AA56: =IF(選手!M15="","",選手!M15) -> 54 | AB56: =IF(選手!N15="","",選手!N15) -> 青松 未記 | AC56: =IF(選手!O15="","",選手!O15) -> 女 | AD56: =記録!E41 -> 0 | AE56: =記録!E40 -> 0.1 | AF56: =AG56+COUNTIF(AG3:AG56,AG56)-1 -> 54 | AG56: =_xlfn.RANK.EQ(AE56,AE:AE) -> 1
B57: 55 | C57: =SMALL(AG:AG, B57) -> 1 | D57: =INDEX(Z:Z,MATCH(B57,AF:AF,0)) -> 豊明B | E57: =INDEX(AA:AA,MATCH(B57,AF:AF,0)) -> 55 | F57: =INDEX(AB:AB,MATCH(B57,AF:AF,0)) -> 樋田 良子 | G57: =INDEX(AC:AC,MATCH(B57,AF:AF,0)) -> 女 | H57: =INDEX(AD:AD,MATCH(F57,AB:AB,0)) -> 0 | I57: =IF($G57="男",ROW(),"") | J57: =IF($G57="女",ROW(),"") -> 57 | L57: =IF(O57="","",_xlfn.RANK.EQ(Q57,Q:Q)) | M57: =IF(O57="","",INDEX(D:D,MATCH(O57,F:F,0))) | N57: =IF(O57="","",INDEX(E:E,MATCH(O57,F:F,0))) | O57: =IF(COUNT(I:I)<ROW(B55),"",INDEX(F:F,SMALL(I:I,ROW(B55)))) | P57: =IF(O57="","",INDEX(H:H,MATCH(O57,F:F,0))) | Q57: =IF(O57="","",INDEX(AE:AE,MATCH(O57,AB:AB,0))) | S57: =IF(V57="","",_xlfn.RANK.EQ(X57,X:X)) | T57: =IF(V57="","",INDEX(D:D,MATCH(V57,F:F,0))) | U57: =IF(V57="","",INDEX(E:E,MATCH(V57,F:F,0))) | V57: =IF(COUNT(J:J)<ROW(B55),"",INDEX(F:F,SMALL(J:J,ROW(B55)))) | W57: =IF(V57="","",INDEX(H:H,MATCH(V57,F:F,0))) | X57: =IF(V57="","",INDEX(AE:AE,MATCH(V57,AB:AB,0))) | Z57: =IF(選手!L16="","",選手!L16) -> 豊明B | AA57: =IF(選手!M16="","",選手!M16) -> 55 | AB57: =IF(選手!N16="","",選手!N16) -> 樋田 良子 | AC57: =IF(選手!O16="","",選手!O16) -> 女 | AD57: =記録!D41 -> 0 | AE57: =記録!D40 -> 0.1 | AF57: =AG57+COUNTIF(AG3:AG57,AG57)-1 -> 55 | AG57: =_xlfn.RANK.EQ(AE57,AE:AE) -> 1
B58: 56 | C58: =SMALL(AG:AG, B58) -> 1 | D58: =INDEX(Z:Z,MATCH(B58,AF:AF,0)) -> 豊明B | E58: =INDEX(AA:AA,MATCH(B58,AF:AF,0)) -> 56 | F58: =INDEX(AB:AB,MATCH(B58,AF:AF,0)) -> 堀井 恵美子 | G58: =INDEX(AC:AC,MATCH(B58,AF:AF,0)) -> 女 | H58: =INDEX(AD:AD,MATCH(F58,AB:AB,0)) -> 0 | I58: =IF($G58="男",ROW(),"") | J58: =IF($G58="女",ROW(),"") -> 58 | L58: =IF(O58="","",_xlfn.RANK.EQ(Q58,Q:Q)) | M58: =IF(O58="","",INDEX(D:D,MATCH(O58,F:F,0))) | N58: =IF(O58="","",INDEX(E:E,MATCH(O58,F:F,0))) | O58: =IF(COUNT(I:I)<ROW(B56),"",INDEX(F:F,SMALL(I:I,ROW(B56)))) | P58: =IF(O58="","",INDEX(H:H,MATCH(O58,F:F,0))) | Q58: =IF(O58="","",INDEX(AE:AE,MATCH(O58,AB:AB,0))) | S58: =IF(V58="","",_xlfn.RANK.EQ(X58,X:X)) | T58: =IF(V58="","",INDEX(D:D,MATCH(V58,F:F,0))) | U58: =IF(V58="","",INDEX(E:E,MATCH(V58,F:F,0))) | V58: =IF(COUNT(J:J)<ROW(B56),"",INDEX(F:F,SMALL(J:J,ROW(B56)))) | W58: =IF(V58="","",INDEX(H:H,MATCH(V58,F:F,0))) | X58: =IF(V58="","",INDEX(AE:AE,MATCH(V58,AB:AB,0))) | Z58: =IF(選手!L17="","",選手!L17) -> 豊明B | AA58: =IF(選手!M17="","",選手!M17) -> 56 | AB58: =IF(選手!N17="","",選手!N17) -> 堀井 恵美子 | AC58: =IF(選手!O17="","",選手!O17) -> 女 | AD58: =記録!C41 -> 0 | AE58: =記録!C40 -> 0.1 | AF58: =AG58+COUNTIF(AG3:AG58,AG58)-1 -> 56 | AG58: =_xlfn.RANK.EQ(AE58,AE:AE) -> 1
B59: 57 | C59: =SMALL(AG:AG, B59) -> 1 | D59: =INDEX(Z:Z,MATCH(B59,AF:AF,0)) | E59: =INDEX(AA:AA,MATCH(B59,AF:AF,0)) | F59: =INDEX(AB:AB,MATCH(B59,AF:AF,0)) | G59: =INDEX(AC:AC,MATCH(B59,AF:AF,0)) | H59: =INDEX(AD:AD,MATCH(F59,AB:AB,0)) -> 0 | I59: =IF($G59="男",ROW(),"") | J59: =IF($G59="女",ROW(),"") | L59: =IF(O59="","",_xlfn.RANK.EQ(Q59,Q:Q)) | M59: =IF(O59="","",INDEX(D:D,MATCH(O59,F:F,0))) | N59: =IF(O59="","",INDEX(E:E,MATCH(O59,F:F,0))) | O59: =IF(COUNT(I:I)<ROW(B57),"",INDEX(F:F,SMALL(I:I,ROW(B57)))) | P59: =IF(O59="","",INDEX(H:H,MATCH(O59,F:F,0))) | Q59: =IF(O59="","",INDEX(AE:AE,MATCH(O59,AB:AB,0))) | S59: =IF(V59="","",_xlfn.RANK.EQ(X59,X:X)) | T59: =IF(V59="","",INDEX(D:D,MATCH(V59,F:F,0))) | U59: =IF(V59="","",INDEX(E:E,MATCH(V59,F:F,0))) | V59: =IF(COUNT(J:J)<ROW(B57),"",INDEX(F:F,SMALL(J:J,ROW(B57)))) | W59: =IF(V59="","",INDEX(H:H,MATCH(V59,F:F,0))) | X59: =IF(V59="","",INDEX(AE:AE,MATCH(V59,AB:AB,0))) | Z59: =IF(選手!Q2="","",選手!Q2) | AA59: =IF(選手!R2="","",選手!R2) | AB59: =IF(選手!S2="","",選手!S2) | AC59: =IF(選手!T2="","",選手!T2) | AD59: =記録!AE41 -> 0 | AE59: =記録!AE40 -> 0.1 | AF59: =AG59+COUNTIF(AG3:AG59,AG59)-1 -> 57 | AG59: =_xlfn.RANK.EQ(AE59,AE:AE) -> 1
B60: 58 | C60: =SMALL(AG:AG, B60) -> 1 | D60: =INDEX(Z:Z,MATCH(B60,AF:AF,0)) | E60: =INDEX(AA:AA,MATCH(B60,AF:AF,0)) | F60: =INDEX(AB:AB,MATCH(B60,AF:AF,0)) | G60: =INDEX(AC:AC,MATCH(B60,AF:AF,0)) | H60: =INDEX(AD:AD,MATCH(F60,AB:AB,0)) -> 0 | I60: =IF($G60="男",ROW(),"") | J60: =IF($G60="女",ROW(),"") | L60: =IF(O60="","",_xlfn.RANK.EQ(Q60,Q:Q)) | M60: =IF(O60="","",INDEX(D:D,MATCH(O60,F:F,0))) | N60: =IF(O60="","",INDEX(E:E,MATCH(O60,F:F,0))) | O60: =IF(COUNT(I:I)<ROW(B58),"",INDEX(F:F,SMALL(I:I,ROW(B58)))) | P60: =IF(O60="","",INDEX(H:H,MATCH(O60,F:F,0))) | Q60: =IF(O60="","",INDEX(AE:AE,MATCH(O60,AB:AB,0))) | S60: =IF(V60="","",_xlfn.RANK.EQ(X60,X:X)) | T60: =IF(V60="","",INDEX(D:D,MATCH(V60,F:F,0))) | U60: =IF(V60="","",INDEX(E:E,MATCH(V60,F:F,0))) | V60: =IF(COUNT(J:J)<ROW(B58),"",INDEX(F:F,SMALL(J:J,ROW(B58)))) | W60: =IF(V60="","",INDEX(H:H,MATCH(V60,F:F,0))) | X60: =IF(V60="","",INDEX(AE:AE,MATCH(V60,AB:AB,0))) | Z60: =IF(選手!Q3="","",選手!Q3) | AA60: =IF(選手!R3="","",選手!R3) | AB60: =IF(選手!S3="","",選手!S3) | AC60: =IF(選手!T3="","",選手!T3) | AD60: =記録!AD41 -> 0 | AE60: =記録!AD40 -> 0.1 | AF60: =AG60+COUNTIF(AG3:AG60,AG60)-1 -> 58 | AG60: =_xlfn.RANK.EQ(AE60,AE:AE) -> 1
B61: 59 | C61: =SMALL(AG:AG, B61) -> 1 | D61: =INDEX(Z:Z,MATCH(B61,AF:AF,0)) | E61: =INDEX(AA:AA,MATCH(B61,AF:AF,0)) | F61: =INDEX(AB:AB,MATCH(B61,AF:AF,0)) | G61: =INDEX(AC:AC,MATCH(B61,AF:AF,0)) | H61: =INDEX(AD:AD,MATCH(F61,AB:AB,0)) -> 0 | I61: =IF($G61="男",ROW(),"") | J61: =IF($G61="女",ROW(),"") | L61: =IF(O61="","",_xlfn.RANK.EQ(Q61,Q:Q)) | M61: =IF(O61="","",INDEX(D:D,MATCH(O61,F:F,0))) | N61: =IF(O61="","",INDEX(E:E,MATCH(O61,F:F,0))) | O61: =IF(COUNT(I:I)<ROW(B59),"",INDEX(F:F,SMALL(I:I,ROW(B59)))) | P61: =IF(O61="","",INDEX(H:H,MATCH(O61,F:F,0))) | Q61: =IF(O61="","",INDEX(AE:AE,MATCH(O61,AB:AB,0))) | S61: =IF(V61="","",_xlfn.RANK.EQ(X61,X:X)) | T61: =IF(V61="","",INDEX(D:D,MATCH(V61,F:F,0))) | U61: =IF(V61="","",INDEX(E:E,MATCH(V61,F:F,0))) | V61: =IF(COUNT(J:J)<ROW(B59),"",INDEX(F:F,SMALL(J:J,ROW(B59)))) | W61: =IF(V61="","",INDEX(H:H,MATCH(V61,F:F,0))) | X61: =IF(V61="","",INDEX(AE:AE,MATCH(V61,AB:AB,0))) | Z61: =IF(選手!Q4="","",選手!Q4) | AA61: =IF(選手!R4="","",選手!R4) | AB61: =IF(選手!S4="","",選手!S4) | AC61: =IF(選手!T4="","",選手!T4) | AD61: =記録!AC41 -> 0 | AE61: =記録!AC40 -> 0.1 | AF61: =AG61+COUNTIF(AG3:AG61,AG61)-1 -> 59 | AG61: =_xlfn.RANK.EQ(AE61,AE:AE) -> 1
B62: 60 | C62: =SMALL(AG:AG, B62) -> 1 | D62: =INDEX(Z:Z,MATCH(B62,AF:AF,0)) | E62: =INDEX(AA:AA,MATCH(B62,AF:AF,0)) | F62: =INDEX(AB:AB,MATCH(B62,AF:AF,0)) | G62: =INDEX(AC:AC,MATCH(B62,AF:AF,0)) | H62: =INDEX(AD:AD,MATCH(F62,AB:AB,0)) -> 0 | I62: =IF($G62="男",ROW(),"") | J62: =IF($G62="女",ROW(),"") | L62: =IF(O62="","",_xlfn.RANK.EQ(Q62,Q:Q)) | M62: =IF(O62="","",INDEX(D:D,MATCH(O62,F:F,0))) | N62: =IF(O62="","",INDEX(E:E,MATCH(O62,F:F,0))) | O62: =IF(COUNT(I:I)<ROW(B60),"",INDEX(F:F,SMALL(I:I,ROW(B60)))) | P62: =IF(O62="","",INDEX(H:H,MATCH(O62,F:F,0))) | Q62: =IF(O62="","",INDEX(AE:AE,MATCH(O62,AB:AB,0))) | S62: =IF(V62="","",_xlfn.RANK.EQ(X62,X:X)) | T62: =IF(V62="","",INDEX(D:D,MATCH(V62,F:F,0))) | U62: =IF(V62="","",INDEX(E:E,MATCH(V62,F:F,0))) | V62: =IF(COUNT(J:J)<ROW(B60),"",INDEX(F:F,SMALL(J:J,ROW(B60)))) | W62: =IF(V62="","",INDEX(H:H,MATCH(V62,F:F,0))) | X62: =IF(V62="","",INDEX(AE:AE,MATCH(V62,AB:AB,0))) | Z62: =IF(選手!Q5="","",選手!Q5) | AA62: =IF(選手!R5="","",選手!R5) | AB62: =IF(選手!S5="","",選手!S5) | AC62: =IF(選手!T5="","",選手!T5) | AD62: =記録!AB41 -> 0 | AE62: =記録!AB40 -> 0.1 | AF62: =AG62+COUNTIF(AG3:AG62,AG62)-1 -> 60 | AG62: =_xlfn.RANK.EQ(AE62,AE:AE) -> 1
B63: 61 | C63: =SMALL(AG:AG, B63) -> 1 | D63: =INDEX(Z:Z,MATCH(B63,AF:AF,0)) | E63: =INDEX(AA:AA,MATCH(B63,AF:AF,0)) | F63: =INDEX(AB:AB,MATCH(B63,AF:AF,0)) | G63: =INDEX(AC:AC,MATCH(B63,AF:AF,0)) | H63: =INDEX(AD:AD,MATCH(F63,AB:AB,0)) -> 0 | I63: =IF($G63="男",ROW(),"") | J63: =IF($G63="女",ROW(),"") | L63: =IF(O63="","",_xlfn.RANK.EQ(Q63,Q:Q)) | M63: =IF(O63="","",INDEX(D:D,MATCH(O63,F:F,0))) | N63: =IF(O63="","",INDEX(E:E,MATCH(O63,F:F,0))) | O63: =IF(COUNT(I:I)<ROW(B61),"",INDEX(F:F,SMALL(I:I,ROW(B61)))) | P63: =IF(O63="","",INDEX(H:H,MATCH(O63,F:F,0))) | Q63: =IF(O63="","",INDEX(AE:AE,MATCH(O63,AB:AB,0))) | S63: =IF(V63="","",_xlfn.RANK.EQ(X63,X:X)) | T63: =IF(V63="","",INDEX(D:D,MATCH(V63,F:F,0))) | U63: =IF(V63="","",INDEX(E:E,MATCH(V63,F:F,0))) | V63: =IF(COUNT(J:J)<ROW(B61),"",INDEX(F:F,SMALL(J:J,ROW(B61)))) | W63: =IF(V63="","",INDEX(H:H,MATCH(V63,F:F,0))) | X63: =IF(V63="","",INDEX(AE:AE,MATCH(V63,AB:AB,0))) | Z63: =IF(選手!Q6="","",選手!Q6) | AA63: =IF(選手!R6="","",選手!R6) | AB63: =IF(選手!S6="","",選手!S6) | AC63: =IF(選手!T6="","",選手!T6) | AD63: =記録!AA41 -> 0 | AE63: =記録!AA40 -> 0.1 | AF63: =AG63+COUNTIF(AG3:AG63,AG63)-1 -> 61 | AG63: =_xlfn.RANK.EQ(AE63,AE:AE) -> 1
B64: 62 | C64: =SMALL(AG:AG, B64) -> 1 | D64: =INDEX(Z:Z,MATCH(B64,AF:AF,0)) | E64: =INDEX(AA:AA,MATCH(B64,AF:AF,0)) | F64: =INDEX(AB:AB,MATCH(B64,AF:AF,0)) | G64: =INDEX(AC:AC,MATCH(B64,AF:AF,0)) | H64: =INDEX(AD:AD,MATCH(F64,AB:AB,0)) -> 0 | I64: =IF($G64="男",ROW(),"") | J64: =IF($G64="女",ROW(),"") | L64: =IF(O64="","",_xlfn.RANK.EQ(Q64,Q:Q)) | M64: =IF(O64="","",INDEX(D:D,MATCH(O64,F:F,0))) | N64: =IF(O64="","",INDEX(E:E,MATCH(O64,F:F,0))) | O64: =IF(COUNT(I:I)<ROW(B62),"",INDEX(F:F,SMALL(I:I,ROW(B62)))) | P64: =IF(O64="","",INDEX(H:H,MATCH(O64,F:F,0))) | Q64: =IF(O64="","",INDEX(AE:AE,MATCH(O64,AB:AB,0))) | S64: =IF(V64="","",_xlfn.RANK.EQ(X64,X:X)) | T64: =IF(V64="","",INDEX(D:D,MATCH(V64,F:F,0))) | U64: =IF(V64="","",INDEX(E:E,MATCH(V64,F:F,0))) | V64: =IF(COUNT(J:J)<ROW(B62),"",INDEX(F:F,SMALL(J:J,ROW(B62)))) | W64: =IF(V64="","",INDEX(H:H,MATCH(V64,F:F,0))) | X64: =IF(V64="","",INDEX(AE:AE,MATCH(V64,AB:AB,0))) | Z64: =IF(選手!Q7="","",選手!Q7) | AA64: =IF(選手!R7="","",選手!R7) | AB64: =IF(選手!S7="","",選手!S7) | AC64: =IF(選手!T7="","",選手!T7) | AD64: =記録!Z41 -> 0 | AE64: =記録!Z40 -> 0.1 | AF64: =AG64+COUNTIF(AG3:AG64,AG64)-1 -> 62 | AG64: =_xlfn.RANK.EQ(AE64,AE:AE) -> 1
B65: 63 | C65: =SMALL(AG:AG, B65) -> 1 | D65: =INDEX(Z:Z,MATCH(B65,AF:AF,0)) | E65: =INDEX(AA:AA,MATCH(B65,AF:AF,0)) | F65: =INDEX(AB:AB,MATCH(B65,AF:AF,0)) | G65: =INDEX(AC:AC,MATCH(B65,AF:AF,0)) | H65: =INDEX(AD:AD,MATCH(F65,AB:AB,0)) -> 0 | I65: =IF($G65="男",ROW(),"") | J65: =IF($G65="女",ROW(),"") | L65: =IF(O65="","",_xlfn.RANK.EQ(Q65,Q:Q)) | M65: =IF(O65="","",INDEX(D:D,MATCH(O65,F:F,0))) | N65: =IF(O65="","",INDEX(E:E,MATCH(O65,F:F,0))) | O65: =IF(COUNT(I:I)<ROW(B63),"",INDEX(F:F,SMALL(I:I,ROW(B63)))) | P65: =IF(O65="","",INDEX(H:H,MATCH(O65,F:F,0))) | Q65: =IF(O65="","",INDEX(AE:AE,MATCH(O65,AB:AB,0))) | S65: =IF(V65="","",_xlfn.RANK.EQ(X65,X:X)) | T65: =IF(V65="","",INDEX(D:D,MATCH(V65,F:F,0))) | U65: =IF(V65="","",INDEX(E:E,MATCH(V65,F:F,0))) | V65: =IF(COUNT(J:J)<ROW(B63),"",INDEX(F:F,SMALL(J:J,ROW(B63)))) | W65: =IF(V65="","",INDEX(H:H,MATCH(V65,F:F,0))) | X65: =IF(V65="","",INDEX(AE:AE,MATCH(V65,AB:AB,0))) | Z65: =IF(選手!Q8="","",選手!Q8) | AA65: =IF(選手!R8="","",選手!R8) | AB65: =IF(選手!S8="","",選手!S8) | AC65: =IF(選手!T8="","",選手!T8) | AD65: =記録!Y41 -> 0 | AE65: =記録!Y40 -> 0.1 | AF65: =AG65+COUNTIF(AG3:AG65,AG65)-1 -> 63 | AG65: =_xlfn.RANK.EQ(AE65,AE:AE) -> 1
B66: 64 | C66: =SMALL(AG:AG, B66) -> 1 | D66: =INDEX(Z:Z,MATCH(B66,AF:AF,0)) | E66: =INDEX(AA:AA,MATCH(B66,AF:AF,0)) | F66: =INDEX(AB:AB,MATCH(B66,AF:AF,0)) | G66: =INDEX(AC:AC,MATCH(B66,AF:AF,0)) | H66: =INDEX(AD:AD,MATCH(F66,AB:AB,0)) -> 0 | I66: =IF($G66="男",ROW(),"") | J66: =IF($G66="女",ROW(),"") | L66: =IF(O66="","",_xlfn.RANK.EQ(Q66,Q:Q)) | M66: =IF(O66="","",INDEX(D:D,MATCH(O66,F:F,0))) | N66: =IF(O66="","",INDEX(E:E,MATCH(O66,F:F,0))) | O66: =IF(COUNT(I:I)<ROW(B64),"",INDEX(F:F,SMALL(I:I,ROW(B64)))) | P66: =IF(O66="","",INDEX(H:H,MATCH(O66,F:F,0))) | Q66: =IF(O66="","",INDEX(AE:AE,MATCH(O66,AB:AB,0))) | S66: =IF(V66="","",_xlfn.RANK.EQ(X66,X:X)) | T66: =IF(V66="","",INDEX(D:D,MATCH(V66,F:F,0))) | U66: =IF(V66="","",INDEX(E:E,MATCH(V66,F:F,0))) | V66: =IF(COUNT(J:J)<ROW(B64),"",INDEX(F:F,SMALL(J:J,ROW(B64)))) | W66: =IF(V66="","",INDEX(H:H,MATCH(V66,F:F,0))) | X66: =IF(V66="","",INDEX(AE:AE,MATCH(V66,AB:AB,0))) | Z66: =IF(選手!Q9="","",選手!Q9) | AA66: =IF(選手!R9="","",選手!R9) | AB66: =IF(選手!S9="","",選手!S9) | AC66: =IF(選手!T9="","",選手!T9) | AD66: =記録!X41 -> 0 | AE66: =記録!X40 -> 0.1 | AF66: =AG66+COUNTIF(AG3:AG66,AG66)-1 -> 64 | AG66: =_xlfn.RANK.EQ(AE66,AE:AE) -> 1

Sheet 春日井
A1: =IF(記録!C2="","",記録!C2) -> 春日井A | E1: =IF(記録!C20="","",記録!C20) -> 春日井B | I1: チーム
A2: =IF(記録!C3="","",記録!C3) -> 0 | E2: =IF(記録!C21="","",記録!C21) -> 0 | I2: チーム合計
A3: =IF(記録!C5="","",記録!C5) -> 0 | B3: =IF(記録!D5="","",記録!D5) -> 0 | C3: =IF(記録!E5="","",記録!E5) -> 0 | D3: =IF(記録!F5="","",記録!F5) -> 0 | E3: =IF(記録!C23="","",記録!C23) -> 0 | F3: =IF(記録!D23="","",記録!D23) -> 0 | G3: =IF(記録!E23="","",記録!E23) -> 0 | H3: =IF(記録!F23="","",記録!F23) -> 0 | I3: 個人合計
A4: =IF(記録!C6="","",記録!C6) -> 0 | B4: =IF(記録!D6="","",記録!D6) -> 0 | C4: =IF(記録!E6="","",記録!E6) -> 0 | D4: =IF(記録!F6="","",記録!F6) -> 0 | E4: =IF(記録!C24="","",記録!C24) -> 0 | F4: =IF(記録!D24="","",記録!D24) -> 0 | G4: =IF(記録!E24="","",記録!E24) -> 0 | H4: =IF(記録!F24="","",記録!F24) -> 0 | I4: 2立目 合計
A5: =IF(記録!C7="","",記録!C7) | B5: =IF(記録!D7="","",記録!D7) | C5: =IF(記録!E7="","",記録!E7) | D5: =IF(記録!F7="","",記録!F7) | E5: =IF(記録!C25="","",記録!C25) | F5: =IF(記録!D25="","",記録!D25) | G5: =IF(記録!E25="","",記録!E25) | H5: =IF(記録!F25="","",記録!F25) | I5: 4射
A6: =IF(記録!C8="","",記録!C8) | B6: =IF(記録!D8="","",記録!D8) | C6: =IF(記録!E8="","",記録!E8) | D6: =IF(記録!F8="","",記録!F8) | E6: =IF(記録!C26="","",記録!C26) | F6: =IF(記録!D26="","",記録!D26) | G6: =IF(記録!E26="","",記録!E26) | H6: =IF(記録!F26="","",記録!F26) | I6: 3射
A7: =IF(記録!C9="","",記録!C9) | B7: =IF(記録!D9="","",記録!D9) | C7: =IF(記録!E9="","",記録!E9) | D7: =IF(記録!F9="","",記録!F9) | E7: =IF(記録!C27="","",記録!C27) | F7: =IF(記録!D27="","",記録!D27) | G7: =IF(記録!E27="","",記録!E27) | H7: =IF(記録!F27="","",記録!F27) | I7: 2射
A8: =IF(記録!C10="","",記録!C10) | B8: =IF(記録!D10="","",記録!D10) | C8: =IF(記録!E10="","",記録!E10) | D8: =IF(記録!F10="","",記録!F10) | E8: =IF(記録!C28="","",記録!C28) | F8: =IF(記録!D28="","",記録!D28) | G8: =IF(記録!E28="","",記録!E28) | H8: =IF(記録!F28="","",記録!F28) | I8: 1射
A9: =IF(記録!C11="","",記録!C11) -> 0 | B9: =IF(記録!D11="","",記録!D11) -> 0 | C9: =IF(記録!E11="","",記録!E11) -> 0 | D9: =IF(記録!F11="","",記録!F11) -> 0 | E9: =IF(記録!C29="","",記録!C29) -> 0 | F9: =IF(記録!D29="","",記録!D29) -> 0 | G9: =IF(記録!E29="","",記録!E29) -> 0 | H9: =IF(記録!F29="","",記録!F29) -> 0 | I9: 1立目 合計
A10: =IF(記録!C12="","",記録!C12) | B10: =IF(記録!D12="","",記録!D12) | C10: =IF(記録!E12="","",記録!E12) | D10: =IF(記録!F12="","",記録!F12) | E10: =IF(記録!C30="","",記録!C30) | F10: =IF(記録!D30="","",記録!D30) | G10: =IF(記録!E30="","",記録!E30) | H10: =IF(記録!F30="","",記録!F30) | I10: 4射
A11: =IF(記録!C13="","",記録!C13) | B11: =IF(記録!D13="","",記録!D13) | C11: =IF(記録!E13="","",記録!E13) | D11: =IF(記録!F13="","",記録!F13) | E11: =IF(記録!C31="","",記録!C31) | F11: =IF(記録!D31="","",記録!D31) | G11: =IF(記録!E31="","",記録!E31) | H11: =IF(記録!F31="","",記録!F31) | I11: 3射
A12: =IF(記録!C14="","",記録!C14) | B12: =IF(記録!D14="","",記録!D14) | C12: =IF(記録!E14="","",記録!E14) | D12: =IF(記録!F14="","",記録!F14) | E12: =IF(記録!C32="","",記録!C32) | F12: =IF(記録!D32="","",記録!D32) | G12: =IF(記録!E32="","",記録!E32) | H12: =IF(記録!F32="","",記録!F32) | I12: 2射
A13: =IF(記録!C15="","",記録!C15) | B13: =IF(記録!D15="","",記録!D15) | C13: =IF(記録!E15="","",記録!E15) | D13: =IF(記録!F15="","",記録!F15) | E13: =IF(記録!C33="","",記録!C33) | F13: =IF(記録!D33="","",記録!D33) | G13: =IF(記録!E33="","",記録!E33) | H13: =IF(記録!F33="","",記録!F33) | I13: 1射
A14: =IF(記録!C16="","",記録!C16) -> 20 | B14: =IF(記録!D16="","",記録!D16) -> 19 | C14: =IF(記録!E16="","",記録!E16) -> 18 | D14: =IF(記録!F16="","",記録!F16) -> 17 | E14: =IF(記録!C34="","",記録!C34) -> 40 | F14: =IF(記録!D34="","",記録!D34) -> 39 | G14: =IF(記録!E34="","",記録!E34) -> 38 | H14: =IF(記録!F34="","",記録!F34) -> 37 | I14: No.
... A16: =IF(記録!C18="","",記録!C18) -> 杉山 武 | B16: =IF(記録!D18="","",記録!D18) -> 玉野 正明 | C16: =IF(記録!E18="","",記録!E18) -> 阿部 健二郞 | D16: =IF(記録!F18="","",記録!F18) -> 小川 久生 | E16: =IF(記録!C36="","",記録!C36) -> 佃 弘美 | F16: =IF(記録!D36="","",記録!D36) -> 片桐 志保 | G16: =IF(記録!E36="","",記録!E36) -> 山口 このみ | H16: =IF(記録!F36="","",記録!F36) -> 遠藤 恵美子 | I16: 氏 名

Sheet 西春日井
A1: =IF(記録!K2="","",記録!K2) -> 西春日井A | E1: =IF(記録!G2="","",記録!G2) -> 西春日井B | I1: チーム
A2: =IF(記録!K3="","",記録!K3) -> 0 | E2: =IF(記録!G3="","",記録!G3) -> 0 | I2: チーム合計
A3: =IF(記録!K5="","",記録!K5) -> 0 | B3: =IF(記録!L5="","",記録!L5) -> 0 | C3: =IF(記録!M5="","",記録!M5) -> 0 | D3: =IF(記録!N5="","",記録!N5) -> 0 | E3: =IF(記録!G5="","",記録!G5) -> 0 | F3: =IF(記録!H5="","",記録!H5) -> 0 | G3: =IF(記録!I5="","",記録!I5) -> 0 | H3: =IF(記録!J5="","",記録!J5) -> 0 | I3: 個人合計
A4: =IF(記録!K6="","",記録!K6) -> 0 | B4: =IF(記録!L6="","",記録!L6) -> 0 | C4: =IF(記録!M6="","",記録!M6) -> 0 | D4: =IF(記録!N6="","",記録!N6) -> 0 | E4: =IF(記録!G6="","",記録!G6) -> 0 | F4: =IF(記録!H6="","",記録!H6) -> 0 | G4: =IF(記録!I6="","",記録!I6) -> 0 | H4: =IF(記録!J6="","",記録!J6) -> 0 | I4: 2立目 合計
A5: =IF(記録!K7="","",記録!K7) | B5: =IF(記録!L7="","",記録!L7) | C5: =IF(記録!M7="","",記録!M7) | D5: =IF(記録!N7="","",記録!N7) | E5: =IF(記録!G7="","",記録!G7) | F5: =IF(記録!H7="","",記録!H7) | G5: =IF(記録!I7="","",記録!I7) | H5: =IF(記録!J7="","",記録!J7) | I5: 4射
A6: =IF(記録!K8="","",記録!K8) | B6: =IF(記録!L8="","",記録!L8) | C6: =IF(記録!M8="","",記録!M8) | D6: =IF(記録!N8="","",記録!N8) | E6: =IF(記録!G8="","",記録!G8) | F6: =IF(記録!H8="","",記録!H8) | G6: =IF(記録!I8="","",記録!I8) | H6: =IF(記録!J8="","",記録!J8) | I6: 3射
A7: =IF(記録!K9="","",記録!K9) | B7: =IF(記録!L9="","",記録!L9) | C7: =IF(記録!M9="","",記録!M9) | D7: =IF(記録!N9="","",記録!N9) | E7: =IF(記録!G9="","",記録!G9) | F7: =IF(記録!H9="","",記録!H9) | G7: =IF(記録!I9="","",記録!I9) | H7: =IF(記録!J9="","",記録!J9) | I7: 2射
A8: =IF(記録!K10="","",記録!K10) | B8: =IF(記録!L10="","",記録!L10) | C8: =IF(記録!M10="","",記録!M10) | D8: =IF(記録!N10="","",記録!N10) | E8: =IF(記録!G10="","",記録!G10) | F8: =IF(記録!H10="","",記録!H10) | G8: =IF(記録!I10="","",記録!I10) | H8: =IF(記録!J10="","",記録!J10) | I8: 1射
A9: =IF(記録!K11="","",記録!K11) -> 0 | B9: =IF(記録!L11="","",記録!L11) -> 0 | C9: =IF(記録!M11="","",記録!M11) -> 0 | D9: =IF(記録!N11="","",記録!N11) -> 0 | E9: =IF(記録!G11="","",記録!G11) -> 0 | F9: =IF(記録!H11="","",記録!H11) -> 0 | G9: =IF(記録!I11="","",記録!I11) -> 0 | H9: =IF(記録!J11="","",記録!J11) -> 0 | I9: 1立目 合計
A10: =IF(記録!K12="","",記録!K12) | B10: =IF(記録!L12="","",記録!L12) | C10: =IF(記録!M12="","",記録!M12) | D10: =IF(記録!N12="","",記録!N12) | E10: =IF(記録!G12="","",記録!G12) | F10: =IF(記録!H12="","",記録!H12) | G10: =IF(記録!I12="","",記録!I12) | H10: =IF(記録!J12="","",記録!J12) | I10: 4射
A11: =IF(記録!K13="","",記録!K13) | B11: =IF(記録!L13="","",記録!L13) | C11: =IF(記録!M13="","",記録!M13) | D11: =IF(記録!N13="","",記録!N13) | E11: =IF(記録!G13="","",記録!G13) | F11: =IF(記録!H13="","",記録!H13) | G11: =IF(記録!I13="","",記録!I13) | H11: =IF(記録!J13="","",記録!J13) | I11: 3射
A12: =IF(記録!K14="","",記録!K14) | B12: =IF(記録!L14="","",記録!L14) | C12: =IF(記録!M14="","",記録!M14) | D12: =IF(記録!N14="","",記録!N14) | E12: =IF(記録!G14="","",記録!G14) | F12: =IF(記録!H14="","",記録!H14) | G12: =IF(記録!I14="","",記録!I14) | H12: =IF(記録!J14="","",記録!J14) | I12: 2射
A13: =IF(記録!K15="","",記録!K15) | B13: =IF(記録!L15="","",記録!L15) | C13: =IF(記録!M15="","",記録!M15) | D13: =IF(記録!N15="","",記録!N15) | E13: =IF(記録!G15="","",記録!G15) | F13: =IF(記録!H15="","",記録!H15) | G13: =IF(記録!I15="","",記録!I15) | H13: =IF(記録!J15="","",記録!J15) | I13: 1射
A14: =IF(記録!K16="","",記録!K16) -> 12 | B14: =IF(記録!L16="","",記録!L16) -> 11 | C14: =IF(記録!M16="","",記録!M16) -> 10 | D14: =IF(記録!N16="","",記録!N16) -> 9 | E14: =IF(記録!G16="","",記録!G16) -> 16 | F14: =IF(記録!H16="","",記録!H16) -> 15 | G14: =IF(記録!I16="","",記録!I16) -> 14 | H14: =IF(記録!J16="","",記録!J16) -> 13 | I14: No.
... A16: =IF(記録!K18="","",記録!K18) -> 加藤 忠人 | B16: =IF(記録!L18="","",記録!L18) -> 村瀬 沙織 | C16: =IF(記録!M18="","",記録!M18) -> 大槻 成実 | D16: =IF(記録!N18="","",記録!N18) -> 丹羽 泰生 | E16: =IF(記録!G18="","",記録!G18) -> 荒川 花子 | F16: =IF(記録!H18="","",記録!H18) -> 杉原 伸哉 | G16: =IF(記録!I18="","",記録!I18) -> 渡邉 由美子 | H16: =IF(記録!J18="","",記録!J18) -> 北崎 良治 | I16: 氏 名

Sheet 尾張旭
A1: =IF(記録!S20="","",記録!S20) -> 尾張旭A | E1: =IF(記録!O20="","",記録!O20) -> 尾張旭B | I1: チーム
A2: =IF(記録!S21="","",記録!S21) -> 0 | E2: =IF(記録!O21="","",記録!O21) -> 0 | I2: チーム合計
A3: =IF(記録!S23="","",記録!S23) -> 0 | B3: =IF(記録!T23="","",記録!T23) -> 0 | C3: =IF(記録!U23="","",記録!U23) -> 0 | D3: =IF(記録!V23="","",記録!V23) -> 0 | E3: =IF(記録!O23="","",記録!O23) -> 0 | F3: =IF(記録!P23="","",記録!P23) -> 0 | G3: =IF(記録!Q23="","",記録!Q23) -> 0 | H3: =IF(記録!R23="","",記録!R23) -> 0 | I3: 個人合計
A4: =IF(記録!S24="","",記録!S24) -> 0 | B4: =IF(記録!T24="","",記録!T24) -> 0 | C4: =IF(記録!U24="","",記録!U24) -> 0 | D4: =IF(記録!V24="","",記録!V24) -> 0 | E4: =IF(記録!O24="","",記録!O24) -> 0 | F4: =IF(記録!P24="","",記録!P24) -> 0 | G4: =IF(記録!Q24="","",記録!Q24) -> 0 | H4: =IF(記録!R24="","",記録!R24) -> 0 | I4: 2立目 合計
A5: =IF(記録!S25="","",記録!S25) | B5: =IF(記録!T25="","",記録!T25) | C5: =IF(記録!U25="","",記録!U25) | D5: =IF(記録!V25="","",記録!V25) | E5: =IF(記録!O25="","",記録!O25) | F5: =IF(記録!P25="","",記録!P25) | G5: =IF(記録!Q25="","",記録!Q25) | H5: =IF(記録!R25="","",記録!R25) | I5: 4射
A6: =IF(記録!S26="","",記録!S26) | B6: =IF(記録!T26="","",記録!T26) | C6: =IF(記録!U26="","",記録!U26) | D6: =IF(記録!V26="","",記録!V26) | E6: =IF(記録!O26="","",記録!O26) | F6: =IF(記録!P26="","",記録!P26) | G6: =IF(記録!Q26="","",記録!Q26) | H6: =IF(記録!R26="","",記録!R26) | I6: 3射
A7: =IF(記録!S27="","",記録!S27) | B7: =IF(記録!T27="","",記録!T27) | C7: =IF(記録!U27="","",記録!U27) | D7: =IF(記録!V27="","",記録!V27) | E7: =IF(記録!O27="","",記録!O27) | F7: =IF(記録!P27="","",記録!P27) | G7: =IF(記録!Q27="","",記録!Q27) | H7: =IF(記録!R27="","",記録!R27) | I7: 2射
A8: =IF(記録!S28="","",記録!S28) | B8: =IF(記録!T28="","",記録!T28) | C8: =IF(記録!U28="","",記録!U28) | D8: =IF(記録!V28="","",記録!V28) | E8: =IF(記録!O28="","",記録!O28) | F8: =IF(記録!P28="","",記録!P28) | G8: =IF(記録!Q28="","",記録!Q28) | H8: =IF(記録!R28="","",記録!R28) | I8: 1射
A9: =IF(記録!S29="","",記録!S29) -> 0 | B9: =IF(記録!T29="","",記録!T29) -> 0 | C9: =IF(記録!U29="","",記録!U29) -> 0 | D9: =IF(記録!V29="","",記録!V29) -> 0 | E9: =IF(記録!O29="","",記録!O29) -> 0 | F9: =IF(記録!P29="","",記録!P29) -> 0 | G9: =IF(記録!Q29="","",記録!Q29) -> 0 | H9: =IF(記録!R29="","",記録!R29) -> 0 | I9: 1立目 合計
A10: =IF(記録!S30="","",記録!S30) | B10: =IF(記録!T30="","",記録!T30) | C10: =IF(記録!U30="","",記録!U30) | D10: =IF(記録!V30="","",記録!V30) | E10: =IF(記録!O30="","",記録!O30) | F10: =IF(記録!P30="","",記録!P30) | G10: =IF(記録!Q30="","",記録!Q30) | H10: =IF(記録!R30="","",記録!R30) | I10: 4射
A11: =IF(記録!S31="","",記録!S31) | B11: =IF(記録!T31="","",記録!T31) | C11: =IF(記録!U31="","",記録!U31) | D11: =IF(記録!V31="","",記録!V31) | E11: =IF(記録!O31="","",記録!O31) | F11: =IF(記録!P31="","",記録!P31) | G11: =IF(記録!Q31="","",記録!Q31) | H11: =IF(記録!R31="","",記録!R31) | I11: 3射
A12: =IF(記録!S32="","",記録!S32) | B12: =IF(記録!T32="","",記録!T32) | C12: =IF(記録!U32="","",記録!U32) | D12: =IF(記録!V32="","",記録!V32) | E12: =IF(記録!O32="","",記録!O32) | F12: =IF(記録!P32="","",記録!P32) | G12: =IF(記録!Q32="","",記録!Q32) | H12: =IF(記録!R32="","",記録!R32) | I12: 2射
A13: =IF(記録!S33="","",記録!S33) | B13: =IF(記録!T33="","",記録!T33) | C13: =IF(記録!U33="","",記録!U33) | D13: =IF(記録!V33="","",記録!V33) | E13: =IF(記録!O33="","",記録!O33) | F13: =IF(記録!P33="","",記録!P33) | G13: =IF(記録!Q33="","",記録!Q33) | H13: =IF(記録!R33="","",記録!R33) | I13: 1射
A14: =IF(記録!S34="","",記録!S34) -> 24 | B14: =IF(記録!T34="","",記録!T34) -> 23 | C14: =IF(記録!U34="","",記録!U34) -> 22 | D14: =IF(記録!V34="","",記録!V34) -> 21 | E14: =IF(記録!O34="","",記録!O34) -> 28 | F14: =IF(記録!P34="","",記録!P34) -> 27 | G14: =IF(記録!Q34="","",記録!Q34) -> 26 | H14: =IF(記録!R34="","",記録!R34) -> 25 | I14: No.
... A16: =IF(記録!S36="","",記録!S36) -> 西尾 雅司 | B16: =IF(記録!T36="","",記録!T36) -> 山田 英治 | C16: =IF(記録!U36="","",記録!U36) -> 阿知波 正 | D16: =IF(記録!V36="","",記録!V36) -> 大竹 誠 | E16: =IF(記録!O36="","",記録!O36) -> 安達 初枝 | F16: =IF(記録!P36="","",記録!P36) -> 田中 沙紀子 | G16: =IF(記録!Q36="","",記録!Q36) -> 高田 優子 | H16: =IF(記録!R36="","",記録!R36) -> 北川 裕希子 | I16: 氏 名

Sheet 日進
A1: =IF(記録!K20="","",記録!K20) -> 日進A | E1: =IF(記録!G20="","",記録!G20) -> 日進B | I1: チーム
A2: =IF(記録!K21="","",記録!K21) -> 0 | E2: =IF(記録!G21="","",記録!G21) -> 0 | I2: チーム合計
A3: =IF(記録!K23="","",記録!K23) -> 0 | B3: =IF(記録!L23="","",記録!L23) -> 0 | C3: =IF(記録!M23="","",記録!M23) -> 0 | D3: =IF(記録!N23="","",記録!N23) -> 0 | E3: =IF(記録!G23="","",記録!G23) -> 0 | F3: =IF(記録!H23="","",記録!H23) -> 0 | G3: =IF(記録!I23="","",記録!I23) -> 0 | H3: =IF(記録!J23="","",記録!J23) -> 0 | I3: 個人合計
A4: =IF(記録!K24="","",記録!K24) -> 0 | B4: =IF(記録!L24="","",記録!L24) -> 0 | C4: =IF(記録!M24="","",記録!M24) -> 0 | D4: =IF(記録!N24="","",記録!N24) -> 0 | E4: =IF(記録!G24="","",記録!G24) -> 0 | F4: =IF(記録!H24="","",記録!H24) -> 0 | G4: =IF(記録!I24="","",記録!I24) -> 0 | H4: =IF(記録!J24="","",記録!J24) -> 0 | I4: 2立目 合計
A5: =IF(記録!K25="","",記録!K25) | B5: =IF(記録!L25="","",記録!L25) | C5: =IF(記録!M25="","",記録!M25) | D5: =IF(記録!N25="","",記録!N25) | E5: =IF(記録!G25="","",記録!G25) | F5: =IF(記録!H25="","",記録!H25) | G5: =IF(記録!I25="","",記録!I25) | H5: =IF(記録!J25="","",記録!J25) | I5: 4射
A6: =IF(記録!K26="","",記録!K26) | B6: =IF(記録!L26="","",記録!L26) | C6: =IF(記録!M26="","",記録!M26) | D6: =IF(記録!N26="","",記録!N26) | E6: =IF(記録!G26="","",記録!G26) | F6: =IF(記録!H26="","",記録!H26) | G6: =IF(記録!I26="","",記録!I26) | H6: =IF(記録!J26="","",記録!J26) | I6: 3射
A7: =IF(記録!K27="","",記録!K27) | B7: =IF(記録!L27="","",記録!L27) | C7: =IF(記録!M27="","",記録!M27) | D7: =IF(記録!N27="","",記録!N27) | E7: =IF(記録!G27="","",記録!G27) | F7: =IF(記録!H27="","",記録!H27) | G7: =IF(記録!I27="","",記録!I27) | H7: =IF(記録!J27="","",記録!J27) | I7: 2射
A8: =IF(記録!K28="","",記録!K28) | B8: =IF(記録!L28="","",記録!L28) | C8: =IF(記録!M28="","",記録!M28) | D8: =IF(記録!N28="","",記録!N28) | E8: =IF(記録!G28="","",記録!G28) | F8: =IF(記録!H28="","",記録!H28) | G8: =IF(記録!I28="","",記録!I28) | H8: =IF(記録!J28="","",記録!J28) | I8: 1射
A9: =IF(記録!K29="","",記録!K29) -> 0 | B9: =IF(記録!L29="","",記録!L29) -> 0 | C9: =IF(記録!M29="","",記録!M29) -> 0 | D9: =IF(記録!N29="","",記録!N29) -> 0 | E9: =IF(記録!G29="","",記録!G29) -> 0 | F9: =IF(記録!H29="","",記録!H29) -> 0 | G9: =IF(記録!I29="","",記録!I29) -> 0 | H9: =IF(記録!J29="","",記録!J29) -> 0 | I9: 1立目 合計
A10: =IF(記録!K30="","",記録!K30) | B10: =IF(記録!L30="","",記録!L30) | C10: =IF(記録!M30="","",記録!M30) | D10: =IF(記録!N30="","",記録!N30) | E10: =IF(記録!G30="","",記録!G30) | F10: =IF(記録!H30="","",記録!H30) | G10: =IF(記録!I30="","",記録!I30) | H10: =IF(記録!J30="","",記録!J30) | I10: 4射
A11: =IF(記録!K31="","",記録!K31) | B11: =IF(記録!L31="","",記録!L31) | C11: =IF(記録!M31="","",記録!M31) | D11: =IF(記録!N31="","",記録!N31) | E11: =IF(記録!G31="","",記録!G31) | F11: =IF(記録!H31="","",記録!H31) | G11: =IF(記録!I31="","",記録!I31) | H11: =IF(記録!J31="","",記録!J31) | I11: 3射
A12: =IF(記録!K32="","",記録!K32) | B12: =IF(記録!L32="","",記録!L32) | C12: =IF(記録!M32="","",記録!M32) | D12: =IF(記録!N32="","",記録!N32) | E12: =IF(記録!G32="","",記録!G32) | F12: =IF(記録!H32="","",記録!H32) | G12: =IF(記録!I32="","",記録!I32) | H12: =IF(記録!J32="","",記録!J32) | I12: 2射
A13: =IF(記録!K33="","",記録!K33) | B13: =IF(記録!L33="","",記録!L33) | C13: =IF(記録!M33="","",記録!M33) | D13: =IF(記録!N33="","",記録!N33) | E13: =IF(記録!G33="","",記録!G33) | F13: =IF(記録!H33="","",記録!H33) | G13: =IF(記録!I33="","",記録!I33) | H13: =IF(記録!J33="","",記録!J33) | I13: 1射
A14: =IF(記録!K34="","",記録!K34) -> 32 | B14: =IF(記録!L34="","",記録!L34) -> 31 | C14: =IF(記録!M34="","",記録!M34) -> 30 | D14: =IF(記録!N34="","",記録!N34) -> 29 | E14: =IF(記録!G34="","",記録!G34) -> 36 | F14: =IF(記録!H34="","",記録!H34) -> 35 | G14: =IF(記録!I34="","",記録!I34) -> 34 | H14: =IF(記録!J34="","",記録!J34) -> 33 | I14: No.
... A16: =IF(記録!K36="","",記録!K36) -> 新美 友治 | B16: =IF(記録!L36="","",記録!L36) -> 窪田 達也 | C16: =IF(記録!M36="","",記録!M36) -> 米田 康介 | D16: =IF(記録!N36="","",記録!N36) -> 志手 俊二 | E16: =IF(記録!G36="","",記録!G36) -> 赤塚 正子 | F16: =IF(記録!H36="","",記録!H36) -> 谷口 洋子 | G16: =IF(記録!I36="","",記録!I36) -> 浅井 明美 | H16: =IF(記録!J36="","",記録!J36) -> 三田村 静子 | I16: 氏 名

Sheet 瀬戸
A1: =IF(記録!S2="","",記録!S2) -> 瀬戸A | E1: =IF(記録!O2="","",記録!O2) -> 瀬戸B | I1: チーム
A2: =IF(記録!S3="","",記録!S3) -> 0 | E2: =IF(記録!O3="","",記録!O3) -> 0 | I2: チーム合計
A3: =IF(記録!S5="","",記録!S5) -> 0 | B3: =IF(記録!T5="","",記録!T5) -> 0 | C3: =IF(記録!U5="","",記録!U5) -> 0 | D3: =IF(記録!V5="","",記録!V5) -> 0 | E3: =IF(記録!O5="","",記録!O5) -> 0 | F3: =IF(記録!P5="","",記録!P5) -> 0 | G3: =IF(記録!Q5="","",記録!Q5) -> 0 | H3: =IF(記録!R5="","",記録!R5) -> 0 | I3: 個人合計
A4: =IF(記録!S6="","",記録!S6) -> 0 | B4: =IF(記録!T6="","",記録!T6) -> 0 | C4: =IF(記録!U6="","",記録!U6) -> 0 | D4: =IF(記録!V6="","",記録!V6) -> 0 | E4: =IF(記録!O6="","",記録!O6) -> 0 | F4: =IF(記録!P6="","",記録!P6) -> 0 | G4: =IF(記録!Q6="","",記録!Q6) -> 0 | H4: =IF(記録!R6="","",記録!R6) -> 0 | I4: 2立目 合計
A5: =IF(記録!S7="","",記録!S7) | B5: =IF(記録!T7="","",記録!T7) | C5: =IF(記録!U7="","",記録!U7) | D5: =IF(記録!V7="","",記録!V7) | E5: =IF(記録!O7="","",記録!O7) | F5: =IF(記録!P7="","",記録!P7) | G5: =IF(記録!Q7="","",記録!Q7) | H5: =IF(記録!R7="","",記録!R7) | I5: 4射
A6: =IF(記録!S8="","",記録!S8) | B6: =IF(記録!T8="","",記録!T8) | C6: =IF(記録!U8="","",記録!U8) | D6: =IF(記録!V8="","",記録!V8) | E6: =IF(記録!O8="","",記録!O8) | F6: =IF(記録!P8="","",記録!P8) | G6: =IF(記録!Q8="","",記録!Q8) | H6: =IF(記録!R8="","",記録!R8) | I6: 3射
A7: =IF(記録!S9="","",記録!S9) | B7: =IF(記録!T9="","",記録!T9) | C7: =IF(記録!U9="","",記録!U9) | D7: =IF(記録!V9="","",記録!V9) | E7: =IF(記録!O9="","",記録!O9) | F7: =IF(記録!P9="","",記録!P9) | G7: =IF(記録!Q9="","",記録!Q9) | H7: =IF(記録!R9="","",記録!R9) | I7: 2射
A8: =IF(記録!S10="","",記録!S10) | B8: =IF(記録!T10="","",記録!T10) | C8: =IF(記録!U10="","",記録!U10) | D8: =IF(記録!V10="","",記録!V10) | E8: =IF(記録!O10="","",記録!O10) | F8: =IF(記録!P10="","",記録!P10) | G8: =IF(記録!Q10="","",記録!Q10) | H8: =IF(記録!R10="","",記録!R10) | I8: 1射
A9: =IF(記録!S11="","",記録!S11) -> 0 | B9: =IF(記録!T11="","",記録!T11) -> 0 | C9: =IF(記録!U11="","",記録!U11) -> 0 | D9: =IF(記録!V11="","",記録!V11) -> 0 | E9: =IF(記録!O11="","",記録!O11) -> 0 | F9: =IF(記録!P11="","",記録!P11) -> 0 | G9: =IF(記録!Q11="","",記録!Q11) -> 0 | H9: =IF(記録!R11="","",記録!R11) -> 0 | I9: 1立目 合計
A10: =IF(記録!S12="","",記録!S12) | B10: =IF(記録!T12="","",記録!T12) | C10: =IF(記録!U12="","",記録!U12) | D10: =IF(記録!V12="","",記録!V12) | E10: =IF(記録!O12="","",記録!O12) | F10: =IF(記録!P12="","",記録!P12) | G10: =IF(記録!Q12="","",記録!Q12) | H10: =IF(記録!R12="","",記録!R12) | I10: 4射
A11: =IF(記録!S13="","",記録!S13) | B11: =IF(記録!T13="","",記録!T13) | C11: =IF(記録!U13="","",記録!U13) | D11: =IF(記録!V13="","",記録!V13) | E11: =IF(記録!O13="","",記録!O13) | F11: =IF(記録!P13="","",記録!P13) | G11: =IF(記録!Q13="","",記録!Q13) | H11: =IF(記録!R13="","",記録!R13) | I11: 3射
A12: =IF(記録!S14="","",記録!S14) | B12: =IF(記録!T14="","",記録!T14) | C12: =IF(記録!U14="","",記録!U14) | D12: =IF(記録!V14="","",記録!V14) | E12: =IF(記録!O14="","",記録!O14) | F12: =IF(記録!P14="","",記録!P14) | G12: =IF(記録!Q14="","",記録!Q14) | H12: =IF(記録!R14="","",記録!R14) | I12: 2射
A13: =IF(記録!S15="","",記録!S15) | B13: =IF(記録!T15="","",記録!T15) | C13: =IF(記録!U15="","",記録!U15) | D13: =IF(記録!V15="","",記録!V15) | E13: =IF(記録!O15="","",記録!O15) | F13: =IF(記録!P15="","",記録!P15) | G13: =IF(記録!Q15="","",記録!Q15) | H13: =IF(記録!R15="","",記録!R15) | I13: 1射
A14: =IF(記録!S16="","",記録!S16) -> 4 | B14: =IF(記録!T16="","",記録!T16) -> 3 | C14: =IF(記録!U16="","",記録!U16) -> 2 | D14: =IF(記録!V16="","",記録!V16) -> 1 | E14: =IF(記録!O16="","",記録!O16) -> 8 | F14: =IF(記録!P16="","",記録!P16) -> 7 | G14: =IF(記録!Q16="","",記録!Q16) -> 6 | H14: =IF(記録!R16="","",記録!R16) -> 5 | I14: No.
... A16: =IF(記録!S18="","",記録!S18) -> 森竹 結衣 | B16: =IF(記録!T18="","",記録!T18) -> 谷口 弥生 | C16: =IF(記録!U18="","",記録!U18) -> 加藤 崇文 | D16: =IF(記録!V18="","",記録!V18) -> 野村 清美 | E16: =IF(記録!O18="","",記録!O18) -> 加藤 広史 | F16: =IF(記録!P18="","",記録!P18) -> 瀬山 博子 | G16: =IF(記録!Q18="","",記録!Q18) -> 小林 都 | H16: =IF(記録!R18="","",記録!R18) -> 伊藤 寿邦 | I16: 氏 名

Sheet 長久手
A1: =IF(記録!O38="","",記録!O38) -> 長久手A | E1: =IF(記録!K38="","",記録!K38) -> 長久手B | I1: チーム
A2: =IF(記録!O39="","",記録!O39) -> 0 | E2: =IF(記録!K39="","",記録!K39) -> 0 | I2: チーム合計
A3: =IF(記録!O41="","",記録!O41) -> 0 | B3: =IF(記録!P41="","",記録!P41) -> 0 | C3: =IF(記録!Q41="","",記録!Q41) -> 0 | D3: =IF(記録!R41="","",記録!R41) -> 0 | E3: =IF(記録!K41="","",記録!K41) -> 0 | F3: =IF(記録!L41="","",記録!L41) -> 0 | G3: =IF(記録!M41="","",記録!M41) -> 0 | H3: =IF(記録!N41="","",記録!N41) -> 0 | I3: 個人合計
A4: =IF(記録!O42="","",記録!O42) -> 0 | B4: =IF(記録!P42="","",記録!P42) -> 0 | C4: =IF(記録!Q42="","",記録!Q42) -> 0 | D4: =IF(記録!R42="","",記録!R42) -> 0 | E4: =IF(記録!K42="","",記録!K42) -> 0 | F4: =IF(記録!L42="","",記録!L42) -> 0 | G4: =IF(記録!M42="","",記録!M42) -> 0 | H4: =IF(記録!N42="","",記録!N42) -> 0 | I4: 2立目 合計
A5: =IF(記録!O43="","",記録!O43) | B5: =IF(記録!P43="","",記録!P43) | C5: =IF(記録!Q43="","",記録!Q43) | D5: =IF(記録!R43="","",記録!R43) | E5: =IF(記録!K43="","",記録!K43) | F5: =IF(記録!L43="","",記録!L43) | G5: =IF(記録!M43="","",記録!M43) | H5: =IF(記録!N43="","",記録!N43) | I5: 4射
A6: =IF(記録!O44="","",記録!O44) | B6: =IF(記録!P44="","",記録!P44) | C6: =IF(記録!Q44="","",記録!Q44) | D6: =IF(記録!R44="","",記録!R44) | E6: =IF(記録!K44="","",記録!K44) | F6: =IF(記録!L44="","",記録!L44) | G6: =IF(記録!M44="","",記録!M44) | H6: =IF(記録!N44="","",記録!N44) | I6: 3射
A7: =IF(記録!O45="","",記録!O45) | B7: =IF(記録!P45="","",記録!P45) | C7: =IF(記録!Q45="","",記録!Q45) | D7: =IF(記録!R45="","",記録!R45) | E7: =IF(記録!K45="","",記録!K45) | F7: =IF(記録!L45="","",記録!L45) | G7: =IF(記録!M45="","",記録!M45) | H7: =IF(記録!N45="","",記録!N45) | I7: 2射
A8: =IF(記録!O46="","",記録!O46) | B8: =IF(記録!P46="","",記録!P46) | C8: =IF(記録!Q46="","",記録!Q46) | D8: =IF(記録!R46="","",記録!R46) | E8: =IF(記録!K46="","",記録!K46) | F8: =IF(記録!L46="","",記録!L46) | G8: =IF(記録!M46="","",記録!M46) | H8: =IF(記録!N46="","",記録!N46) | I8: 1射
A9: =IF(記録!O47="","",記録!O47) -> 0 | B9: =IF(記録!P47="","",記録!P47) -> 0 | C9: =IF(記録!Q47="","",記録!Q47) -> 0 | D9: =IF(記録!R47="","",記録!R47) -> 0 | E9: =IF(記録!K47="","",記録!K47) -> 0 | F9: =IF(記録!L47="","",記録!L47) -> 0 | G9: =IF(記録!M47="","",記録!M47) -> 0 | H9: =IF(記録!N47="","",記録!N47) -> 0 | I9: 1立目 合計
A10: =IF(記録!O48="","",記録!O48) | B10: =IF(記録!P48="","",記録!P48) | C10: =IF(記録!Q48="","",記録!Q48) | D10: =IF(記録!R48="","",記録!R48) | E10: =IF(記録!K48="","",記録!K48) | F10: =IF(記録!L48="","",記録!L48) | G10: =IF(記録!M48="","",記録!M48) | H10: =IF(記録!N48="","",記録!N48) | I10: 4射
A11: =IF(記録!O49="","",記録!O49) | B11: =IF(記録!P49="","",記録!P49) | C11: =IF(記録!Q49="","",記録!Q49) | D11: =IF(記録!R49="","",記録!R49) | E11: =IF(記録!K49="","",記録!K49) | F11: =IF(記録!L49="","",記録!L49) | G11: =IF(記録!M49="","",記録!M49) | H11: =IF(記録!N49="","",記録!N49) | I11: 3射
A12: =IF(記録!O50="","",記録!O50) | B12: =IF(記録!P50="","",記録!P50) | C12: =IF(記録!Q50="","",記録!Q50) | D12: =IF(記録!R50="","",記録!R50) | E12: =IF(記録!K50="","",記録!K50) | F12: =IF(記録!L50="","",記録!L50) | G12: =IF(記録!M50="","",記録!M50) | H12: =IF(記録!N50="","",記録!N50) | I12: 2射
A13: =IF(記録!O51="","",記録!O51) | B13: =IF(記録!P51="","",記録!P51) | C13: =IF(記録!Q51="","",記録!Q51) | D13: =IF(記録!R51="","",記録!R51) | E13: =IF(記録!K51="","",記録!K51) | F13: =IF(記録!L51="","",記録!L51) | G13: =IF(記録!M51="","",記録!M51) | H13: =IF(記録!N51="","",記録!N51) | I13: 1射
A14: =IF(記録!O52="","",記録!O52) -> 44 | B14: =IF(記録!P52="","",記録!P52) -> 43 | C14: =IF(記録!Q52="","",記録!Q52) -> 42 | D14: =IF(記録!R52="","",記録!R52) -> 41 | E14: =IF(記録!K52="","",記録!K52) -> 48 | F14: =IF(記録!L52="","",記録!L52) -> 47 | G14: =IF(記録!M52="","",記録!M52) -> 46 | H14: =IF(記録!N52="","",記録!N52) -> 45 | I14: No.
... A16: =IF(記録!O54="","",記録!O54) -> 松井 忠志 | B16: =IF(記録!P54="","",記録!P54) -> 芝田 典久 | C16: =IF(記録!Q54="","",記録!Q54) -> 葛西 裕文 | D16: =IF(記録!R54="","",記録!R54) -> 柳原 啓宏 | E16: =IF(記録!K54="","",記録!K54) -> 野々垣 奈緒子 | F16: =IF(記録!L54="","",記録!L54) -> 水野 三穂 | G16: =IF(記録!M54="","",記録!M54) -> 澤田 圭子 | H16: =IF(記録!N54="","",記録!N54) -> 山越 一江 | I16: 氏 名

Sheet 豊明
A1: =IF(記録!G38="","",記録!G38) -> 豊明A | E1: =IF(記録!C38="","",記録!C38) -> 豊明B | I1: チーム
A2: =IF(記録!G39="","",記録!G39) -> 0 | E2: =IF(記録!C39="","",記録!C39) -> 0 | I2: チーム合計
A3: =IF(記録!G41="","",記録!G41) -> 0 | B3: =IF(記録!H41="","",記録!H41) -> 0 | C3: =IF(記録!I41="","",記録!I41) -> 0 | D3: =IF(記録!J41="","",記録!J41) -> 0 | E3: =IF(記録!C41="","",記録!C41) -> 0 | F3: =IF(記録!D41="","",記録!D41) -> 0 | G3: =IF(記録!E41="","",記録!E41) -> 0 | H3: =IF(記録!F41="","",記録!F41) -> 0 | I3: 個人合計
A4: =IF(記録!G42="","",記録!G42) -> 0 | B4: =IF(記録!H42="","",記録!H42) -> 0 | C4: =IF(記録!I42="","",記録!I42) -> 0 | D4: =IF(記録!J42="","",記録!J42) -> 0 | E4: =IF(記録!C42="","",記録!C42) -> 0 | F4: =IF(記録!D42="","",記録!D42) -> 0 | G4: =IF(記録!E42="","",記録!E42) -> 0 | H4: =IF(記録!F42="","",記録!F42) -> 0 | I4: 2立目 合計
A5: =IF(記録!G43="","",記録!G43) | B5: =IF(記録!H43="","",記録!H43) | C5: =IF(記録!I43="","",記録!I43) | D5: =IF(記録!J43="","",記録!J43) | E5: =IF(記録!C43="","",記録!C43) | F5: =IF(記録!D43="","",記録!D43) | G5: =IF(記録!E43="","",記録!E43) | H5: =IF(記録!F43="","",記録!F43) | I5: 4射
A6: =IF(記録!G44="","",記録!G44) | B6: =IF(記録!H44="","",記録!H44) | C6: =IF(記録!I44="","",記録!I44) | D6: =IF(記録!J44="","",記録!J44) | E6: =IF(記録!C44="","",記録!C44) | F6: =IF(記録!D44="","",記録!D44) | G6: =IF(記録!E44="","",記録!E44) | H6: =IF(記録!F44="","",記録!F44) | I6: 3射
A7: =IF(記録!G45="","",記録!G45) | B7: =IF(記録!H45="","",記録!H45) | C7: =IF(記録!I45="","",記録!I45) | D7: =IF(記録!J45="","",記録!J45) | E7: =IF(記録!C45="","",記録!C45) | F7: =IF(記録!D45="","",記録!D45) | G7: =IF(記録!E45="","",記録!E45) | H7: =IF(記録!F45="","",記録!F45) | I7: 2射
A8: =IF(記録!G46="","",記録!G46) | B8: =IF(記録!H46="","",記録!H46) | C8: =IF(記録!I46="","",記録!I46) | D8: =IF(記録!J46="","",記録!J46) | E8: =IF(記録!C46="","",記録!C46) | F8: =IF(記録!D46="","",記録!D46) | G8: =IF(記録!E46="","",記録!E46) | H8: =IF(記録!F46="","",記録!F46) | I8: 1射
A9: =IF(記録!G47="","",記録!G47) -> 0 | B9: =IF(記録!H47="","",記録!H47) -> 0 | C9: =IF(記録!I47="","",記録!I47) -> 0 | D9: =IF(記録!J47="","",記録!J47) -> 0 | E9: =IF(記録!C47="","",記録!C47) -> 0 | F9: =IF(記録!D47="","",記録!D47) -> 0 | G9: =IF(記録!E47="","",記録!E47) -> 0 | H9: =IF(記録!F47="","",記録!F47) -> 0 | I9: 1立目 合計
A10: =IF(記録!G48="","",記録!G48) | B10: =IF(記録!H48="","",記録!H48) | C10: =IF(記録!I48="","",記録!I48) | D10: =IF(記録!J48="","",記録!J48) | E10: =IF(記録!C48="","",記録!C48) | F10: =IF(記録!D48="","",記録!D48) | G10: =IF(記録!E48="","",記録!E48) | H10: =IF(記録!F48="","",記録!F48) | I10: 4射
A11: =IF(記録!G49="","",記録!G49) | B11: =IF(記録!H49="","",記録!H49) | C11: =IF(記録!I49="","",記録!I49) | D11: =IF(記録!J49="","",記録!J49) | E11: =IF(記録!C49="","",記録!C49) | F11: =IF(記録!D49="","",記録!D49) | G11: =IF(記録!E49="","",記録!E49) | H11: =IF(記録!F49="","",記録!F49) | I11: 3射
A12: =IF(記録!G50="","",記録!G50) | B12: =IF(記録!H50="","",記録!H50) | C12: =IF(記録!I50="","",記録!I50) | D12: =IF(記録!J50="","",記録!J50) | E12: =IF(記録!C50="","",記録!C50) | F12: =IF(記録!D50="","",記録!D50) | G12: =IF(記録!E50="","",記録!E50) | H12: =IF(記録!F50="","",記録!F50) | I12: 2射
A13: =IF(記録!G51="","",記録!G51) | B13: =IF(記録!H51="","",記録!H51) | C13: =IF(記録!I51="","",記録!I51) | D13: =IF(記録!J51="","",記録!J51) | E13: =IF(記録!C51="","",記録!C51) | F13: =IF(記録!D51="","",記録!D51) | G13: =IF(記録!E51="","",記録!E51) | H13: =IF(記録!F51="","",記録!F51) | I13: 1射
A14: =IF(記録!G52="","",記録!G52) -> 52 | B14: =IF(記録!H52="","",記録!H52) -> 51 | C14: =IF(記録!I52="","",記録!I52) -> 50 | D14: =IF(記録!J52="","",記録!J52) -> 49 | E14: =IF(記録!C52="","",記録!C52) -> 56 | F14: =IF(記録!D52="","",記録!D52) -> 55 | G14: =IF(記録!E52="","",記録!E52) -> 54 | H14: =IF(記録!F52="","",記録!F52) -> 53 | I14: No.
... A16: =IF(記録!G54="","",記録!G54) -> 園田 敏雄 | B16: =IF(記録!H54="","",記録!H54) -> 近藤 治 | C16: =IF(記録!I54="","",記録!I54) -> 堀 隆教 | D16: =IF(記録!J54="","",記録!J54) -> 榊原 隆一 | E16: =IF(記録!C54="","",記録!C54) -> 堀井 恵美子 | F16: =IF(記録!D54="","",記録!D54) -> 樋田 良子 | G16: =IF(記録!E54="","",記録!E54) -> 青松 未記 | H16: =IF(記録!F54="","",記録!F54) -> 安藤 雅子 | I16: 氏 名

Sheet 愛知
A1: =IF(記録!X38="","",記録!X38) -> 0 | E1: =IF(記録!AB38="","",記録!AB38) -> 0 | I1: チーム
A2: =IF(記録!X39="","",記録!X39) -> 0 | E2: =IF(記録!AB39="","",記録!AB39) -> 0 | I2: チーム合計
A3: =IF(記録!X41="","",記録!X41) -> 0 | B3: =IF(記録!Y41="","",記録!Y41) -> 0 | C3: =IF(記録!Z41="","",記録!Z41) -> 0 | D3: =IF(記録!AA41="","",記録!AA41) -> 0 | E3: =IF(記録!AB41="","",記録!AB41) -> 0 | F3: =IF(記録!AC41="","",記録!AC41) -> 0 | G3: =IF(記録!AD41="","",記録!AD41) -> 0 | H3: =IF(記録!AE41="","",記録!AE41) -> 0 | I3: 個人合計
A4: =IF(記録!X42="","",記録!X42) -> 0 | B4: =IF(記録!Y42="","",記録!Y42) -> 0 | C4: =IF(記録!Z42="","",記録!Z42) -> 0 | D4: =IF(記録!AA42="","",記録!AA42) -> 0 | E4: =IF(記録!AB42="","",記録!AB42) -> 0 | F4: =IF(記録!AC42="","",記録!AC42) -> 0 | G4: =IF(記録!AD42="","",記録!AD42) -> 0 | H4: =IF(記録!AE42="","",記録!AE42) -> 0 | I4: 2立目 合計
A5: =IF(記録!X43="","",記録!X43) | B5: =IF(記録!Y43="","",記録!Y43) | C5: =IF(記録!Z43="","",記録!Z43) | D5: =IF(記録!AA43="","",記録!AA43) | E5: =IF(記録!AB43="","",記録!AB43) | F5: =IF(記録!AC43="","",記録!AC43) | G5: =IF(記録!AD43="","",記録!AD43) | H5: =IF(記録!AE43="","",記録!AE43) | I5: 4射
A6: =IF(記録!X44="","",記録!X44) | B6: =IF(記録!Y44="","",記録!Y44) | C6: =IF(記録!Z44="","",記録!Z44) | D6: =IF(記録!AA44="","",記録!AA44) | E6: =IF(記録!AB44="","",記録!AB44) | F6: =IF(記録!AC44="","",記録!AC44) | G6: =IF(記録!AD44="","",記録!AD44) | H6: =IF(記録!AE44="","",記録!AE44) | I6: 3射
A7: =IF(記録!X45="","",記録!X45) | B7: =IF(記録!Y45="","",記録!Y45) | C7: =IF(記録!Z45="","",記録!Z45) | D7: =IF(記録!AA45="","",記録!AA45) | E7: =IF(記録!AB45="","",記録!AB45) | F7: =IF(記録!AC45="","",記録!AC45) | G7: =IF(記録!AD45="","",記録!AD45) | H7: =IF(記録!AE45="","",記録!AE45) | I7: 2射
A8: =IF(記録!X46="","",記録!X46) | B8: =IF(記録!Y46="","",記録!Y46) | C8: =IF(記録!Z46="","",記録!Z46) | D8: =IF(記録!AA46="","",記録!AA46) | E8: =IF(記録!AB46="","",記録!AB46) | F8: =IF(記録!AC46="","",記録!AC46) | G8: =IF(記録!AD46="","",記録!AD46) | H8: =IF(記録!AE46="","",記録!AE46) | I8: 1射
A9: =IF(記録!X47="","",記録!X47) -> 0 | B9: =IF(記録!Y47="","",記録!Y47) -> 0 | C9: =IF(記録!Z47="","",記録!Z47) -> 0 | D9: =IF(記録!AA47="","",記録!AA47) -> 0 | E9: =IF(記録!AB47="","",記録!AB47) -> 0 | F9: =IF(記録!AC47="","",記録!AC47) -> 0 | G9: =IF(記録!AD47="","",記録!AD47) -> 0 | H9: =IF(記録!AE47="","",記録!AE47) -> 0 | I9: 1立目 合計
A10: =IF(記録!X48="","",記録!X48) | B10: =IF(記録!Y48="","",記録!Y48) | C10: =IF(記録!Z48="","",記録!Z48) | D10: =IF(記録!AA48="","",記録!AA48) | E10: =IF(記録!AB48="","",記録!AB48) | F10: =IF(記録!AC48="","",記録!AC48) | G10: =IF(記録!AD48="","",記録!AD48) | H10: =IF(記録!AE48="","",記録!AE48) | I10: 4射
A11: =IF(記録!X49="","",記録!X49) | B11: =IF(記録!Y49="","",記録!Y49) | C11: =IF(記録!Z49="","",記録!Z49) | D11: =IF(記録!AA49="","",記録!AA49) | E11: =IF(記録!AB49="","",記録!AB49) | F11: =IF(記録!AC49="","",記録!AC49) | G11: =IF(記録!AD49="","",記録!AD49) | H11: =IF(記録!AE49="","",記録!AE49) | I11: 3射
A12: =IF(記録!X50="","",記録!X50) | B12: =IF(記録!Y50="","",記録!Y50) | C12: =IF(記録!Z50="","",記録!Z50) | D12: =IF(記録!AA50="","",記録!AA50) | E12: =IF(記録!AB50="","",記録!AB50) | F12: =IF(記録!AC50="","",記録!AC50) | G12: =IF(記録!AD50="","",記録!AD50) | H12: =IF(記録!AE50="","",記録!AE50) | I12: 2射
A13: =IF(記録!X51="","",記録!X51) | B13: =IF(記録!Y51="","",記録!Y51) | C13: =IF(記録!Z51="","",記録!Z51) | D13: =IF(記録!AA51="","",記録!AA51) | E13: =IF(記録!AB51="","",記録!AB51) | F13: =IF(記録!AC51="","",記録!AC51) | G13: =IF(記録!AD51="","",記録!AD51) | H13: =IF(記録!AE51="","",記録!AE51) | I13: 1射
A14: =IF(記録!X52="","",記録!X52) | B14: =IF(記録!Y52="","",記録!Y52) | C14: =IF(記録!Z52="","",記録!Z52) | D14: =IF(記録!AA52="","",記録!AA52) | E14: =IF(記録!AB52="","",記録!AB52) | F14: =IF(記録!AC52="","",記録!AC52) | G14: =IF(記録!AD52="","",記録!AD52) | H14: =IF(記録!AE52="","",記録!AE52) | I14: No.
... A16: =IF(記録!X54="","",記録!X54) | B16: =IF(記録!Y54="","",記録!Y54) | C16: =IF(記録!Z54="","",記録!Z54) | D16: =IF(記録!AA54="","",記録!AA54) | E16: =IF(記録!AB54="","",記録!AB54) | F16: =IF(記録!AC54="","",記録!AC54) | G16: =IF(記録!AD54="","",記録!AD54) | H16: =IF(記録!AE54="","",記録!AE54) | I16: 氏 名
